Workbook

Sheet Population Definitions
A1: Abbreviation | B1: Full Name | C1: Population type
A2: PWID_males | B2: People Who Inject Drugs (males) | C2: human
A3: PWID_females | B3: People Who Inject Drugs (females) | C3: human
A4: 0-9_males | B4: General Population 0-9 males | C4: human
A5: 0-9_females | B5: General Population 0-9 females | C5: human
A6: 10-17_males | B6: General Population 10-17 males | C6: human
A7: 10-17_females | B7: General Population 10-17 females | C7: human
A8: 18-64_males | B8: General Population 18-64 males | C8: human
A9: 18-64_females | B9: General Population 18-64 females | C9: human
A10: 65+_males | B10: General Population 65+ males | C10: human
A11: 65+_females | B11: General Population 65+ females | C11: human
A12: Prisoners_males | B12: Prisoners (males) | C12: human
... A15: Prisoners_PWID_females | B15: Prisoners (females) | C15: human

Sheet Disease Burden
A1: Population living with chronic HCV | B1: Provenance | C1: Units | D1: Uncertainty | E1: 2000 | F1: 2001 | G1: 2002 | H1: 2003 | I1: 2004 | J1: 2005 | K1: 2006 | L1: 2007 | M1: 2008 | N1: 2009 | O1: 2010 | P1: 2011 | Q1: 2012 | R1: 2013 | S1: 2014 | T1: 2015 | U1: 2016 | V1: 2017 | W1: 2018 | X1: 2019 | Y1: 2020 | Z1: 2021 | AA1: 2022 | AB1: 2023 | AC1: 2024 | AD1: 2025 | AE1: 2026 | AF1: 2027 | AG1: 2028 | AH1: 2029 | AI1: 2030 | AJ1: 2031 | AK1: 2032 | AL1: 2033 | AM1: 2034 | AN1: 2035 | AO1: 2036 | AP1: 2037 | AQ1: 2038 | AR1: 2039 | AS1: 2040 | AT1: 2041 | AU1: 2042 | AV1: 2043 | AW1: 2044 | AX1: 2045 | AY1: 2046 | AZ1: 2047 | BA1: 2048 | BB1: 2049 | BC1: 2050
A2: ='Population Definitions'!$A$2 -> PWID_males | C2: Number | E2: 18484.024
A3: ='Population Definitions'!$A$3 -> PWID_females | C3: Number | E3: 5216.1312
A4: ='Population Definitions'!$A$4 -> 0-9_males | C4: Number | E4: 0
A5: ='Population Definitions'!$A$5 -> 0-9_females | C5: Number | E5: 0
A6: ='Population Definitions'!$A$6 -> 10-17_males | C6: Number | E6: 0
A7: ='Population Definitions'!$A$7 -> 10-17_females | C7: Number | E7: 0
A8: ='Population Definitions'!$A$8 -> 18-64_males | C8: Number | E8: 35651.658
A9: ='Population Definitions'!$A$9 -> 18-64_females | C9: Number | E9: 37715.531
A10: ='Population Definitions'!$A$10 -> 65+_males | C10: Number | E10: 2042.6865
A11: ='Population Definitions'!$A$11 -> 65+_females | C11: Number | E11: 2514.0493
A12: ='Population Definitions'!$A$12 -> Prisoners_males | C12: Number | E12: 52.517131
A13: ='Population Definitions'!$A$13 -> Prisoners_females | C13: Number | E13: 1.7922082
A14: ='Population Definitions'!$A$14 -> Prisoners_PWID_males | C14: Number | E14: 5656.5736
A15: ='Population Definitions'!$A$15 -> Prisoners_PWID_females | C15: Number | E15: 193.03715
A17: HCV Prevalence | B17: Provenance | C17: Units | D17: Uncertainty | E17: 2000 | F17: 2001 | G17: 2002 | H17: 2003 | I17: 2004 | J17: 2005 | K17: 2006 | L17: 2007 | M17: 2008 | N17: 2009 | O17: 2010 | P17: 2011 | Q17: 2012 | R17: 2013 | S17: 2014 | T17: 2015 | U17: 2016 | V17: 2017 | W17: 2018 | X17: 2019 | Y17: 2020 | Z17: 2021 | AA17: 2022 | AB17: 2023 | AC17: 2024 | AD17: 2025 | AE17: 2026 | AF17: 2027 | AG17: 2028 | AH17: 2029 | AI17: 2030 | AJ17: 2031 | AK17: 2032 | AL17: 2033 | AM17: 2034 | AN17: 2035 | AO17: 2036 | AP17: 2037 | AQ17: 2038 | AR17: 2039 | AS17: 2040 | AT17: 2041 | AU17: 2042 | AV17: 2043 | AW17: 2044 | AX17: 2045 | AY17: 2046 | AZ17: 2047 | BA17: 2048 | BB17: 2049 | BC17: 2050
A18: ='Population Definitions'!$A$2 -> PWID_males | C18: Fraction | E18: 0.208 | O18: 0.208 | T18: 0.208 | V18: 0.171
A19: ='Population Definitions'!$A$3 -> PWID_females | C19: Fraction | E19: 0.208 | O19: 0.208 | T19: 0.208 | V19: 0.171
A20: ='Population Definitions'!$A$4 -> 0-9_males | C20: Fraction | E20: 0 | O20: 0
A21: ='Population Definitions'!$A$5 -> 0-9_females | C21: Fraction | E21: 0 | O21: 0
A22: ='Population Definitions'!$A$6 -> 10-17_males | C22: Fraction | E22: 0 | O22: 0
A23: ='Population Definitions'!$A$7 -> 10-17_females | C23: Fraction | E23: 0 | O23: 0
A24: ='Population Definitions'!$A$8 -> 18-64_males | C24: Fraction | E24: 0.0047628282 | O24: 0
A25: ='Population Definitions'!$A$9 -> 18-64_females | C25: Fraction | E25: 0.0047628282 | O25: 0
A26: ='Population Definitions'!$A$10 -> 65+_males | C26: Fraction | E26: 0.0047628282 | O26: 0
A27: ='Population Definitions'!$A$11 -> 65+_females | C27: Fraction | E27: 0.0047628282 | O27: 0
A28: ='Population Definitions'!$A$12 -> Prisoners_males | C28: Fraction | E28: 0.0047628282 | O28: 0
A29: ='Population Definitions'!$A$13 -> Prisoners_females | C29: Fraction | E29: 0.0047628282 | O29: 0
A30: ='Population Definitions'!$A$14 -> Prisoners_PWID_males | C30: Fraction | E30: 0.171 | O30: 0.171
A31: ='Population Definitions'!$A$15 -> Prisoners_PWID_females | C31: Fraction | E31: 0.171 | O31: 0.171
A33: Proportion who have F0-F2 | B33: Provenance | C33: Units | D33: Uncertainty | E33: Constant | G33: 2000 | H33: 2001 | I33: 2002 | J33: 2003 | K33: 2004 | L33: 2005 | M33: 2006 | N33: 2007 | O33: 2008 | P33: 2009 | Q33: 2010 | R33: 2011 | S33: 2012 | T33: 2013 | U33: 2014 | V33: 2015 | W33: 2016 | X33: 2017 | Y33: 2018 | Z33: 2019 | AA33: 2020 | AB33: 2021 | AC33: 2022 | AD33: 2023 | AE33: 2024 | AF33: 2025 | AG33: 2026 | AH33: 2027 | AI33: 2028 | AJ33: 2029 | AK33: 2030 | AL33: 2031 | AM33: 2032 | AN33: 2033 | AO33: 2034 | AP33: 2035 | AQ33: 2036 | AR33: 2037 | AS33: 2038 | AT33: 2039 | AU33: 2040 | AV33: 2041 | AW33: 2042 | AX33: 2043 | AY33: 2044 | AZ33: 2045 | BA33: 2046 | BB33: 2047 | BC33: 2048 | BD33: 2049 | BE33: 2050
A34: ='Population Definitions'!$A$2 -> PWID_males | C34: Fraction | E34: 0.945 | F34: OR
A35: ='Population Definitions'!$A$3 -> PWID_females | C35: Fraction | E35: 0.945 | F35: OR
A36: ='Population Definitions'!$A$4 -> 0-9_males | C36: Fraction | E36: 0.945 | F36: OR
A37: ='Population Definitions'!$A$5 -> 0-9_females | C37: Fraction | E37: 0.945 | F37: OR
A38: ='Population Definitions'!$A$6 -> 10-17_males | C38: Fraction | E38: 0.945 | F38: OR
A39: ='Population Definitions'!$A$7 -> 10-17_females | C39: Fraction | E39: 0.945 | F39: OR
A40: ='Population Definitions'!$A$8 -> 18-64_males | C40: Fraction | E40: 0.945 | F40: OR
A41: ='Population Definitions'!$A$9 -> 18-64_females | C41: Fraction | E41: 0.945 | F41: OR
A42: ='Population Definitions'!$A$10 -> 65+_males | C42: Fraction | E42: 0.945 | F42: OR
A43: ='Population Definitions'!$A$11 -> 65+_females | C43: Fraction | E43: 0.945 | F43: OR
A44: ='Population Definitions'!$A$12 -> Prisoners_males | C44: Fraction | E44: 0.945 | F44: OR
A45: ='Population Definitions'!$A$13 -> Prisoners_females | C45: Fraction | E45: 0.945 | F45: OR
A46: ='Population Definitions'!$A$14 -> Prisoners_PWID_males | C46: Fraction | E46: 0.945 | F46: OR
A47: ='Population Definitions'!$A$15 -> Prisoners_PWID_females | C47: Fraction | E47: 0.945 | F47: OR
A49: Proportion who have F3 | B49: Provenance | C49: Units | D49: Uncertainty | E49: Constant | G49: 2000 | H49: 2001 | I49: 2002 | J49: 2003 | K49: 2004 | L49: 2005 | M49: 2006 | N49: 2007 | O49: 2008 | P49: 2009 | Q49: 2010 | R49: 2011 | S49: 2012 | T49: 2013 | U49: 2014 | V49: 2015 | W49: 2016 | X49: 2017 | Y49: 2018 | Z49: 2019 | AA49: 2020 | AB49: 2021 | AC49: 2022 | AD49: 2023 | AE49: 2024 | AF49: 2025 | AG49: 2026 | AH49: 2027 | AI49: 2028 | AJ49: 2029 | AK49: 2030 | AL49: 2031 | AM49: 2032 | AN49: 2033 | AO49: 2034 | AP49: 2035 | AQ49: 2036 | AR49: 2037 | AS49: 2038 | AT49: 2039 | AU49: 2040 | AV49: 2041 | AW49: 2042 | AX49: 2043 | AY49: 2044 | AZ49: 2045 | BA49: 2046 | BB49: 2047 | BC49: 2048 | BD49: 2049 | BE49: 2050
A50: ='Population Definitions'!$A$2 -> PWID_males | C50: Fraction | E50: 0.03 | F50: OR
A51: ='Population Definitions'!$A$3 -> PWID_females | C51: Fraction | E51: 0.03 | F51: OR
A52: ='Population Definitions'!$A$4 -> 0-9_males | C52: Fraction | E52: 0.03 | F52: OR
A53: ='Population Definitions'!$A$5 -> 0-9_females | C53: Fraction | E53: 0.03 | F53: OR
A54: ='Population Definitions'!$A$6 -> 10-17_males | C54: Fraction | E54: 0.03 | F54: OR
A55: ='Population Definitions'!$A$7 -> 10-17_females | C55: Fraction | E55: 0.03 | F55: OR
A56: ='Population Definitions'!$A$8 -> 18-64_males | C56: Fraction | E56: 0.03 | F56: OR
A57: ='Population Definitions'!$A$9 -> 18-64_females | C57: Fraction | E57: 0.03 | F57: OR
A58: ='Population Definitions'!$A$10 -> 65+_males | C58: Fraction | E58: 0.03 | F58: OR
A59: ='Population Definitions'!$A$11 -> 65+_females | C59: Fraction | E59: 0.03 | F59: OR
A60: ='Population Definitions'!$A$12 -> Prisoners_males | C60: Fraction | E60: 0.03 | F60: OR
A61: ='Population Definitions'!$A$13 -> Prisoners_females | C61: Fraction | E61: 0.03 | F61: OR
A62: ='Population Definitions'!$A$14 -> Prisoners_PWID_males | C62: Fraction | E62: 0.03 | F62: OR
A63: ='Population Definitions'!$A$15 -> Prisoners_PWID_females | C63: Fraction | E63: 0.03 | F63: OR
A65: Proportion who have F4 | B65: Provenance | C65: Units | D65: Uncertainty | E65: Constant | G65: 2000 | H65: 2001 | I65: 2002 | J65: 2003 | K65: 2004 | L65: 2005 | M65: 2006 | N65: 2007 | O65: 2008 | P65: 2009 | Q65: 2010 | R65: 2011 | S65: 2012 | T65: 2013 | U65: 2014 | V65: 2015 | W65: 2016 | X65: 2017 | Y65: 2018 | Z65: 2019 | AA65: 2020 | AB65: 2021 | AC65: 2022 | AD65: 2023 | AE65: 2024 | AF65: 2025 | AG65: 2026 | AH65: 2027 | AI65: 2028 | AJ65: 2029 | AK65: 2030 | AL65: 2031 | AM65: 2032 | AN65: 2033 | AO65: 2034 | AP65: 2035 | AQ65: 2036 | AR65: 2037 | AS65: 2038 | AT65: 2039 | AU65: 2040 | AV65: 2041 | AW65: 2042 | AX65: 2043 | AY65: 2044 | AZ65: 2045 | BA65: 2046 | BB65: 2047 | BC65: 2048 | BD65: 2049 | BE65: 2050
A66: ='Population Definitions'!$A$2 -> PWID_males | C66: Fraction | E66: 0.02 | F66: OR
A67: ='Population Definitions'!$A$3 -> PWID_females | C67: Fraction | E67: 0.02 | F67: OR
A68: ='Population Definitions'!$A$4 -> 0-9_males | C68: Fraction | E68: 0.02 | F68: OR
A69: ='Population Definitions'!$A$5 -> 0-9_females | C69: Fraction | E69: 0.02 | F69: OR
A70: ='Population Definitions'!$A$6 -> 10-17_males | C70: Fraction | E70: 0.02 | F70: OR
A71: ='Population Definitions'!$A$7 -> 10-17_females | C71: Fraction | E71: 0.02 | F71: OR
A72: ='Population Definitions'!$A$8 -> 18-64_males | C72: Fraction | E72: 0.02 | F72: OR
A73: ='Population Definitions'!$A$9 -> 18-64_females | C73: Fraction | E73: 0.02 | F73: OR
A74: ='Population Definitions'!$A$10 -> 65+_males | C74: Fraction | E74: 0.02 | F74: OR
A75: ='Population Definitions'!$A$11 -> 65+_females | C75: Fraction | E75: 0.02 | F75: OR
A76: ='Population Definitions'!$A$12 -> Prisoners_males | C76: Fraction | E76: 0.02 | F76: OR
A77: ='Population Definitions'!$A$13 -> Prisoners_females | C77: Fraction | E77: 0.02 | F77: OR
A78: ='Population Definitions'!$A$14 -> Prisoners_PWID_males | C78: Fraction | E78: 0.02 | F78: OR
A79: ='Population Definitions'!$A$15 -> Prisoners_PWID_females | C79: Fraction | E79: 0.02 | F79: OR
A81: Proportion who have DC | B81: Provenance | C81: Units | D81: Uncertainty | E81: Constant | G81: 2000 | H81: 2001 | I81: 2002 | J81: 2003 | K81: 2004 | L81: 2005 | M81: 2006 | N81: 2007 | O81: 2008 | P81: 2009 | Q81: 2010 | R81: 2011 | S81: 2012 | T81: 2013 | U81: 2014 | V81: 2015 | W81: 2016 | X81: 2017 | Y81: 2018 | Z81: 2019 | AA81: 2020 | AB81: 2021 | AC81: 2022 | AD81: 2023 | AE81: 2024 | AF81: 2025 | AG81: 2026 | AH81: 2027 | AI81: 2028 | AJ81: 2029 | AK81: 2030 | AL81: 2031 | AM81: 2032 | AN81: 2033 | AO81: 2034 | AP81: 2035 | AQ81: 2036 | AR81: 2037 | AS81: 2038 | AT81: 2039 | AU81: 2040 | AV81: 2041 | AW81: 2042 | AX81: 2043 | AY81: 2044 | AZ81: 2045 | BA81: 2046 | BB81: 2047 | BC81: 2048 | BD81: 2049 | BE81: 2050
A82: ='Population Definitions'!$A$2 -> PWID_males | C82: Fraction | E82: 0.0045 | F82: OR
A83: ='Population Definitions'!$A$3 -> PWID_females | C83: Fraction | E83: 0.0045 | F83: OR
A84: ='Population Definitions'!$A$4 -> 0-9_males | C84: Fraction | E84: 0.0045 | F84: OR
A85: ='Population Definitions'!$A$5 -> 0-9_females | C85: Fraction | E85: 0.0045 | F85: OR
A86: ='Population Definitions'!$A$6 -> 10-17_males | C86: Fraction | E86: 0.0045 | F86: OR
A87: ='Population Definitions'!$A$7 -> 10-17_females | C87: Fraction | E87: 0.0045 | F87: OR
A88: ='Population Definitions'!$A$8 -> 18-64_males | C88: Fraction | E88: 0.0045 | F88: OR
A89: ='Population Definitions'!$A$9 -> 18-64_females | C89: Fraction | E89: 0.0045 | F89: OR
A90: ='Population Definitions'!$A$10 -> 65+_males | C90: Fraction | E90: 0.0045 | F90: OR
A91: ='Population Definitions'!$A$11 -> 65+_females | C91: Fraction | E91: 0.0045 | F91: OR
A92: ='Population Definitions'!$A$12 -> Prisoners_males | C92: Fraction | E92: 0.0045 | F92: OR
A93: ='Population Definitions'!$A$13 -> Prisoners_females | C93: Fraction | E93: 0.0045 | F93: OR
A94: ='Population Definitions'!$A$14 -> Prisoners_PWID_males | C94: Fraction | E94: 0.0045 | F94: OR
A95: ='Population Definitions'!$A$15 -> Prisoners_PWID_females | C95: Fraction | E95: 0.0045 | F95: OR
A97: Proportion who have HCC | B97: Provenance | C97: Units | D97: Uncertainty | E97: Constant | G97: 2000 | H97: 2001 | I97: 2002 | J97: 2003 | K97: 2004 | L97: 2005 | M97: 2006 | N97: 2007 | O97: 2008 | P97: 2009 | Q97: 2010 | R97: 2011 | S97: 2012 | T97: 2013 | U97: 2014 | V97: 2015 | W97: 2016 | X97: 2017 | Y97: 2018 | Z97: 2019 | AA97: 2020 | AB97: 2021 | AC97: 2022 | AD97: 2023 | AE97: 2024 | AF97: 2025 | AG97: 2026 | AH97: 2027 | AI97: 2028 | AJ97: 2029 | AK97: 2030 | AL97: 2031 | AM97: 2032 | AN97: 2033 | AO97: 2034 | AP97: 2035 | AQ97: 2036 | AR97: 2037 | AS97: 2038 | AT97: 2039 | AU97: 2040 | AV97: 2041 | AW97: 2042 | AX97: 2043 | AY97: 2044 | AZ97: 2045 | BA97: 2046 | BB97: 2047 | BC97: 2048 | BD97: 2049 | BE97: 2050
A98: ='Population Definitions'!$A$2 -> PWID_males | C98: Fraction | E98: 0.0005 | F98: OR
A99: ='Population Definitions'!$A$3 -> PWID_females | C99: Fraction | E99: 0.0005 | F99: OR
A100: ='Population Definitions'!$A$4 -> 0-9_males | C100: Fraction | E100: 0.0005 | F100: OR
A101: ='Population Definitions'!$A$5 -> 0-9_females | C101: Fraction | E101: 0.0005 | F101: OR
A102: ='Population Definitions'!$A$6 -> 10-17_males | C102: Fraction | E102: 0.0005 | F102: OR
A103: ='Population Definitions'!$A$7 -> 10-17_females | C103: Fraction | E103: 0.0005 | F103: OR
A104: ='Population Definitions'!$A$8 -> 18-64_males | C104: Fraction | E104: 0.0005 | F104: OR
A105: ='Population Definitions'!$A$9 -> 18-64_females | C105: Fraction | E105: 0.0005 | F105: OR
A106: ='Population Definitions'!$A$10 -> 65+_males | C106: Fraction | E106: 0.0005 | F106: OR
...

Sheet Demographics
A1: Population size | B1: Provenance | C1: Units | D1: Uncertainty | E1: 2000 | F1: 2001 | G1: 2002 | H1: 2003 | I1: 2004 | J1: 2005 | K1: 2006 | L1: 2007 | M1: 2008 | N1: 2009 | O1: 2010 | P1: 2011 | Q1: 2012 | R1: 2013 | S1: 2014 | T1: 2015 | U1: 2016 | V1: 2017 | W1: 2018 | X1: 2019 | Y1: 2020 | Z1: 2021 | AA1: 2022 | AB1: 2023 | AC1: 2024 | AD1: 2025 | AE1: 2026 | AF1: 2027 | AG1: 2028 | AH1: 2029 | AI1: 2030 | AJ1: 2031 | AK1: 2032 | AL1: 2033 | AM1: 2034 | AN1: 2035 | AO1: 2036 | AP1: 2037 | AQ1: 2038 | AR1: 2039 | AS1: 2040 | AT1: 2041 | AU1: 2042 | AV1: 2043 | AW1: 2044 | AX1: 2045 | AY1: 2046 | AZ1: 2047 | BA1: 2048 | BB1: 2049 | BC1: 2050
A2: ='Population Definitions'!$A$2 -> PWID_males | C2: Number | E2: 88865.5 | O2: 88865.5 | Q2: 88865.5
A3: ='Population Definitions'!$A$3 -> PWID_females | C3: Number | E3: 25077.554 | O3: 25077.554 | Q3: 25077.554
A4: ='Population Definitions'!$A$4 -> 0-9_males | C4: Number | E4: 5496435.5 | F4: 5654456 | G4: 5820044.5 | H4: 5997669.5 | I4: 6188140 | J4: 6384993 | K4: 6581814 | L4: 6776079 | M4: 6964779.5 | N4: 7146785 | O4: 7328745 | P4: 7510044 | Q4: 7693403 | R4: 7887884.5 | S4: 8089046 | T4: 8289534.5 | U4: 8497360.5 | V4: 8725621 | W4: 8969952 | X4: 9221171 | Y4: 9477342.5 | Z4: 9740394 | AA4: 10005196 | AB4: 10259843 | AC4: 10501854 | AD4: 10740174 | AE4: 10972616 | AF4: 11189496 | AG4: 11394108 | AH4: 11595192 | AI4: 11795790 | AJ4: 11995766 | AK4: 12192366 | AL4: 12384580 | AM4: 12578612 | AN4: 12776232 | AO4: 12974713 | AP4: 13171382 | AQ4: 13369346 | AR4: 13569805 | AS4: 13769714 | AT4: 13965998 | AU4: 14162940 | AV4: 14363198 | AW4: 14561610 | AX4: 14754628 | AY4: 14947092 | AZ4: 15145052 | BA4: 15339733 | BB4: 15523236 | BC4: 15701498
A5: ='Population Definitions'!$A$5 -> 0-9_females | C5: Number | E5: 5428218.5 | F5: 5585890 | G5: 5751513.5 | H5: 5929275.5 | I5: 6119774 | J5: 6316481 | K5: 6512554 | L5: 6704988.5 | M5: 6890862 | N5: 7069197 | O5: 7246217 | P5: 7421380 | Q5: 7597435 | R5: 7783386 | S5: 7975216.5 | T5: 8166025.5 | U5: 8363809.5 | V5: 8581411 | W5: 8814190.5 | X5: 9052903.5 | Y5: 9296462 | Z5: 9547543.5 | AA5: 9800557.5 | AB5: 10043351 | AC5: 10274006 | AD5: 10501792 | AE5: 10724832 | AF5: 10933631 | AG5: 11131159 | AH5: 11325725 | AI5: 11520421 | AJ5: 11715113 | AK5: 11906974 | AL5: 12094876 | AM5: 12284754 | AN5: 12478393 | AO5: 12673120 | AP5: 12866176 | AQ5: 13060408 | AR5: 13257086 | AS5: 13453225 | AT5: 13645440 | AU5: 13838186 | AV5: 14034344 | AW5: 14228782 | AX5: 14417939 | AY5: 14606427 | AZ5: 14800148 | BA5: 14990674 | BB5: 15170100 | BC5: 15344050
A6: ='Population Definitions'!$A$6 -> 10-17_males | C6: Number | E6: 3362471 | F6: 3435115.5 | G6: 3507199.5 | H6: 3582993.5 | I6: 3665830 | J6: 3760245.5 | K6: 3864528.5 | L6: 3975091 | M6: 4093054.5 | N6: 4215733 | O6: 4348047 | P6: 4494735.5 | Q6: 4646665.5 | R6: 4801682 | S6: 4961721.5 | T6: 5134144 | U6: 5311730 | V6: 5480378 | W6: 5638372 | X6: 5788664 | Y6: 5938850.5 | Z6: 6084186 | AA6: 6223099 | AB6: 6368015 | AC6: 6525898 | AD6: 6692886.5 | AE6: 6872389 | AF6: 7070927.5 | AG6: 7282703.5 | AH6: 7502680.5 | AI6: 7723206.5 | AJ6: 7933163 | AK6: 8132520.5 | AL6: 8331168 | AM6: 8525934.5 | AN6: 8705459 | AO6: 8873937.5 | AP6: 9038635 | AQ6: 9200670 | AR6: 9360476 | AS6: 9517563.5 | AT6: 9673107 | AU6: 9826711 | AV6: 9979369 | AW6: 10134926 | AX6: 10293788 | AY6: 10454552 | AZ6: 10613397 | BA6: 10772130 | BB6: 10931772 | BC6: 11092368
A7: ='Population Definitions'!$A$7 -> 10-17_females | C7: Number | E7: 3334351.5 | F7: 3404909.5 | G7: 3475800.5 | H7: 3550159 | I7: 3631556 | J7: 3724555 | K7: 3827689.5 | L7: 3937409.5 | M7: 4055389.5 | N7: 4179983.5 | O7: 4313113 | P7: 4458307.5 | Q7: 4608922.5 | R7: 4762767.5 | S7: 4922075 | T7: 5092128 | U7: 5265927 | V7: 5431463 | W7: 5587430 | X7: 5735910.5 | Y7: 5881996.5 | Z7: 6021321 | AA7: 6153303.5 | AB7: 6290565.5 | AC7: 6439921 | AD7: 6598003.5 | AE7: 6768316.5 | AF7: 6956955.5 | AG7: 7158597 | AH7: 7368487 | AI7: 7579237 | AJ7: 7779885 | AK7: 7970233 | AL7: 8160254.5 | AM7: 8347304.5 | AN7: 8520381 | AO7: 8683331.5 | AP7: 8843123 | AQ7: 9000719.5 | AR7: 9156479.5 | AS7: 9310216.5 | AT7: 9463023.5 | AU7: 9614116 | AV7: 9764202.5 | AW7: 9917108 | AX7: 10073422 | AY7: 10231756 | AZ7: 10388293 | BA7: 10544436 | BB7: 10701277 | BC7: 10859218
A8: ='Population Definitions'!$A$8 -> 18-64_males | C8: Number | E8: 7485396.6 | F8: 7706212.1 | G8: 7902768.6 | H8: 8104957.6 | I8: 8311534.1 | J8: 8524475.7 | K8: 8747026.2 | L8: 8978258.7 | M8: 9199139.2 | N8: 9369762.7 | O8: 9565245.2 | P8: 9845210.5 | Q8: 10151484 | R8: 10502987 | S8: 10884849 | T8: 11345737 | U8: 11870689 | V8: 12390503 | W8: 12866615 | X8: 13306637 | Y8: 13776947 | Z8: 14278893 | AA8: 14797127 | AB8: 15329976 | AC8: 16096652 | AD8: 16670365 | AE8: 17252569 | AF8: 17841130 | AG8: 18438272 | AH8: 19045458 | AI8: 19666397 | AJ8: 20310252 | AK8: 20977110 | AL8: 21654336 | AM8: 22348074 | AN8: 23064825 | AO8: 23799414 | AP8: 24547341 | AQ8: 25305385 | AR8: 26074469 | AS8: 26854018 | AT8: 27645631 | AU8: 28450956 | AV8: 29266388 | AW8: 30090718 | AX8: 30927160 | AY8: 31771583 | AZ8: 32622381 | BA8: 33481487 | BB8: 34346870 | BC8: 35217788
A9: ='Population Definitions'!$A$9 -> 18-64_females | C9: Number | E9: 7918725.8 | F9: 8157705.8 | G9: 8389100.8 | H9: 8627130.8 | I9: 8871318.3 | J9: 9122809.2 | K9: 9383622.7 | L9: 9653159.2 | M9: 9919916.7 | N9: 10163332 | O9: 10421422 | P9: 10720472 | Q9: 11040878 | R9: 11392326 | S9: 11769863 | T9: 12193387 | U9: 12657089 | V9: 13125993 | W9: 13580832 | X9: 14026369 | Y9: 14495799 | Z9: 14991064 | AA9: 15503631 | AB9: 16033678 | AC9: 16606026 | AD9: 17168663 | AE9: 17741952 | AF9: 18324464 | AG9: 18918425 | AH9: 19525282 | AI9: 20148378 | AJ9: 20796338 | AK9: 21468829 | AL9: 22152527 | AM9: 22852583 | AN9: 23574670 | AO9: 24313421 | AP9: 25064101 | AQ9: 25822992 | AR9: 26590020 | AS9: 27364622 | AT9: 28148463 | AU9: 28943300 | AV9: 29746184 | AW9: 30556661 | AX9: 31379140 | AY9: 32209740 | AZ9: 33047011 | BA9: 33893223 | BB9: 34746475 | BC9: 35606249
A10: ='Population Definitions'!$A$10 -> 65+_males | C10: Number | E10: 428881 | F10: 438506 | G10: 448965.5 | H10: 460354 | I10: 472617 | J10: 485876.5 | K10: 500430 | L10: 516484 | M10: 534153 | N10: 553393 | O10: 574138.5 | P10: 596344.5 | Q10: 619665.5 | R10: 642575 | S10: 663772.5 | T10: 683667.5 | U10: 702968.5 | V10: 721861 | W10: 740031.5 | X10: 757174 | Y10: 772868.5 | Z10: 786933.5 | AA10: 801639 | AB10: 817298 | AC10: 832241 | AD10: 847347 | AE10: 863485 | AF10: 881373 | AG10: 902051.5 | AH10: 926535.5 | AI10: 955690.5 | AJ10: 990447.5 | AK10: 1031277 | AL10: 1077823 | AM10: 1130219 | AN10: 1188254.5 | AO10: 1251592.5 | AP10: 1319593.5 | AQ10: 1391370.5 | AR10: 1466616.5 | AS10: 1544471.5 | AT10: 1623572 | AU10: 1704009.5 | AV10: 1786126.5 | AW10: 1869977.5 | AX10: 1956217.5 | AY10: 2044787.5 | AZ10: 2136208 | BA10: 2231259.5 | BB10: 2329278.5 | BC10: 2430002
A11: ='Population Definitions'!$A$11 -> 65+_females | C11: Number | E11: 527848 | F11: 537693.5 | G11: 548100 | H11: 559204.5 | I11: 571088.5 | J11: 584024.5 | K11: 598622 | L11: 615427 | M11: 634818 | N11: 657180 | O11: 682944.5 | P11: 712320.5 | Q11: 745254 | R11: 779968 | S11: 814414.5 | T11: 849735 | U11: 887836 | V11: 929056.5 | W11: 973117.5 | X11: 1019458 | Y11: 1067894.5 | Z11: 1115439 | AA11: 1162397 | AB11: 1210009 | AC11: 1255416.5 | AD11: 1298491.5 | AE11: 1339479.5 | AF11: 1378689 | AG11: 1417033 | AH11: 1455693 | AI11: 1495861.5 | AJ11: 1538831 | AK11: 1585682.5 | AL11: 1636785 | AM11: 1693055 | AN11: 1755072.5 | AO11: 1823141 | AP11: 1897284.5 | AQ11: 1977438 | AR11: 2064435.5 | AS11: 2157385.5 | AT11: 2255103.5 | AU11: 2357917 | AV11: 2465840.5 | AW11: 2578347.5 | AX11: 2695037 | AY11: 2815595 | AZ11: 2940394 | BA11: 3070217.5 | BB11: 3204255.5 | BC11: 3341788
A12: ='Population Definitions'!$A$12 -> Prisoners_males | C12: Number | E12: 11026.459 | J12: 11221.068 | P12: 9262.2495 | T12: 8308.566 | Y12: 7833.777 | AA12: 7890.0465
A13: ='Population Definitions'!$A$13 -> Prisoners_females | C13: Number | E13: 376.29075 | J13: 382.932 | P13: 326.0005 | T13: 292.434 | Y13: 275.723 | AA13: 277.7035
A14: ='Population Definitions'!$A$14 -> Prisoners_PWID_males | C14: Number | E14: 33079.378 | J14: 33663.204 | P14: 27786.749 | T14: 24925.698 | Y14: 23501.331 | AA14: 23670.14
A15: ='Population Definitions'!$A$15 -> Prisoners_PWID_females | C15: Number | E15: 1128.8723 | J15: 1148.796 | P15: 978.0015 | T15: 877.302 | Y15: 827.169 | AA15: 833.1105
A17: Number of live births | B17: Provenance | C17: Units | D17: Uncertainty | E17: Constant | G17: 2000 | H17: 2001 | I17: 2002 | J17: 2003 | K17: 2004 | L17: 2005 | M17: 2006 | N17: 2007 | O17: 2008 | P17: 2009 | Q17: 2010 | R17: 2011 | S17: 2012 | T17: 2013 | U17: 2014 | V17: 2015 | W17: 2016 | X17: 2017 | Y17: 2018 | Z17: 2019 | AA17: 2020 | AB17: 2021 | AC17: 2022 | AD17: 2023 | AE17: 2024 | AF17: 2025 | AG17: 2026 | AH17: 2027 | AI17: 2028 | AJ17: 2029 | AK17: 2030 | AL17: 2031 | AM17: 2032 | AN17: 2033 | AO17: 2034 | AP17: 2035 | AQ17: 2036 | AR17: 2037 | AS17: 2038 | AT17: 2039 | AU17: 2040 | AV17: 2041 | AW17: 2042 | AX17: 2043 | AY17: 2044 | AZ17: 2045 | BA17: 2046 | BB17: 2047 | BC17: 2048 | BD17: 2049 | BE17: 2050
A18: ='Population Definitions'!$A$2 -> PWID_males | C18: Number (per year) | E18: 0 | F18: OR
A19: ='Population Definitions'!$A$3 -> PWID_females | C19: Number (per year) | E19: 0 | F19: OR
A20: ='Population Definitions'!$A$4 -> 0-9_males | C20: Number (per year) | F20: OR | G20: 719808.76 | H20: 736844.19 | I20: 752034.46 | J20: 775262.57 | K20: 799902.01 | L20: 821585.31 | M20: 834896.44 | N20: 842062.92 | O20: 852853.65 | P20: 864952.7 | Q20: 878457.55 | R20: 888290.64 | S20: 914553.38 | T20: 950104.2 | U20: 978935.81 | V20: 992076.77 | W20: 1027223 | X20: 1061537 | Y20: 1087540.9 | Z20: 1107397.7 | AA20: 1127246.7 | AB20: 1148133.9 | AC20: 1170093.7 | AD20: 1191102.5 | AE20: 1211201.1 | AF20: 1228099.2 | AG20: 1248539.5 | AH20: 1266290.9 | AI20: 1283770.6 | AJ20: 1303302.8 | AK20: 1322353.7 | AL20: 1343751.9 | AM20: 1358786.9 | AN20: 1379193.9 | AO20: 1402625.1 | AP20: 1423019.1 | AQ20: 1441669 | AR20: 1457158.8 | AS20: 1480885.5 | AT20: 1500196.4 | AU20: 1519434.1 | AV20: 1534620.1 | AW20: 1557342.3 | AX20: 1576488.2 | AY20: 1596655 | AZ20: 1607747.8 | BA20: 1635037.1 | BB20: 1653776.3 | BC20: 1666334.1 | BD20: 1674945.5 | BE20: 1695039.1
A21: ='Population Definitions'!$A$5 -> 0-9_females | C21: Number (per year) | F21: OR | G21: 702938.24 | H21: 720277.81 | I21: 735126.54 | J21: 757832.43 | K21: 782682.99 | L21: 803113.69 | M21: 816125.56 | N21: 822327.08 | O21: 832052.35 | P21: 843856.3 | Q21: 856196.45 | R21: 865780.36 | S21: 890509.62 | T21: 925125.8 | U21: 952272.19 | V21: 965055.23 | W21: 998273.04 | X21: 1031620 | Y21: 1056891.1 | Z21: 1075143.3 | AA21: 1094414.3 | AB21: 1114693.1 | AC21: 1136013.3 | AD21: 1155288.5 | AE21: 1174782.9 | AF21: 1191172.8 | AG21: 1210998.5 | AH21: 1228216.1 | AI21: 1245170.4 | AJ21: 1264115.2 | AK21: 1282593.3 | AL21: 1303348.1 | AM21: 1317931.1 | AN21: 1336428.1 | AO21: 1359132.9 | AP21: 1380231.9 | AQ21: 1398321 | AR21: 1413345.2 | AS21: 1434966.5 | AT21: 1455088.6 | AU21: 1473747.9 | AV21: 1487034.9 | AW21: 1509052.7 | AX21: 1527604.8 | AY21: 1548647 | AZ21: 1559406.2 | BA21: 1585874.9 | BB21: 1604050.7 | BC21: 1616230.9 | BD21: 1624583.5 | BE21: 1644072.9
A22: ='Population Definitions'!$A$6 -> 10-17_males | C22: Number (per year) | E22: 0 | F22: OR
A23: ='Population Definitions'!$A$7 -> 10-17_females | C23: Number (per year) | E23: 0 | F23: OR
A24: ='Population Definitions'!$A$8 -> 18-64_males | C24: Number (per year) | E24: 0 | F24: OR
A25: ='Population Definitions'!$A$9 -> 18-64_females | C25: Number (per year) | E25: 0 | F25: OR
A26: ='Population Definitions'!$A$10 -> 65+_males | C26: Number (per year) | E26: 0 | F26: OR
A27: ='Population Definitions'!$A$11 -> 65+_females | C27: Number (per year) | E27: 0 | F27: OR
A28: ='Population Definitions'!$A$12 -> Prisoners_males | C28: Number (per year) | E28: 0 | F28: OR
A29: ='Population Definitions'!$A$13 -> Prisoners_females | C29: Number (per year) | E29: 0 | F29: OR
A30: ='Population Definitions'!$A$14 -> Prisoners_PWID_males | C30: Number (per year) | E30: 0 | F30: OR
A31: ='Population Definitions'!$A$15 -> Prisoners_PWID_females | C31: Number (per year) | E31: 0 | F31: OR
A33: Net migration rate | B33: Provenance | C33: Units | D33: Uncertainty | E33: Constant | G33: 2000 | H33: 2001 | I33: 2002 | J33: 2003 | K33: 2004 | L33: 2005 | M33: 2006 | N33: 2007 | O33: 2008 | P33: 2009 | Q33: 2010 | R33: 2011 | S33: 2012 | T33: 2013 | U33: 2014 | V33: 2015 | W33: 2016 | X33: 2017 | Y33: 2018 | Z33: 2019 | AA33: 2020 | AB33: 2021 | AC33: 2022 | AD33: 2023 | AE33: 2024 | AF33: 2025 | AG33: 2026 | AH33: 2027 | AI33: 2028 | AJ33: 2029 | AK33: 2030 | AL33: 2031 | AM33: 2032 | AN33: 2033 | AO33: 2034 | AP33: 2035 | AQ33: 2036 | AR33: 2037 | AS33: 2038 | AT33: 2039 | AU33: 2040 | AV33: 2041 | AW33: 2042 | AX33: 2043 | AY33: 2044 | AZ33: 2045 | BA33: 2046 | BB33: 2047 | BC33: 2048 | BD33: 2049 | BE33: 2050
A34: ='Population Definitions'!$A$2 -> PWID_males | C34: Rate (per year) | E34: 0 | F34: OR
A35: ='Population Definitions'!$A$3 -> PWID_females | C35: Rate (per year) | E35: 0 | F35: OR
A36: ='Population Definitions'!$A$4 -> 0-9_males | C36: Rate (per year) | F36: OR | G36: 0.0015999899 | H36: 0.0011225315 | I36: 0.0017217299 | J36: 0.0017540858 | K36: 0.0014652201 | L36: 0.00077473735 | M36: 0.00033585819 | N36: 0.00042355986 | O36: 4.8723104e-05 | P36: 0.00026519565 | Q36: 0.00047592681 | R36: 0.0016471748 | S36: 0.0023373428 | T36: 0.0018799466 | U36: 0.0012635222 | V36: 0.0028469303 | W36: 0.0025928688 | X36: 0.0017363245 | Y36: 0.0010296688 | Z36: 0.0010104302 | AA36: 0.0011331537 | AB36: 0.0011522741 | AC36: 0.0010223988 | AD36: 0.00082389446 | AE36: 0.00065687118 | AF36: 0.00082962541 | AG36: 0.00064146261 | AH36: 0.00061147973 | AI36: 0.00076389125 | AJ36: 0.00077439116 | AK36: 0.00087406637 | AL36: 0.0006309813 | AM36: 0.00078742459 | AN36: 0.00092434698 | AO36: 0.00080683573 | AP36: 0.00073017659 | AQ36: 0.00060263561 | AR36: 0.00087004163 | AS36: 0.00068343174 | AT36: 0.00064836055 | AU36: 0.00045421475 | AV36: 0.00070900349 | AW36: 0.00057799848 | AX36: 0.00061437036 | AY36: 0.0003685356 | AZ36: 0.00089959594 | BA36: 0.0005883043 | BB36: 0.00038390187 | BC36: 0.00021610029 | BD36: 0.00056231553 | BE36: 0.00041934664
A37: ='Population Definitions'!$A$5 -> 0-9_females | C37: Rate (per year) | F37: OR | G37: 0.0016304168 | H37: 0.0011038876 | I37: 0.0017637019 | J37: 0.001794751 | K37: 0.0013663924 | L37: 0.00073518902 | M37: 0.00018409734 | N37: 0.00030714816 | O37: 6.6979024e-06 | P37: 0.00015131898 | Q37: 0.00043733907 | R37: 0.0015432635 | S37: 0.0022921394 | T37: 0.0018180646 | U37: 0.0012830762 | V37: 0.0028000492 | W37: 0.0025713114 | X37: 0.0016524078 | Y37: 0.0009025129 | Z37: 0.0010140559 | AA37: 0.0011592275 | AB37: 0.0010740351 | AC37: 0.00095389466 | AD37: 0.00085837607 | AE37: 0.0006824635 | AF37: 0.00084149245 | AG37: 0.00063814306 | AH37: 0.00059493962 | AI37: 0.00072931674 | AJ37: 0.00074933709 | AK37: 0.00085588853 | AL37: 0.00059699771 | AM37: 0.00074140852 | AN37: 0.00097519395 | AO37: 0.00087056086 | AP37: 0.00069164311 | AQ37: 0.00057195672 | AR37: 0.00081977351 | AS37: 0.0007389482 | AT37: 0.00060513852 | AU37: 0.00039091687 | AV37: 0.00074714034 | AW37: 0.00061990366 | AX37: 0.00066160393 | AY37: 0.00032529335 | AZ37: 0.00086286925 | BA37: 0.00054562019 | BB37: 0.00034714422 | BC37: 0.00017671516 | BD37: 0.00051483137 | BE37: 0.00037725565
A38: ='Population Definitions'!$A$6 -> 10-17_males | C38: Rate (per year) | F38: OR | G38: -0.00087435698 | H38: -0.0015832073 | I38: -0.001548529 | J38: -0.0015763355 | K38: -0.0015514904 | L38: -0.0015292884 | M38: -0.0014710721 | N38: -0.0017698966 | O38: -0.0028444527 | P38: -0.002411443 | Q38: -0.0010672608 | R38: -0.00066433275 | S38: -0.00021036591 | T38: -6.3519408e-05 | U38: 0.0008666347 | V38: 0.0016404877 | W38: 0.0012240833 | X38: 0.00031302585 | Y38: -0.00044817901 | Z38: -0.00029695971 | AA38: -7.02998e-05 | AB38: -0.0001432402 | AC38: -0.00024240334 | AD38: -0.00023249003 | AE38: -0.00016557108 | AF38: -0.00015277414 | AG38: -0.00019323702 | AH38: -0.00020598429 | AI38: -0.00016216505 | AJ38: -0.0001262882 | AK38: -0.00010863364 | AL38: -9.2586021e-05 | AM38: -0.00010968309 | AN38: -7.6759945e-05 | AO38: -7.6120688e-05 | AP38: -8.7990765e-05 | AQ38: -8.2601438e-05 | AR38: -9.0445073e-05 | AS38: -9.6297335e-05 | AT38: -0.00012307066 | AU38: -0.00013869096 | AV38: -0.00012405528 | AW38: -0.00012099674 | AX38: -0.00012866545 | AY38: -9.8767376e-05 | AZ38: -9.8214578e-05 | BA38: -0.00011315645 | BB38: -0.00010708164 | BC38: -0.00013015068 | BD38: -0.00014252035 | BE38: -0.00014595621
A39: ='Population Definitions'!$A$7 -> 10-17_females | C39: Rate (per year) | F39: OR | G39: -0.00049439899 | H39: -0.00093453291 | I39: -0.00091158857 | J39: -0.00093531022 | K39: -0.00092467251 | L39: -0.00091151829 | M39: -0.00088643554 | N39: -0.0010727866 | O39: -0.001726468 | P39: -0.0014701015 | Q39: -0.00064663272 | R39: -0.00039084339 | S39: -0.00011976769 | T39: -2.5300416e-05 | U39: 0.00054651747 | V39: 0.0010110704 | W39: 0.00075808115 | X39: 0.00018632181 | Y39: -0.00027785583 | Z39: -0.00018009347 | AA39: -3.646721e-05 | AB39: -0.00010222009 | AC39: -0.00015503867 | AD39: -0.0001941002 | AE39: -0.0001825333 | AF39: -0.00016823271 | AG39: -0.00020861909 | AH39: -0.00022157681 | AI39: -0.00017629153 | AJ39: -0.00013958089 | AK39: -0.00012197798 | AL39: -0.00010649258 | AM39: -0.00012371031 | AN39: -9.0315811e-05 | AO39: -9.0029063e-05 | AP39: -0.00010339913 | AQ39: -9.6967391e-05 | AR39: -0.00010612767 | AS39: -0.00011176884 | AT39: -0.00013919105 | AU39: -0.000155904 | AV39: -0.00014038853 | AW39: -0.00013750614 | AX39: -0.00014496832 | AY39: -0.00011525537 | AZ39: -0.00011411217 | BA39: -0.00012998746 | BB39: -0.00012360067 | BC39: -0.00014675986 | BD39: -0.00015970057 | BE39: -0.0001631333
A40: ='Population Definitions'!$A$8 -> 18-64_males | C40: Rate (per year) | F40: OR | G40: -0.0050202126 | H40: -0.0087715396 | I40: -0.0085616912 | J40: -0.0086554445 | K40: -0.0084938715 | L40: -0.0083583035 | M40: -0.0081053713 | N40: -0.009684229 | O40: -0.015428818 | P40: -0.013276561 | Q40: -0.0060144634 | R40: -0.0037554829 | S40: -0.0013025634 | T40: -0.00053437383 | U40: 0.0047116905 | V40: 0.0087832887 | W40: 0.0064522093 | X40: 0.001444874 | Y40: -0.0026020504 | Z40: -0.0016184772 | AA40: -0.00081438965 | AB40: -0.0007867138 | AC40: -0.0015601089 | AD40: -0.0010982963 | AE40: -0.00048795981 | AF40: -0.00042145378 | AG40: -0.00056200613 | AH40: -0.00060239877 | AI40: -0.00042394006 | AJ40: -0.00027831288 | AK40: -0.000210684 | AL40: -0.00015174421 | AM40: -0.00020574935 | AN40: -7.6449643e-05 | AO40: -7.3408883e-05 | AP40: -0.00011690486 | AQ40: -8.6586022e-05 | AR40: -0.00011290414 | AS40: -0.00012490137 | AT40: -0.00021481877 | AU40: -0.00026476323 | AV40: -0.0002079702 | AW40: -0.00018976346 | AX40: -0.00020986249 | AY40: -0.00010472379 | AZ40: -9.6531078e-05 | BA40: -0.00014005516 | BB40: -0.00011424552 | BC40: -0.00017941936 | BD40: -0.00021179123 | BE40: -0.00021393475
A41: ='Population Definitions'!$A$9 -> 18-64_females | C41: Rate (per year) | F41: OR | G41: -0.0023832932 | H41: -0.0042593806 | I41: -0.004077506 | J41: -0.0041232588 | K41: -0.0040483705 | L41: -0.0039100846 | M41: -0.0038156339 | N41: -0.004575626 | O41: -0.0073413069 | P41: -0.0061694175 | Q41: -0.0027966513 | R41: -0.0016414107 | S41: -0.00055862969 | T41: -9.5282238e-05 | U41: 0.002298528 | V41: 0.0042385883 | W41: 0.0031994343 | X41: 0.00079978769 | Y41: -0.0011365775 | Z41: -0.00063326285 | AA41: -0.00046157621 | AB41: -0.00042374618 | AC41: -0.00073468336 | AD41: -0.00065931432 | AE41: -0.00042390319 | AF41: -0.00036324556 | AG41: -0.00050593199 | AH41: -0.00055020178 | AI41: -0.00038081466 | AJ41: -0.00024486831 | AK41: -0.00018354914 | AL41: -0.00012890738 | AM41: -0.00018618684 | AN41: -6.1455985e-05 | AO41: -6.0623636e-05 | AP41: -0.00010372745 | AQ41: -7.5570758e-05 | AR41: -9.9538649e-05 | AS41: -0.00011117336 | AT41: -0.00019707381 | AU41: -0.00024546738 | AV41: -0.00018827707 | AW41: -0.00016944298 | AX41: -0.00018809843 | AY41: -8.595074e-05 | AZ41: -7.8806452e-05 | BA41: -0.00012292278 | BB41: -9.8491459e-05 | BC41: -0.00016391913 | BD41: -0.00019772353 | BE41: -0.0002013464
A42: ='Population Definitions'!$A$10 -> 65+_males | C42: Rate (per year) | F42: OR | G42: -0.002963526 | H42: -0.0031185434 | I42: -0.0030770739 | J42: -0.0031236831 | K42: -0.0031579482 | L42: -0.0032374482 | M42: -0.0032601962 | N42: -0.0033534437 | O42: -0.0036468952 | P42: -0.003715262 | Q42: -0.0033180147 | R42: -0.0032112311 | S42: -0.0030379293 | T42: -0.0027420924 | U42: -0.0022394721 | V42: -0.0025502163 | W42: -0.0024126259 | X42: -0.0025766733 | Y42: -0.0025816469 | Z42: -0.003079213 | AA42: -0.0028814734 | AB42: -0.00043777524 | AC42: -0.0025572608 | AD42: -0.0025657716 | AE42: -0.0025497422 | AF42: -0.0024535403 | AG42: -0.0026375675 | AH42: -0.0027173512 | AI42: -0.0026672535 | AJ42: -0.0026145787 | AK42: -0.0026603801 | AL42: -0.0027633974 | AM42: -0.0029090147 | AN42: -0.0028882293 | AO42: -0.0029374838 | AP42: -0.0030540595 | AQ42: -0.0030157579 | AR42: -0.0030952714 | AS42: -0.0030444802 | AT42: -0.0031248796 | AU42: -0.0031133627 | AV42: -0.0029983271 | AW42: -0.0029272137 | AX42: -0.0029292438 | AY42: -0.0028067183 | AZ42: -0.0027617072 | BA42: -0.00279051 | BB42: -0.0027600309 | BC42: -0.0027717529 | BD42: -0.0027568623 | BE42: -0.0026611089
A43: ='Population Definitions'!$A$11 -> 65+_females | C43: Rate (per year) | F43: OR | G43: -0.00193048 | H43: -0.0020215978 | I43: -0.0018536763 | J43: -0.0019098559 | K43: -0.001935777 | L43: -0.0018903317 | M43: -0.0019904046 | N43: -0.0021570389 | O43: -0.0022786058 | P43: -0.0023235643 | Q43: -0.0024116162 | R43: -0.0022714494 | S43: -0.0023387999 | T43: -0.0020449557 | U43: -0.002010033 | V43: -0.0020070963 | W43: -0.0019035047 | X43: -0.0017528536 | Y43: -0.0018302004 | Z43: -0.0013036339 | AA43: -0.0040102276 | AB43: -0.00053431877 | AC43: -0.0020191036 | AD43: -0.0021698186 | AE43: -0.0021263859 | AF43: -0.001993467 | AG43: -0.0020354921 | AH43: -0.0020019018 | AI43: -0.0018655176 | AJ43: -0.0017716648 | AK43: -0.0017541731 | AL43: -0.0017211117 | AM43: -0.001797964 | AN43: -0.0017372471 | AO43: -0.0017710588 | AP43: -0.0018098967 | AQ43: -0.001821033 | AR43: -0.0018386805 | AS43: -0.0018604882 | AT43: -0.0019375757 | AU43: -0.0019238564 | AV43: -0.001895035 | AW43: -0.0018321256 | AX43: -0.0018393323 | AY43: -0.0017462735 | AZ43: -0.0017289187 | BA43: -0.0017211282 | BB43: -0.001699092 | BC43: -0.0017122565 | BD43: -0.001726298 | BE43: -0.0016455263
A44: ='Population Definitions'!$A$12 -> Prisoners_males | C44: Rate (per year) | E44: 0 | F44: OR
A45: ='Population Definitions'!$A$13 -> Prisoners_females | C45: Rate (per year) | E45: 0 | F45: OR
A46: ='Population Definitions'!$A$14 -> Prisoners_PWID_males | C46: Rate (per year) | E46: 0 | F46: OR
A47: ='Population Definitions'!$A$15 -> Prisoners_PWID_females | C47: Rate (per year) | E47: 0 | F47: OR
A49: All cause death rate | B49: Provenance | C49: Units | D49: Uncertainty | E49: Constant | G49: 2000 | H49: 2001 | I49: 2002 | J49: 2003 | K49: 2004 | L49: 2005 | M49: 2006 | N49: 2007 | O49: 2008 | P49: 2009 | Q49: 2010 | R49: 2011 | S49: 2012 | T49: 2013 | U49: 2014 | V49: 2015 | W49: 2016 | X49: 2017 | Y49: 2018 | Z49: 2019 | AA49: 2020 | AB49: 2021 | AC49: 2022 | AD49: 2023 | AE49: 2024 | AF49: 2025 | AG49: 2026 | AH49: 2027 | AI49: 2028 | AJ49: 2029 | AK49: 2030 | AL49: 2031 | AM49: 2032 | AN49: 2033 | AO49: 2034 | AP49: 2035 | AQ49: 2036 | AR49: 2037 | AS49: 2038 | AT49: 2039 | AU49: 2040 | AV49: 2041 | AW49: 2042 | AX49: 2043 | AY49: 2044 | AZ49: 2045 | BA49: 2046 | BB49: 2047 | BC49: 2048 | BD49: 2049 | BE49: 2050
A50: ='Population Definitions'!$A$2 -> PWID_males | C50: Rate (per year) | F50: OR | G50: 0.009966296 | H50: 0.009737947 | I50: 0.0094942887 | J50: 0.0091482865 | K50: 0.0088408749 | L50: 0.0085658463 | M50: 0.0083327787 | N50: 0.0081135555 | O50: 0.0079547281 | P50: 0.0077440691 | Q50: 0.007534722 | R50: 0.0073403821 | S50: 0.00709936 | T50: 0.0069112779 | U50: 0.0068012299 | V50: 0.006568341 | W50: 0.0064188786 | X50: 0.0062709048 | Y50: 0.0061651575 | Z50: 0.0060369796 | AA50: 0.0056816216 | AB50: 0.006110235 | AC50: 0.0057722577 | AD50: 0.0058201908
A51: ='Population Definitions'!$A$3 -> PWID_females | C51: Rate (per year) | F51: OR | G51: 0.0094150852 | H51: 0.0090808089 | I51: 0.0088650267 | J51: 0.0084764573 | K51: 0.0081452366 | L51: 0.0078691063 | M51: 0.0075017912 | N51: 0.0072285061 | O51: 0.0070361355 | P51: 0.0069506668 | Q51: 0.0066526556 | R51: 0.0064711155 | S51: 0.006108676 | T51: 0.00590574 | U51: 0.005537344 | V51: 0.0052603579 | W51: 0.0050209517 | X51: 0.0047103144 | Y51: 0.0044670718 | Z51: 0.0042077131 | AA51: 0.0037781021 | AB51: 0.0041517427 | AC51: 0.0041078411 | AD51: 0.004120735
A52: ='Population Definitions'!$A$4 -> 0-9_males | C52: Rate (per year) | F52: OR | G52: 0.018632257 | H52: 0.017544924 | I52: 0.016414823 | J52: 0.015354464 | K52: 0.014397703 | L52: 0.013475348 | M52: 0.012573585 | N52: 0.011675779 | O52: 0.0108829 | P52: 0.010180802 | Q52: 0.0095391503 | R52: 0.0089723842 | S52: 0.0085404339 | T52: 0.0081968746 | U52: 0.0078916599 | V52: 0.0075278051 | W52: 0.0072248318 | X52: 0.0069023168 | Y52: 0.0065461889 | Z52: 0.0062134191 | AA52: 0.0059644357 | AB52: 0.0057234851 | AC52: 0.005471557 | AD52: 0.0052220097 | AE52: 0.005073961 | AF52: 0.004947499 | AG52: 0.0048371327 | AH52: 0.0047319381 | AI52: 0.0046188785 | AJ52: 0.0044998824 | AK52: 0.0043893625 | AL52: 0.0042959322 | AM52: 0.004180895 | AN52: 0.004085968 | AO52: 0.0039923322 | AP52: 0.0039042027 | AQ52: 0.0038081767 | AR52: 0.0037222367 | AS52: 0.0036422874 | AT52: 0.0035679216 | AU52: 0.0034984749 | AV52: 0.003413648 | AW52: 0.0033505756 | AX52: 0.0032800496 | AY52: 0.0032164025 | AZ52: 0.0031375917 | BA52: 0.0030868212 | BB52: 0.0030120067 | BC52: 0.002942033 | BD52: 0.002874594 | BE52: 0.0028154002
A53: ='Population Definitions'!$A$5 -> 0-9_females | C53: Rate (per year) | F53: OR | G53: 0.01684899 | H53: 0.015730349 | I53: 0.014613719 | J53: 0.013556968 | K53: 0.012618113 | L53: 0.011726308 | M53: 0.010881138 | N53: 0.010057288 | O53: 0.0093339556 | P53: 0.0086923593 | Q53: 0.0081268612 | R53: 0.0076237843 | S53: 0.0072346785 | T53: 0.0069221801 | U53: 0.0066354312 | V53: 0.0063167816 | W53: 0.0060513095 | X53: 0.005820488 | Y53: 0.0055746469 | Z53: 0.005339171 | AA53: 0.0051060285 | AB53: 0.0048143274 | AC53: 0.0046667753 | AD53: 0.0044389567 | AE53: 0.0042865459 | AF53: 0.0041499584 | AG53: 0.004021415 | AH53: 0.0039010828 | AI53: 0.0037707664 | AJ53: 0.0036402968 | AK53: 0.0035153229 | AL53: 0.0034004794 | AM53: 0.0032800946 | AN53: 0.0031703507 | AO53: 0.0030636348 | AP53: 0.0029589547 | AQ53: 0.0028588857 | AR53: 0.0027594836 | AS53: 0.0026767159 | AT53: 0.0025939334 | AU53: 0.0025175376 | AV53: 0.0024374442 | AW53: 0.0023683017 | AX53: 0.002297578 | AY53: 0.0022330092 | AZ53: 0.0021600868 | BA53: 0.0021039368 | BB53: 0.0020386958 | BC53: 0.0019791639 | BD53: 0.001919038 | BE53: 0.0018642405
A54: ='Population Definitions'!$A$6 -> 10-17_males | C54: Rate (per year) | F54: OR | G54: 0.0026031451 | H54: 0.0024729882 | I54: 0.0023500231 | J54: 0.0022082094 | K54: 0.0020824752 | L54: 0.0019634356 | M54: 0.0018584415 | N54: 0.0017431047 | O54: 0.0016518226 | P54: 0.0015778988 | Q54: 0.0014967639 | R54: 0.0014316749 | S54: 0.0013796991 | T54: 0.0013264102 | U54: 0.0012769761 | V54: 0.0012455825 | W54: 0.0011792768 | X54: 0.0011278419 | Y54: 0.0010763745 | Z54: 0.0010349538 | AA54: 0.0010129906 | AB54: 0.00099355937 | AC54: 0.0009863253 | AD54: 0.00095084575 | AE54: 0.00092661577 | AF54: 0.00090768012 | AG54: 0.00088979247 | AH54: 0.00087315278 | AI54: 0.00085888434 | AJ54: 0.00084436489 | AK54: 0.00083126095 | AL54: 0.00081947138 | AM54: 0.00080565429 | AN54: 0.00079340616 | AO54: 0.00078079418 | AP54: 0.00076905767 | AQ54: 0.00075580879 | AR54: 0.00074469209 | AS54: 0.00073331616 | AT54: 0.00072282649 | AU54: 0.00071320774 | AV54: 0.00070184275 | AW54: 0.00069209321 | AX54: 0.00068160622 | AY54: 0.0006719339 | AZ54: 0.00066117549 | BA54: 0.00065186913 | BB54: 0.00064032279 | BC54: 0.00063042314 | BD54: 0.00062139969 | BE54: 0.00061150153
A55: ='Population Definitions'!$A$7 -> 10-17_females | C55: Rate (per year) | F55: OR | G55: 0.002609203 | H55: 0.0024470548 | I55: 0.0022967371 | J55: 0.0021317355 | K55: 0.0019875778 | L55: 0.0018525703 | M55: 0.0017248003 | N55: 0.0016107037 | O55: 0.0015142812 | P55: 0.0014114888 | Q55: 0.0013268839 | R55: 0.0012614653 | S55: 0.0011885641 | T55: 0.0011306452 | U55: 0.0010652012 | V55: 0.0010092048 | W55: 0.00095386814 | X55: 0.00090104637 | Y55: 0.00086855674 | Z55: 0.00083195161 | AA55: 0.00079734832 | AB55: 0.00075797321 | AC55: 0.00076788021 | AD55: 0.00074444817 | AE55: 0.00072050573 | AF55: 0.00070112118 | AG55: 0.00068170571 | AH55: 0.00066350863 | AI55: 0.00064789232 | AJ55: 0.00063188006 | AK55: 0.00061655283 | AL55: 0.00060232253 | AM55: 0.00058718484 | AN55: 0.0005728988 | AO55: 0.00055838385 | AP55: 0.00054410712 | AQ55: 0.00053021124 | AR55: 0.00051689884 | AS55: 0.00050495963 | AT55: 0.00049298423 | AU55: 0.00048205109 | AV55: 0.00047088544 | AW55: 0.0004600527 | AX55: 0.00044939666 | AY55: 0.00043903928 | AZ55: 0.00042855347 | BA55: 0.00041879417 | BB55: 0.00040834428 | BC55: 0.0003992627 | BD55: 0.00039014035 | BE55: 0.00038087459
A56: ='Population Definitions'!$A$8 -> 18-64_males | C56: Rate (per year) | F56: OR | G56: 0.009966296 | H56: 0.009737947 | I56: 0.0094942887 | J56: 0.0091482865 | K56: 0.0088408749 | L56: 0.0085658463 | M56: 0.0083327787 | N56: 0.0081135555 | O56: 0.0079547281 | P56: 0.0077440691 | Q56: 0.007534722 | R56: 0.0073403821 | S56: 0.00709936 | T56: 0.0069112779 | U56: 0.0068012299 | V56: 0.006568341 | W56: 0.0064188786 | X56: 0.0062709048 | Y56: 0.0061651575 | Z56: 0.0060369796 | AA56: 0.0056816216 | AB56: 0.006110235 | AC56: 0.0057722577 | AD56: 0.0058201908 | AE56: 0.00593441 | AF56: 0.0058859191 | AG56: 0.0058422363 | AH56: 0.0058047657 | AI56: 0.0057804346 | AJ56: 0.0057547533 | AK56: 0.0057264004 | AL56: 0.0056941451 | AM56: 0.0056558098 | AN56: 0.0056158086 | AO56: 0.0055715666 | AP56: 0.0055233051 | AQ56: 0.0054732187 | AR56: 0.0054227765 | AS56: 0.005377312 | AT56: 0.0053300112 | AU56: 0.0052904657 | AV56: 0.0052484018 | AW56: 0.0052120691 | AX56: 0.0051732513 | AY56: 0.0051411945 | AZ56: 0.0051056799 | BA56: 0.0050755098 | BB56: 0.0050411677 | BC56: 0.0050118644 | BD56: 0.0049834361 | BE56: 0.0049542919
A57: ='Population Definitions'!$A$9 -> 18-64_females | C57: Rate (per year) | F57: OR | G57: 0.0094150852 | H57: 0.0090808089 | I57: 0.0088650267 | J57: 0.0084764573 | K57: 0.0081452366 | L57: 0.0078691063 | M57: 0.0075017912 | N57: 0.0072285061 | O57: 0.0070361355 | P57: 0.0069506668 | Q57: 0.0066526556 | R57: 0.0064711155 | S57: 0.006108676 | T57: 0.00590574 | U57: 0.005537344 | V57: 0.0052603579 | W57: 0.0050209517 | X57: 0.0047103144 | Y57: 0.0044670718 | Z57: 0.0042077131 | AA57: 0.0037781021 | AB57: 0.0041517427 | AC57: 0.0041078411 | AD57: 0.004120735 | AE57: 0.0042186195 | AF57: 0.004153591 | AG57: 0.0040934446 | AH57: 0.004043271 | AI57: 0.0040081998 | AJ57: 0.0039731504 | AK57: 0.0039407606 | AL57: 0.0039096778 | AM57: 0.0038747355 | AN57: 0.003841868 | AO57: 0.003804959 | AP57: 0.0037670178 | AQ57: 0.0037265535 | AR57: 0.0036870791 | AS57: 0.0036486624 | AT57: 0.0036090399 | AU57: 0.0035726969 | AV57: 0.0035330015 | AW57: 0.0034971692 | AX57: 0.0034571385 | AY57: 0.0034207838 | AZ57: 0.003382559 | BA57: 0.003349572 | BB57: 0.0033124902 | BC57: 0.0032802413 | BD57: 0.0032486748 | BE57: 0.0032176949
A58: ='Population Definitions'!$A$10 -> 65+_males | C58: Rate (per year) | F58: OR | G58: 0.078903561 | H58: 0.078377243 | I58: 0.077738606 | J58: 0.076977392 | K58: 0.076253278 | L58: 0.075538143 | M58: 0.07487292 | N58: 0.074129897 | O58: 0.073300567 | P58: 0.072488524 | Q58: 0.07193674 | R58: 0.071122697 | S58: 0.070380723 | T58: 0.069827131 | U58: 0.069264133 | V58: 0.068554177 | W58: 0.069006939 | X58: 0.069110264 | Y58: 0.069302247 | Z58: 0.069379588 | AA58: 0.070710046 | AB58: 0.071920709 | AC58: 0.06838639 | AD58: 0.069084204 | AE58: 0.069555573 | AF58: 0.069742384 | AG58: 0.069780019 | AH58: 0.069742322 | AI58: 0.069520421 | AJ58: 0.069201882 | AK58: 0.068665536 | AL58: 0.067933939 | AM58: 0.067119697 | AN58: 0.066179697 | AO58: 0.065204177 | AP58: 0.064169755 | AQ58: 0.063201082 | AR58: 0.062219161 | AS58: 0.061437266 | AT58: 0.060649802 | AU58: 0.060040603 | AV58: 0.059555104 | AW58: 0.0591546 | AX58: 0.058811624 | AY58: 0.058594823 | AZ58: 0.058407616 | BA58: 0.058254464 | BB58: 0.058166152 | BC58: 0.058103954 | BD58: 0.058044154 | BE58: 0.057991722
A59: ='Population Definitions'!$A$11 -> 65+_females | C59: Rate (per year) | F59: OR | G59: 0.067706821 | H59: 0.067046135 | I59: 0.066484224 | J59: 0.065608594 | K59: 0.064848254 | L59: 0.064104168 | M59: 0.063164156 | N59: 0.062269177 | O59: 0.061430374 | P59: 0.06042904 | Q59: 0.059341775 | R59: 0.058381564 | S59: 0.057097046 | T59: 0.056117308 | U59: 0.054937962 | V59: 0.054026127 | W59: 0.053204611 | X59: 0.052132874 | Y59: 0.050746962 | Z59: 0.049599275 | AA59: 0.047662553 | AB59: 0.051165395 | AC59: 0.04799628 | AD59: 0.047955624 | AE59: 0.048261274 | AF59: 0.048455458 | AG59: 0.048669651 | AH59: 0.048956654 | AI59: 0.049228917 | AJ59: 0.049485022 | AK59: 0.049710485 | AL59: 0.049906065 | AM59: 0.049991723 | AN59: 0.050034061 | AO59: 0.049978294 | AP59: 0.049850932 | AQ59: 0.049613826 | AR59: 0.049335247 | AS59: 0.048986618 | AT59: 0.048583257 | AU59: 0.048196301 | AV59: 0.047744594 | AW59: 0.047334999 | AX59: 0.04685664 | AY59: 0.046426636 | AZ59: 0.046001595 | BA59: 0.045628366 | BB59: 0.045253119 | BC59: 0.044915385 | BD59: 0.044601312 | BE59: 0.044359187
A60: ='Population Definitions'!$A$12 -> Prisoners_males | C60: Rate (per year) | F60: OR | G60: 0.009966296 | H60: 0.009737947 | I60: 0.0094942887 | J60: 0.0091482865 | K60: 0.0088408749 | L60: 0.0085658463 | M60: 0.0083327787 | N60: 0.0081135555 | O60: 0.0079547281 | P60: 0.0077440691 | Q60: 0.007534722 | R60: 0.0073403821 | S60: 0.00709936 | T60: 0.0069112779 | U60: 0.0068012299 | V60: 0.006568341 | W60: 0.0064188786 | X60: 0.0062709048 | Y60: 0.0061651575 | Z60: 0.0060369796 | AA60: 0.0056816216 | AB60: 0.006110235 | AC60: 0.0057722577 | AD60: 0.0058201908 | AE60: 0.007306078 | AF60: 0.0073232323 | AG60: 0.0073413907 | AH60: 0.0073637223 | AI60: 0.0073244291 | AJ60: 0.007290647 | AK60: 0.0072568441 | AL60: 0.0073230554 | AM60: 0.0073448141 | AN60: 0.0073566717 | AO60: 0.0073377581 | AP60: 0.0074433292 | AQ60: 0.0074495046 | AR60: 0.0074632728 | AS60: 0.0075245453 | AT60: 0.0076729508 | AU60: 0.0077378436 | AV60: 0.0078148743 | AW60: 0.0079173376 | AX60: 0.0080336119 | AY60: 0.0082014114 | AZ60: 0.0083189761 | BA60: 0.0085478783 | BB60: 0.0086452293 | BC60: 0.0088572991 | BD60: 0.009084715 | BE60: 0.0093023256
A61: ='Population Definitions'!$A$13 -> Prisoners_females | C61: Rate (per year) | F61: OR | G61: 0.0094150852 | H61: 0.0090808089 | I61: 0.0088650267 | J61: 0.0084764573 | K61: 0.0081452366 | L61: 0.0078691063 | M61: 0.0075017912 | N61: 0.0072285061 | O61: 0.0070361355 | P61: 0.0069506668 | Q61: 0.0066526556 | R61: 0.0064711155 | S61: 0.006108676 | T61: 0.00590574 | U61: 0.005537344 | V61: 0.0052603579 | W61: 0.0050209517 | X61: 0.0047103144 | Y61: 0.0044670718 | Z61: 0.0042077131 | AA61: 0.0037781021 | AB61: 0.0041517427 | AC61: 0.0041078411 | AD61: 0.004120735 | AE61: 0.0042919872 | AF61: 0.0042177144 | AG61: 0.0042105263 | AH61: 0.0042384562 | AI61: 0.0041991812 | AJ61: 0.0042342727 | AK61: 0.00427304 | AL61: 0.0042369759 | AM61: 0.0042688635 | AN61: 0.0041802843 | AO61: 0.0041668274 | AP61: 0.0042028359 | AQ61: 0.004288921 | AR61: 0.0043430163 | AS61: 0.0043624161 | AT61: 0.0044276319 | AU61: 0.0044959669 | AV61: 0.004531859 | AW61: 0.0046748633 | AX61: 0.004687349 | AY61: 0.0047549927 | AZ61: 0.0049245762 | BA61: 0.0049994624 | BB61: 0.0050358102 | BC61: 0.0050737738 | BD61: 0.0052845775 | BE61: 0.0053127569
A62: ='Population Definitions'!$A$14 -> Prisoners_PWID_males | C62: Rate (per year) | F62: OR | G62: 0.009966296 | H62: 0.009737947 | I62: 0.0094942887 | J62: 0.0091482865 | K62: 0.0088408749 | L62: 0.0085658463 | M62: 0.0083327787 | N62: 0.0081135555 | O62: 0.0079547281 | P62: 0.0077440691 | Q62: 0.007534722 | R62: 0.0073403821 | S62: 0.00709936 | T62: 0.0069112779 | U62: 0.0068012299 | V62: 0.006568341 | W62: 0.0064188786 | X62: 0.0062709048 | Y62: 0.0061651575 | Z62: 0.0060369796 | AA62: 0.0056816216 | AB62: 0.006110235 | AC62: 0.0057722577 | AD62: 0.0058201908
A63: ='Population Definitions'!$A$15 -> Prisoners_PWID_females | C63: Rate (per year) | F63: OR | G63: 0.0094150852 | H63: 0.0090808089 | I63: 0.0088650267 | J63: 0.0084764573 | K63: 0.0081452366 | L63: 0.0078691063 | M63: 0.0075017912 | N63: 0.0072285061 | O63: 0.0070361355 | P63: 0.0069506668 | Q63: 0.0066526556 | R63: 0.0064711155 | S63: 0.006108676 | T63: 0.00590574 | U63: 0.005537344 | V63: 0.0052603579 | W63: 0.0050209517 | X63: 0.0047103144 | Y63: 0.0044670718 | Z63: 0.0042077131 | AA63: 0.0037781021 | AB63: 0.0041517427 | AC63: 0.0041078411 | AD63: 0.004120735

Sheet Infectiousness
A1: Force of Infection constant | B1: Provenance | C1: Units | D1: Uncertainty | E1: Constant | G1: 2000 | H1: 2001 | I1: 2002 | J1: 2003 | K1: 2004 | L1: 2005 | M1: 2006 | N1: 2007 | O1: 2008 | P1: 2009 | Q1: 2010 | R1: 2011 | S1: 2012 | T1: 2013 | U1: 2014 | V1: 2015 | W1: 2016 | X1: 2017 | Y1: 2018 | Z1: 2019 | AA1: 2020 | AB1: 2021 | AC1: 2022 | AD1: 2023 | AE1: 2024 | AF1: 2025 | AG1: 2026 | AH1: 2027 | AI1: 2028 | AJ1: 2029 | AK1: 2030 | AL1: 2031 | AM1: 2032 | AN1: 2033 | AO1: 2034 | AP1: 2035 | AQ1: 2036 | AR1: 2037 | AS1: 2038 | AT1: 2039 | AU1: 2040 | AV1: 2041 | AW1: 2042 | AX1: 2043 | AY1: 2044 | AZ1: 2045 | BA1: 2046 | BB1: 2047 | BC1: 2048 | BD1: 2049 | BE1: 2050
A2: ='Population Definitions'!$A$2 -> PWID_males | C2: N.A. | E2: 0.1 | F2: OR
A3: ='Population Definitions'!$A$3 -> PWID_females | C3: N.A. | E3: 0.1 | F3: OR
A4: ='Population Definitions'!$A$4 -> 0-9_males | C4: N.A. | E4: 0 | F4: OR
A5: ='Population Definitions'!$A$5 -> 0-9_females | C5: N.A. | E5: 0 | F5: OR
A6: ='Population Definitions'!$A$6 -> 10-17_males | C6: N.A. | E6: 0 | F6: OR
A7: ='Population Definitions'!$A$7 -> 10-17_females | C7: N.A. | E7: 0 | F7: OR
A8: ='Population Definitions'!$A$8 -> 18-64_males | C8: N.A. | E8: 0 | F8: OR
A9: ='Population Definitions'!$A$9 -> 18-64_females | C9: N.A. | E9: 0 | F9: OR
A10: ='Population Definitions'!$A$10 -> 65+_males | C10: N.A. | E10: 0 | F10: OR
A11: ='Population Definitions'!$A$11 -> 65+_females | C11: N.A. | E11: 0 | F11: OR
A12: ='Population Definitions'!$A$12 -> Prisoners_males | C12: N.A. | E12: 0 | F12: OR
A13: ='Population Definitions'!$A$13 -> Prisoners_females | C13: N.A. | E13: 0 | F13: OR
A14: ='Population Definitions'!$A$14 -> Prisoners_PWID_males | C14: N.A. | E14: 0.1 | F14: OR
A15: ='Population Definitions'!$A$15 -> Prisoners_PWID_females | C15: N.A. | E15: 0.1 | F15: OR
A17: Infectivity among the general population | B17: Provenance | C17: Units | D17: Uncertainty | E17: Constant | G17: 2000 | H17: 2001 | I17: 2002 | J17: 2003 | K17: 2004 | L17: 2005 | M17: 2006 | N17: 2007 | O17: 2008 | P17: 2009 | Q17: 2010 | R17: 2011 | S17: 2012 | T17: 2013 | U17: 2014 | V17: 2015 | W17: 2016 | X17: 2017 | Y17: 2018 | Z17: 2019 | AA17: 2020 | AB17: 2021 | AC17: 2022 | AD17: 2023 | AE17: 2024 | AF17: 2025 | AG17: 2026 | AH17: 2027 | AI17: 2028 | AJ17: 2029 | AK17: 2030 | AL17: 2031 | AM17: 2032 | AN17: 2033 | AO17: 2034 | AP17: 2035 | AQ17: 2036 | AR17: 2037 | AS17: 2038 | AT17: 2039 | AU17: 2040 | AV17: 2041 | AW17: 2042 | AX17: 2043 | AY17: 2044 | AZ17: 2045 | BA17: 2046 | BB17: 2047 | BC17: 2048 | BD17: 2049 | BE17: 2050
A18: ='Population Definitions'!$A$2 -> PWID_males | C18: N.A. | E18: 0 | F18: OR
A19: ='Population Definitions'!$A$3 -> PWID_females | C19: N.A. | E19: 0 | F19: OR
A20: ='Population Definitions'!$A$4 -> 0-9_males | C20: N.A. | E20: 0 | F20: OR
A21: ='Population Definitions'!$A$5 -> 0-9_females | C21: N.A. | E21: 0 | F21: OR
A22: ='Population Definitions'!$A$6 -> 10-17_males | C22: N.A. | E22: 0 | F22: OR
A23: ='Population Definitions'!$A$7 -> 10-17_females | C23: N.A. | E23: 0 | F23: OR
A24: ='Population Definitions'!$A$8 -> 18-64_males | C24: N.A. | E24: 0.1 | F24: OR
A25: ='Population Definitions'!$A$9 -> 18-64_females | C25: N.A. | E25: 0.1 | F25: OR
A26: ='Population Definitions'!$A$10 -> 65+_males | C26: N.A. | E26: 0.1 | F26: OR
A27: ='Population Definitions'!$A$11 -> 65+_females | C27: N.A. | E27: 0.1 | F27: OR
A28: ='Population Definitions'!$A$12 -> Prisoners_males | C28: N.A. | E28: 0 | F28: OR
A29: ='Population Definitions'!$A$13 -> Prisoners_females | C29: N.A. | E29: 0 | F29: OR
A30: ='Population Definitions'!$A$14 -> Prisoners_PWID_males | C30: N.A. | E30: 0 | F30: OR
A31: ='Population Definitions'!$A$15 -> Prisoners_PWID_females | C31: N.A. | E31: 0 | F31: OR

Sheet Disease Progression
A1: Proportion of HCV infections spontaneously clearing | B1: Provenance | C1: Units | D1: Uncertainty | E1: Constant | G1: 2000 | H1: 2001 | I1: 2002 | J1: 2003 | K1: 2004 | L1: 2005 | M1: 2006 | N1: 2007 | O1: 2008 | P1: 2009 | Q1: 2010 | R1: 2011 | S1: 2012 | T1: 2013 | U1: 2014 | V1: 2015 | W1: 2016 | X1: 2017 | Y1: 2018 | Z1: 2019 | AA1: 2020 | AB1: 2021 | AC1: 2022 | AD1: 2023 | AE1: 2024 | AF1: 2025 | AG1: 2026 | AH1: 2027 | AI1: 2028 | AJ1: 2029 | AK1: 2030 | AL1: 2031 | AM1: 2032 | AN1: 2033 | AO1: 2034 | AP1: 2035 | AQ1: 2036 | AR1: 2037 | AS1: 2038 | AT1: 2039 | AU1: 2040 | AV1: 2041 | AW1: 2042 | AX1: 2043 | AY1: 2044 | AZ1: 2045 | BA1: 2046 | BB1: 2047 | BC1: 2048 | BD1: 2049 | BE1: 2050
A2: ='Population Definitions'!$A$2 -> PWID_males | C2: Proportion | D2: 0.028061224 | E2: 0.19889503 | F2: OR
A3: ='Population Definitions'!$A$3 -> PWID_females | C3: Proportion | D3: 0.033163265 | E3: 0.42105263 | F3: OR
A4: ='Population Definitions'!$A$4 -> 0-9_males | C4: Proportion | D4: 0.028061224 | E4: 0.19889503 | F4: OR
A5: ='Population Definitions'!$A$5 -> 0-9_females | C5: Proportion | D5: 0.033163265 | E5: 0.42105263 | F5: OR
A6: ='Population Definitions'!$A$6 -> 10-17_males | C6: Proportion | D6: 0.028061224 | E6: 0.19889503 | F6: OR
A7: ='Population Definitions'!$A$7 -> 10-17_females | C7: Proportion | D7: 0.033163265 | E7: 0.42105263 | F7: OR
A8: ='Population Definitions'!$A$8 -> 18-64_males | C8: Proportion | D8: 0.028061224 | E8: 0.19889503 | F8: OR
A9: ='Population Definitions'!$A$9 -> 18-64_females | C9: Proportion | D9: 0.033163265 | E9: 0.42105263 | F9: OR
A10: ='Population Definitions'!$A$10 -> 65+_males | C10: Proportion | D10: 0.028061224 | E10: 0.19889503 | F10: OR
A11: ='Population Definitions'!$A$11 -> 65+_females | C11: Proportion | D11: 0.033163265 | E11: 0.42105263 | F11: OR
A12: ='Population Definitions'!$A$12 -> Prisoners_males | C12: Proportion | D12: 0.028061224 | E12: 0.19889503 | F12: OR
A13: ='Population Definitions'!$A$13 -> Prisoners_females | C13: Proportion | D13: 0.033163265 | E13: 0.42105263 | F13: OR
A14: ='Population Definitions'!$A$14 -> Prisoners_PWID_males | C14: Proportion | D14: 0.028061224 | E14: 0.19889503 | F14: OR
A15: ='Population Definitions'!$A$15 -> Prisoners_PWID_females | C15: Proportion | D15: 0.033163265 | E15: 0.42105263 | F15: OR
A17: Average duration for spontaneous viral clearance | B17: Provenance | C17: Units | D17: Uncertainty | E17: Constant | G17: 2000 | H17: 2001 | I17: 2002 | J17: 2003 | K17: 2004 | L17: 2005 | M17: 2006 | N17: 2007 | O17: 2008 | P17: 2009 | Q17: 2010 | R17: 2011 | S17: 2012 | T17: 2013 | U17: 2014 | V17: 2015 | W17: 2016 | X17: 2017 | Y17: 2018 | Z17: 2019 | AA17: 2020 | AB17: 2021 | AC17: 2022 | AD17: 2023 | AE17: 2024 | AF17: 2025 | AG17: 2026 | AH17: 2027 | AI17: 2028 | AJ17: 2029 | AK17: 2030 | AL17: 2031 | AM17: 2032 | AN17: 2033 | AO17: 2034 | AP17: 2035 | AQ17: 2036 | AR17: 2037 | AS17: 2038 | AT17: 2039 | AU17: 2040 | AV17: 2041 | AW17: 2042 | AX17: 2043 | AY17: 2044 | AZ17: 2045 | BA17: 2046 | BB17: 2047 | BC17: 2048 | BD17: 2049 | BE17: 2050
A18: ='Population Definitions'!$A$2 -> PWID_males | B18: Framework-supplied default | C18: Duration (years) | E18: 1 | F18: OR
A19: ='Population Definitions'!$A$3 -> PWID_females | B19: Framework-supplied default | C19: Duration (years) | E19: 1 | F19: OR
A20: ='Population Definitions'!$A$4 -> 0-9_males | B20: Framework-supplied default | C20: Duration (years) | E20: 1 | F20: OR
A21: ='Population Definitions'!$A$5 -> 0-9_females | B21: Framework-supplied default | C21: Duration (years) | E21: 1 | F21: OR
A22: ='Population Definitions'!$A$6 -> 10-17_males | B22: Framework-supplied default | C22: Duration (years) | E22: 1 | F22: OR
A23: ='Population Definitions'!$A$7 -> 10-17_females | B23: Framework-supplied default | C23: Duration (years) | E23: 1 | F23: OR
A24: ='Population Definitions'!$A$8 -> 18-64_males | B24: Framework-supplied default | C24: Duration (years) | E24: 1 | F24: OR
A25: ='Population Definitions'!$A$9 -> 18-64_females | B25: Framework-supplied default | C25: Duration (years) | E25: 1 | F25: OR
A26: ='Population Definitions'!$A$10 -> 65+_males | B26: Framework-supplied default | C26: Duration (years) | E26: 1 | F26: OR
A27: ='Population Definitions'!$A$11 -> 65+_females | B27: Framework-supplied default | C27: Duration (years) | E27: 1 | F27: OR
A28: ='Population Definitions'!$A$12 -> Prisoners_males | B28: Framework-supplied default | C28: Duration (years) | E28: 1 | F28: OR
A29: ='Population Definitions'!$A$13 -> Prisoners_females | B29: Framework-supplied default | C29: Duration (years) | E29: 1 | F29: OR
A30: ='Population Definitions'!$A$14 -> Prisoners_PWID_males | B30: Framework-supplied default | C30: Duration (years) | E30: 1 | F30: OR
A31: ='Population Definitions'!$A$15 -> Prisoners_PWID_females | B31: Framework-supplied default | C31: Duration (years) | E31: 1 | F31: OR
A33: F0 to F1 progression rate (intermediate step) | B33: Provenance | C33: Units | D33: Uncertainty | E33: Constant | G33: 2000 | H33: 2001 | I33: 2002 | J33: 2003 | K33: 2004 | L33: 2005 | M33: 2006 | N33: 2007 | O33: 2008 | P33: 2009 | Q33: 2010 | R33: 2011 | S33: 2012 | T33: 2013 | U33: 2014 | V33: 2015 | W33: 2016 | X33: 2017 | Y33: 2018 | Z33: 2019 | AA33: 2020 | AB33: 2021 | AC33: 2022 | AD33: 2023 | AE33: 2024 | AF33: 2025 | AG33: 2026 | AH33: 2027 | AI33: 2028 | AJ33: 2029 | AK33: 2030 | AL33: 2031 | AM33: 2032 | AN33: 2033 | AO33: 2034 | AP33: 2035 | AQ33: 2036 | AR33: 2037 | AS33: 2038 | AT33: 2039 | AU33: 2040 | AV33: 2041 | AW33: 2042 | AX33: 2043 | AY33: 2044 | AZ33: 2045 | BA33: 2046 | BB33: 2047 | BC33: 2048 | BD33: 2049 | BE33: 2050
A34: ='Population Definitions'!$A$2 -> PWID_males | C34: Rate (per year) | D34: 0.094387755 | E34: 0.25 | F34: OR
A35: ='Population Definitions'!$A$3 -> PWID_females | C35: Rate (per year) | D35: 0.094387755 | E35: 0.25 | F35: OR
A36: ='Population Definitions'!$A$4 -> 0-9_males | C36: Rate (per year) | D36: 0.094387755 | E36: 0.25 | F36: OR
A37: ='Population Definitions'!$A$5 -> 0-9_females | C37: Rate (per year) | D37: 0.094387755 | E37: 0.25 | F37: OR
A38: ='Population Definitions'!$A$6 -> 10-17_males | C38: Rate (per year) | D38: 0.094387755 | E38: 0.25 | F38: OR
A39: ='Population Definitions'!$A$7 -> 10-17_females | C39: Rate (per year) | D39: 0.094387755 | E39: 0.25 | F39: OR
A40: ='Population Definitions'!$A$8 -> 18-64_males | C40: Rate (per year) | D40: 0.094387755 | E40: 0.25 | F40: OR
A41: ='Population Definitions'!$A$9 -> 18-64_females | C41: Rate (per year) | D41: 0.094387755 | E41: 0.25 | F41: OR
A42: ='Population Definitions'!$A$10 -> 65+_males | C42: Rate (per year) | D42: 0.094387755 | E42: 0.25 | F42: OR
A43: ='Population Definitions'!$A$11 -> 65+_females | C43: Rate (per year) | D43: 0.094387755 | E43: 0.25 | F43: OR
A44: ='Population Definitions'!$A$12 -> Prisoners_males | C44: Rate (per year) | D44: 0.094387755 | E44: 0.25 | F44: OR
A45: ='Population Definitions'!$A$13 -> Prisoners_females | C45: Rate (per year) | D45: 0.094387755 | E45: 0.25 | F45: OR
A46: ='Population Definitions'!$A$14 -> Prisoners_PWID_males | C46: Rate (per year) | D46: 0.094387755 | E46: 0.25 | F46: OR
A47: ='Population Definitions'!$A$15 -> Prisoners_PWID_females | C47: Rate (per year) | D47: 0.094387755 | E47: 0.25 | F47: OR
A49: F1 to F2 progression rate (intermediate step) | B49: Provenance | C49: Units | D49: Uncertainty | E49: Constant | G49: 2000 | H49: 2001 | I49: 2002 | J49: 2003 | K49: 2004 | L49: 2005 | M49: 2006 | N49: 2007 | O49: 2008 | P49: 2009 | Q49: 2010 | R49: 2011 | S49: 2012 | T49: 2013 | U49: 2014 | V49: 2015 | W49: 2016 | X49: 2017 | Y49: 2018 | Z49: 2019 | AA49: 2020 | AB49: 2021 | AC49: 2022 | AD49: 2023 | AE49: 2024 | AF49: 2025 | AG49: 2026 | AH49: 2027 | AI49: 2028 | AJ49: 2029 | AK49: 2030 | AL49: 2031 | AM49: 2032 | AN49: 2033 | AO49: 2034 | AP49: 2035 | AQ49: 2036 | AR49: 2037 | AS49: 2038 | AT49: 2039 | AU49: 2040 | AV49: 2041 | AW49: 2042 | AX49: 2043 | AY49: 2044 | AZ49: 2045 | BA49: 2046 | BB49: 2047 | BC49: 2048 | BD49: 2049 | BE49: 2050
A50: ='Population Definitions'!$A$2 -> PWID_males | C50: Rate (per year) | D50: 0.030612245 | E50: 0.08 | F50: OR
A51: ='Population Definitions'!$A$3 -> PWID_females | C51: Rate (per year) | D51: 0.030612245 | E51: 0.08 | F51: OR
A52: ='Population Definitions'!$A$4 -> 0-9_males | C52: Rate (per year) | D52: 0.030612245 | E52: 0.08 | F52: OR
A53: ='Population Definitions'!$A$5 -> 0-9_females | C53: Rate (per year) | D53: 0.030612245 | E53: 0.08 | F53: OR
A54: ='Population Definitions'!$A$6 -> 10-17_males | C54: Rate (per year) | D54: 0.030612245 | E54: 0.08 | F54: OR
A55: ='Population Definitions'!$A$7 -> 10-17_females | C55: Rate (per year) | D55: 0.030612245 | E55: 0.08 | F55: OR
A56: ='Population Definitions'!$A$8 -> 18-64_males | C56: Rate (per year) | D56: 0.030612245 | E56: 0.08 | F56: OR
A57: ='Population Definitions'!$A$9 -> 18-64_females | C57: Rate (per year) | D57: 0.030612245 | E57: 0.08 | F57: OR
A58: ='Population Definitions'!$A$10 -> 65+_males | C58: Rate (per year) | D58: 0.030612245 | E58: 0.08 | F58: OR
A59: ='Population Definitions'!$A$11 -> 65+_females | C59: Rate (per year) | D59: 0.030612245 | E59: 0.08 | F59: OR
A60: ='Population Definitions'!$A$12 -> Prisoners_males | C60: Rate (per year) | D60: 0.030612245 | E60: 0.08 | F60: OR
A61: ='Population Definitions'!$A$13 -> Prisoners_females | C61: Rate (per year) | D61: 0.030612245 | E61: 0.08 | F61: OR
A62: ='Population Definitions'!$A$14 -> Prisoners_PWID_males | C62: Rate (per year) | D62: 0.030612245 | E62: 0.08 | F62: OR
A63: ='Population Definitions'!$A$15 -> Prisoners_PWID_females | C63: Rate (per year) | D63: 0.030612245 | E63: 0.08 | F63: OR
A65: F2 to F3 progression rate (intermediate step) | B65: Provenance | C65: Units | D65: Uncertainty | E65: Constant | G65: 2000 | H65: 2001 | I65: 2002 | J65: 2003 | K65: 2004 | L65: 2005 | M65: 2006 | N65: 2007 | O65: 2008 | P65: 2009 | Q65: 2010 | R65: 2011 | S65: 2012 | T65: 2013 | U65: 2014 | V65: 2015 | W65: 2016 | X65: 2017 | Y65: 2018 | Z65: 2019 | AA65: 2020 | AB65: 2021 | AC65: 2022 | AD65: 2023 | AE65: 2024 | AF65: 2025 | AG65: 2026 | AH65: 2027 | AI65: 2028 | AJ65: 2029 | AK65: 2030 | AL65: 2031 | AM65: 2032 | AN65: 2033 | AO65: 2034 | AP65: 2035 | AQ65: 2036 | AR65: 2037 | AS65: 2038 | AT65: 2039 | AU65: 2040 | AV65: 2041 | AW65: 2042 | AX65: 2043 | AY65: 2044 | AZ65: 2045 | BA65: 2046 | BB65: 2047 | BC65: 2048 | BD65: 2049 | BE65: 2050
A66: ='Population Definitions'!$A$2 -> PWID_males | C66: Rate (per year) | D66: 0.015306122 | E66: 0.03 | F66: OR
A67: ='Population Definitions'!$A$3 -> PWID_females | C67: Rate (per year) | D67: 0.015306122 | E67: 0.03 | F67: OR
A68: ='Population Definitions'!$A$4 -> 0-9_males | C68: Rate (per year) | D68: 0.015306122 | E68: 0.03 | F68: OR
A69: ='Population Definitions'!$A$5 -> 0-9_females | C69: Rate (per year) | D69: 0.015306122 | E69: 0.03 | F69: OR
A70: ='Population Definitions'!$A$6 -> 10-17_males | C70: Rate (per year) | D70: 0.015306122 | E70: 0.03 | F70: OR
A71: ='Population Definitions'!$A$7 -> 10-17_females | C71: Rate (per year) | D71: 0.015306122 | E71: 0.03 | F71: OR
A72: ='Population Definitions'!$A$8 -> 18-64_males | C72: Rate (per year) | D72: 0.015306122 | E72: 0.03 | F72: OR
A73: ='Population Definitions'!$A$9 -> 18-64_females | C73: Rate (per year) | D73: 0.015306122 | E73: 0.03 | F73: OR
A74: ='Population Definitions'!$A$10 -> 65+_males | C74: Rate (per year) | D74: 0.015306122 | E74: 0.03 | F74: OR
A75: ='Population Definitions'!$A$11 -> 65+_females | C75: Rate (per year) | D75: 0.015306122 | E75: 0.03 | F75: OR
A76: ='Population Definitions'!$A$12 -> Prisoners_males | C76: Rate (per year) | D76: 0.015306122 | E76: 0.03 | F76: OR
A77: ='Population Definitions'!$A$13 -> Prisoners_females | C77: Rate (per year) | D77: 0.015306122 | E77: 0.03 | F77: OR
A78: ='Population Definitions'!$A$14 -> Prisoners_PWID_males | C78: Rate (per year) | D78: 0.015306122 | E78: 0.03 | F78: OR
A79: ='Population Definitions'!$A$15 -> Prisoners_PWID_females | C79: Rate (per year) | D79: 0.015306122 | E79: 0.03 | F79: OR
A81: F3 to F4 progression rate (intermediate step) | B81: Provenance | C81: Units | D81: Uncertainty | E81: Constant | G81: 2000 | H81: 2001 | I81: 2002 | J81: 2003 | K81: 2004 | L81: 2005 | M81: 2006 | N81: 2007 | O81: 2008 | P81: 2009 | Q81: 2010 | R81: 2011 | S81: 2012 | T81: 2013 | U81: 2014 | V81: 2015 | W81: 2016 | X81: 2017 | Y81: 2018 | Z81: 2019 | AA81: 2020 | AB81: 2021 | AC81: 2022 | AD81: 2023 | AE81: 2024 | AF81: 2025 | AG81: 2026 | AH81: 2027 | AI81: 2028 | AJ81: 2029 | AK81: 2030 | AL81: 2031 | AM81: 2032 | AN81: 2033 | AO81: 2034 | AP81: 2035 | AQ81: 2036 | AR81: 2037 | AS81: 2038 | AT81: 2039 | AU81: 2040 | AV81: 2041 | AW81: 2042 | AX81: 2043 | AY81: 2044 | AZ81: 2045 | BA81: 2046 | BB81: 2047 | BC81: 2048 | BD81: 2049 | BE81: 2050
A82: ='Population Definitions'!$A$2 -> PWID_males | C82: Rate (per year) | D82: 0.051020408 | E82: 0.1 | F82: OR
A83: ='Population Definitions'!$A$3 -> PWID_females | C83: Rate (per year) | D83: 0.051020408 | E83: 0.1 | F83: OR
A84: ='Population Definitions'!$A$4 -> 0-9_males | C84: Rate (per year) | D84: 0.051020408 | E84: 0.1 | F84: OR
A85: ='Population Definitions'!$A$5 -> 0-9_females | C85: Rate (per year) | D85: 0.051020408 | E85: 0.1 | F85: OR
A86: ='Population Definitions'!$A$6 -> 10-17_males | C86: Rate (per year) | D86: 0.051020408 | E86: 0.1 | F86: OR
A87: ='Population Definitions'!$A$7 -> 10-17_females | C87: Rate (per year) | D87: 0.051020408 | E87: 0.1 | F87: OR
A88: ='Population Definitions'!$A$8 -> 18-64_males | C88: Rate (per year) | D88: 0.051020408 | E88: 0.1 | F88: OR
A89: ='Population Definitions'!$A$9 -> 18-64_females | C89: Rate (per year) | D89: 0.051020408 | E89: 0.1 | F89: OR
A90: ='Population Definitions'!$A$10 -> 65+_males | C90: Rate (per year) | D90: 0.051020408 | E90: 0.1 | F90: OR
A91: ='Population Definitions'!$A$11 -> 65+_females | C91: Rate (per year) | D91: 0.051020408 | E91: 0.1 | F91: OR
A92: ='Population Definitions'!$A$12 -> Prisoners_males | C92: Rate (per year) | D92: 0.051020408 | E92: 0.1 | F92: OR
A93: ='Population Definitions'!$A$13 -> Prisoners_females | C93: Rate (per year) | D93: 0.051020408 | E93: 0.1 | F93: OR
A94: ='Population Definitions'!$A$14 -> Prisoners_PWID_males | C94: Rate (per year) | D94: 0.051020408 | E94: 0.1 | F94: OR
A95: ='Population Definitions'!$A$15 -> Prisoners_PWID_females | C95: Rate (per year) | D95: 0.051020408 | E95: 0.1 | F95: OR
A97: F4 to DC progression rate (intermediate step) | B97: Provenance | C97: Units | D97: Uncertainty | E97: Constant | G97: 2000 | H97: 2001 | I97: 2002 | J97: 2003 | K97: 2004 | L97: 2005 | M97: 2006 | N97: 2007 | O97: 2008 | P97: 2009 | Q97: 2010 | R97: 2011 | S97: 2012 | T97: 2013 | U97: 2014 | V97: 2015 | W97: 2016 | X97: 2017 | Y97: 2018 | Z97: 2019 | AA97: 2020 | AB97: 2021 | AC97: 2022 | AD97: 2023 | AE97: 2024 | AF97: 2025 | AG97: 2026 | AH97: 2027 | AI97: 2028 | AJ97: 2029 | AK97: 2030 | AL97: 2031 | AM97: 2032 | AN97: 2033 | AO97: 2034 | AP97: 2035 | AQ97: 2036 | AR97: 2037 | AS97: 2038 | AT97: 2039 | AU97: 2040 | AV97: 2041 | AW97: 2042 | AX97: 2043 | AY97: 2044 | AZ97: 2045 | BA97: 2046 | BB97: 2047 | BC97: 2048 | BD97: 2049 | BE97: 2050
A98: ='Population Definitions'!$A$2 -> PWID_males | C98: Rate (per year) | D98: 0.0035714286 | E98: 0.055 | F98: OR
A99: ='Population Definitions'!$A$3 -> PWID_females | C99: Rate (per year) | D99: 0.0035714286 | E99: 0.055 | F99: OR
A100: ='Population Definitions'!$A$4 -> 0-9_males | C100: Rate (per year) | D100: 0.0035714286 | E100: 0.055 | F100: OR
A101: ='Population Definitions'!$A$5 -> 0-9_females | C101: Rate (per year) | D101: 0.0035714286 | E101: 0.055 | F101: OR
A102: ='Population Definitions'!$A$6 -> 10-17_males | C102: Rate (per year) | D102: 0.0035714286 | E102: 0.055 | F102: OR
A103: ='Population Definitions'!$A$7 -> 10-17_females | C103: Rate (per year) | D103: 0.0035714286 | E103: 0.055 | F103: OR
A104: ='Population Definitions'!$A$8 -> 18-64_males | C104: Rate (per year) | D104: 0.0035714286 | E104: 0.055 | F104: OR
A105: ='Population Definitions'!$A$9 -> 18-64_females | C105: Rate (per year) | D105: 0.0035714286 | E105: 0.055 | F105: OR
A106: ='Population Definitions'!$A$10 -> 65+_males | C106: Rate (per year) | D106: 0.0035714286 | E106: 0.055 | F106: OR
...

Sheet Diagnosis
A1: Antibody testing rate in F0-F2, undiagnosed, in care (intermediate step) | B1: Provenance | C1: Units | D1: Uncertainty | E1: Constant | G1: 2000 | H1: 2001 | I1: 2002 | J1: 2003 | K1: 2004 | L1: 2005 | M1: 2006 | N1: 2007 | O1: 2008 | P1: 2009 | Q1: 2010 | R1: 2011 | S1: 2012 | T1: 2013 | U1: 2014 | V1: 2015 | W1: 2016 | X1: 2017 | Y1: 2018 | Z1: 2019 | AA1: 2020 | AB1: 2021 | AC1: 2022 | AD1: 2023 | AE1: 2024 | AF1: 2025 | AG1: 2026 | AH1: 2027 | AI1: 2028 | AJ1: 2029 | AK1: 2030 | AL1: 2031 | AM1: 2032 | AN1: 2033 | AO1: 2034 | AP1: 2035 | AQ1: 2036 | AR1: 2037 | AS1: 2038 | AT1: 2039 | AU1: 2040 | AV1: 2041 | AW1: 2042 | AX1: 2043 | AY1: 2044 | AZ1: 2045 | BA1: 2046 | BB1: 2047 | BC1: 2048 | BD1: 2049 | BE1: 2050
A2: ='Population Definitions'!$A$2 -> PWID_males | C2: Rate (per year) | D2: 0.025765306 | F2: OR | G2: 0.00475 | R2: 0.0095
A3: ='Population Definitions'!$A$3 -> PWID_females | C3: Rate (per year) | D3: 0.025765306 | F3: OR | G3: 0.00475 | R3: 0.0095
A4: ='Population Definitions'!$A$4 -> 0-9_males | C4: Rate (per year) | E4: 0.01 | F4: OR
A5: ='Population Definitions'!$A$5 -> 0-9_females | C5: Rate (per year) | E5: 0.01 | F5: OR
A6: ='Population Definitions'!$A$6 -> 10-17_males | C6: Rate (per year) | E6: 0.01 | F6: OR
A7: ='Population Definitions'!$A$7 -> 10-17_females | C7: Rate (per year) | E7: 0.01 | F7: OR
A8: ='Population Definitions'!$A$8 -> 18-64_males | C8: Rate (per year) | E8: 0.05 | F8: OR
A9: ='Population Definitions'!$A$9 -> 18-64_females | C9: Rate (per year) | E9: 0.05 | F9: OR
A10: ='Population Definitions'!$A$10 -> 65+_males | C10: Rate (per year) | E10: 0.05 | F10: OR
A11: ='Population Definitions'!$A$11 -> 65+_females | C11: Rate (per year) | E11: 0.05 | F11: OR
A12: ='Population Definitions'!$A$12 -> Prisoners_males | C12: Rate (per year) | F12: OR | G12: 0.00475 | R12: 0.0095
A13: ='Population Definitions'!$A$13 -> Prisoners_females | C13: Rate (per year) | F13: OR | G13: 0.00475 | R13: 0.0095
A14: ='Population Definitions'!$A$14 -> Prisoners_PWID_males | C14: Rate (per year) | F14: OR | G14: 0.00475 | R14: 0.0095
A15: ='Population Definitions'!$A$15 -> Prisoners_PWID_females | C15: Rate (per year) | F15: OR | G15: 0.00475 | R15: 0.0095
A17: Antibody testing rate in F3+, undiagnosed, in care (intermediate step) | B17: Provenance | C17: Units | D17: Uncertainty | E17: Constant | G17: 2000 | H17: 2001 | I17: 2002 | J17: 2003 | K17: 2004 | L17: 2005 | M17: 2006 | N17: 2007 | O17: 2008 | P17: 2009 | Q17: 2010 | R17: 2011 | S17: 2012 | T17: 2013 | U17: 2014 | V17: 2015 | W17: 2016 | X17: 2017 | Y17: 2018 | Z17: 2019 | AA17: 2020 | AB17: 2021 | AC17: 2022 | AD17: 2023 | AE17: 2024 | AF17: 2025 | AG17: 2026 | AH17: 2027 | AI17: 2028 | AJ17: 2029 | AK17: 2030 | AL17: 2031 | AM17: 2032 | AN17: 2033 | AO17: 2034 | AP17: 2035 | AQ17: 2036 | AR17: 2037 | AS17: 2038 | AT17: 2039 | AU17: 2040 | AV17: 2041 | AW17: 2042 | AX17: 2043 | AY17: 2044 | AZ17: 2045 | BA17: 2046 | BB17: 2047 | BC17: 2048 | BD17: 2049 | BE17: 2050
A18: ='Population Definitions'!$A$2 -> PWID_males | C18: Rate (per year) | D18: 0.025765306 | F18: OR | G18: 0.00475 | R18: 0.0095
A19: ='Population Definitions'!$A$3 -> PWID_females | C19: Rate (per year) | D19: 0.025765306 | F19: OR | G19: 0.00475 | R19: 0.0095
A20: ='Population Definitions'!$A$4 -> 0-9_males | C20: Rate (per year) | E20: 0.01 | F20: OR
A21: ='Population Definitions'!$A$5 -> 0-9_females | C21: Rate (per year) | E21: 0.01 | F21: OR
A22: ='Population Definitions'!$A$6 -> 10-17_males | C22: Rate (per year) | E22: 0.01 | F22: OR
A23: ='Population Definitions'!$A$7 -> 10-17_females | C23: Rate (per year) | E23: 0.01 | F23: OR
A24: ='Population Definitions'!$A$8 -> 18-64_males | C24: Rate (per year) | E24: 0.05 | F24: OR
A25: ='Population Definitions'!$A$9 -> 18-64_females | C25: Rate (per year) | E25: 0.05 | F25: OR
A26: ='Population Definitions'!$A$10 -> 65+_males | C26: Rate (per year) | E26: 0.05 | F26: OR
A27: ='Population Definitions'!$A$11 -> 65+_females | C27: Rate (per year) | E27: 0.05 | F27: OR
A28: ='Population Definitions'!$A$12 -> Prisoners_males | C28: Rate (per year) | F28: OR | G28: 0.00475 | R28: 0.0095
A29: ='Population Definitions'!$A$13 -> Prisoners_females | C29: Rate (per year) | F29: OR | G29: 0.00475 | R29: 0.0095
A30: ='Population Definitions'!$A$14 -> Prisoners_PWID_males | C30: Rate (per year) | F30: OR | G30: 0.00475 | R30: 0.0095
A31: ='Population Definitions'!$A$15 -> Prisoners_PWID_females | C31: Rate (per year) | F31: OR | G31: 0.00475 | R31: 0.0095
A33: RNA testing rate in F0-F2, Ab diagnosed, in care (intermediate step) | B33: Provenance | C33: Units | D33: Uncertainty | E33: Constant | G33: 2000 | H33: 2001 | I33: 2002 | J33: 2003 | K33: 2004 | L33: 2005 | M33: 2006 | N33: 2007 | O33: 2008 | P33: 2009 | Q33: 2010 | R33: 2011 | S33: 2012 | T33: 2013 | U33: 2014 | V33: 2015 | W33: 2016 | X33: 2017 | Y33: 2018 | Z33: 2019 | AA33: 2020 | AB33: 2021 | AC33: 2022 | AD33: 2023 | AE33: 2024 | AF33: 2025 | AG33: 2026 | AH33: 2027 | AI33: 2028 | AJ33: 2029 | AK33: 2030 | AL33: 2031 | AM33: 2032 | AN33: 2033 | AO33: 2034 | AP33: 2035 | AQ33: 2036 | AR33: 2037 | AS33: 2038 | AT33: 2039 | AU33: 2040 | AV33: 2041 | AW33: 2042 | AX33: 2043 | AY33: 2044 | AZ33: 2045 | BA33: 2046 | BB33: 2047 | BC33: 2048 | BD33: 2049 | BE33: 2050
A34: ='Population Definitions'!$A$2 -> PWID_males | C34: Rate (per year) | E34: 0.4 | F34: OR
A35: ='Population Definitions'!$A$3 -> PWID_females | C35: Rate (per year) | E35: 0.4 | F35: OR
A36: ='Population Definitions'!$A$4 -> 0-9_males | C36: Rate (per year) | E36: 0.4 | F36: OR
A37: ='Population Definitions'!$A$5 -> 0-9_females | C37: Rate (per year) | E37: 0.4 | F37: OR
A38: ='Population Definitions'!$A$6 -> 10-17_males | C38: Rate (per year) | E38: 0.4 | F38: OR
A39: ='Population Definitions'!$A$7 -> 10-17_females | C39: Rate (per year) | E39: 0.4 | F39: OR
A40: ='Population Definitions'!$A$8 -> 18-64_males | C40: Rate (per year) | E40: 0.4 | F40: OR
A41: ='Population Definitions'!$A$9 -> 18-64_females | C41: Rate (per year) | E41: 0.4 | F41: OR
A42: ='Population Definitions'!$A$10 -> 65+_males | C42: Rate (per year) | E42: 0.4 | F42: OR
A43: ='Population Definitions'!$A$11 -> 65+_females | C43: Rate (per year) | E43: 0.4 | F43: OR
A44: ='Population Definitions'!$A$12 -> Prisoners_males | C44: Rate (per year) | E44: 0.4 | F44: OR
A45: ='Population Definitions'!$A$13 -> Prisoners_females | C45: Rate (per year) | E45: 0.4 | F45: OR
A46: ='Population Definitions'!$A$14 -> Prisoners_PWID_males | C46: Rate (per year) | E46: 0.4 | F46: OR
A47: ='Population Definitions'!$A$15 -> Prisoners_PWID_females | C47: Rate (per year) | E47: 0.4 | F47: OR
A49: RNA testing rate in F3+, Ab diagnosed, in care (intermediate step) | B49: Provenance | C49: Units | D49: Uncertainty | E49: Constant | G49: 2000 | H49: 2001 | I49: 2002 | J49: 2003 | K49: 2004 | L49: 2005 | M49: 2006 | N49: 2007 | O49: 2008 | P49: 2009 | Q49: 2010 | R49: 2011 | S49: 2012 | T49: 2013 | U49: 2014 | V49: 2015 | W49: 2016 | X49: 2017 | Y49: 2018 | Z49: 2019 | AA49: 2020 | AB49: 2021 | AC49: 2022 | AD49: 2023 | AE49: 2024 | AF49: 2025 | AG49: 2026 | AH49: 2027 | AI49: 2028 | AJ49: 2029 | AK49: 2030 | AL49: 2031 | AM49: 2032 | AN49: 2033 | AO49: 2034 | AP49: 2035 | AQ49: 2036 | AR49: 2037 | AS49: 2038 | AT49: 2039 | AU49: 2040 | AV49: 2041 | AW49: 2042 | AX49: 2043 | AY49: 2044 | AZ49: 2045 | BA49: 2046 | BB49: 2047 | BC49: 2048 | BD49: 2049 | BE49: 2050
A50: ='Population Definitions'!$A$2 -> PWID_males | C50: Rate (per year) | E50: 0.4 | F50: OR
A51: ='Population Definitions'!$A$3 -> PWID_females | C51: Rate (per year) | E51: 0.4 | F51: OR
A52: ='Population Definitions'!$A$4 -> 0-9_males | C52: Rate (per year) | E52: 0.4 | F52: OR
A53: ='Population Definitions'!$A$5 -> 0-9_females | C53: Rate (per year) | E53: 0.4 | F53: OR
A54: ='Population Definitions'!$A$6 -> 10-17_males | C54: Rate (per year) | E54: 0.4 | F54: OR
A55: ='Population Definitions'!$A$7 -> 10-17_females | C55: Rate (per year) | E55: 0.4 | F55: OR
A56: ='Population Definitions'!$A$8 -> 18-64_males | C56: Rate (per year) | E56: 0.4 | F56: OR
A57: ='Population Definitions'!$A$9 -> 18-64_females | C57: Rate (per year) | E57: 0.4 | F57: OR
A58: ='Population Definitions'!$A$10 -> 65+_males | C58: Rate (per year) | E58: 0.4 | F58: OR
A59: ='Population Definitions'!$A$11 -> 65+_females | C59: Rate (per year) | E59: 0.4 | F59: OR
A60: ='Population Definitions'!$A$12 -> Prisoners_males | C60: Rate (per year) | E60: 0.4 | F60: OR
A61: ='Population Definitions'!$A$13 -> Prisoners_females | C61: Rate (per year) | E61: 0.4 | F61: OR
A62: ='Population Definitions'!$A$14 -> Prisoners_PWID_males | C62: Rate (per year) | E62: 0.4 | F62: OR
A63: ='Population Definitions'!$A$15 -> Prisoners_PWID_females | C63: Rate (per year) | E63: 0.4 | F63: OR

Sheet Loss to follow-up
A1: Loss to follow-up rate on antibody test in F0-F2 | B1: Provenance | C1: Units | D1: Uncertainty | E1: Constant | G1: 2000 | H1: 2001 | I1: 2002 | J1: 2003 | K1: 2004 | L1: 2005 | M1: 2006 | N1: 2007 | O1: 2008 | P1: 2009 | Q1: 2010 | R1: 2011 | S1: 2012 | T1: 2013 | U1: 2014 | V1: 2015 | W1: 2016 | X1: 2017 | Y1: 2018 | Z1: 2019 | AA1: 2020 | AB1: 2021 | AC1: 2022 | AD1: 2023 | AE1: 2024 | AF1: 2025 | AG1: 2026 | AH1: 2027 | AI1: 2028 | AJ1: 2029 | AK1: 2030 | AL1: 2031 | AM1: 2032 | AN1: 2033 | AO1: 2034 | AP1: 2035 | AQ1: 2036 | AR1: 2037 | AS1: 2038 | AT1: 2039 | AU1: 2040 | AV1: 2041 | AW1: 2042 | AX1: 2043 | AY1: 2044 | AZ1: 2045 | BA1: 2046 | BB1: 2047 | BC1: 2048 | BD1: 2049 | BE1: 2050
A2: ='Population Definitions'!$A$2 -> PWID_males | B2: Framework-supplied default | C2: Proportion | E2: 0 | F2: OR
A3: ='Population Definitions'!$A$3 -> PWID_females | B3: Framework-supplied default | C3: Proportion | E3: 0 | F3: OR
A4: ='Population Definitions'!$A$4 -> 0-9_males | B4: Framework-supplied default | C4: Proportion | E4: 0 | F4: OR
A5: ='Population Definitions'!$A$5 -> 0-9_females | B5: Framework-supplied default | C5: Proportion | E5: 0 | F5: OR
A6: ='Population Definitions'!$A$6 -> 10-17_males | B6: Framework-supplied default | C6: Proportion | E6: 0 | F6: OR
A7: ='Population Definitions'!$A$7 -> 10-17_females | B7: Framework-supplied default | C7: Proportion | E7: 0 | F7: OR
A8: ='Population Definitions'!$A$8 -> 18-64_males | B8: Framework-supplied default | C8: Proportion | E8: 0 | F8: OR
A9: ='Population Definitions'!$A$9 -> 18-64_females | B9: Framework-supplied default | C9: Proportion | E9: 0 | F9: OR
A10: ='Population Definitions'!$A$10 -> 65+_males | B10: Framework-supplied default | C10: Proportion | E10: 0 | F10: OR
A11: ='Population Definitions'!$A$11 -> 65+_females | B11: Framework-supplied default | C11: Proportion | E11: 0 | F11: OR
A12: ='Population Definitions'!$A$12 -> Prisoners_males | B12: Framework-supplied default | C12: Proportion | E12: 0 | F12: OR
A13: ='Population Definitions'!$A$13 -> Prisoners_females | B13: Framework-supplied default | C13: Proportion | E13: 0 | F13: OR
A14: ='Population Definitions'!$A$14 -> Prisoners_PWID_males | B14: Framework-supplied default | C14: Proportion | E14: 0 | F14: OR
A15: ='Population Definitions'!$A$15 -> Prisoners_PWID_females | B15: Framework-supplied default | C15: Proportion | E15: 0 | F15: OR
A17: Loss to follow-up rate on antibody test in F3+ | B17: Provenance | C17: Units | D17: Uncertainty | E17: Constant | G17: 2000 | H17: 2001 | I17: 2002 | J17: 2003 | K17: 2004 | L17: 2005 | M17: 2006 | N17: 2007 | O17: 2008 | P17: 2009 | Q17: 2010 | R17: 2011 | S17: 2012 | T17: 2013 | U17: 2014 | V17: 2015 | W17: 2016 | X17: 2017 | Y17: 2018 | Z17: 2019 | AA17: 2020 | AB17: 2021 | AC17: 2022 | AD17: 2023 | AE17: 2024 | AF17: 2025 | AG17: 2026 | AH17: 2027 | AI17: 2028 | AJ17: 2029 | AK17: 2030 | AL17: 2031 | AM17: 2032 | AN17: 2033 | AO17: 2034 | AP17: 2035 | AQ17: 2036 | AR17: 2037 | AS17: 2038 | AT17: 2039 | AU17: 2040 | AV17: 2041 | AW17: 2042 | AX17: 2043 | AY17: 2044 | AZ17: 2045 | BA17: 2046 | BB17: 2047 | BC17: 2048 | BD17: 2049 | BE17: 2050
A18: ='Population Definitions'!$A$2 -> PWID_males | B18: Framework-supplied default | C18: Proportion | E18: 0 | F18: OR
A19: ='Population Definitions'!$A$3 -> PWID_females | B19: Framework-supplied default | C19: Proportion | E19: 0 | F19: OR
A20: ='Population Definitions'!$A$4 -> 0-9_males | B20: Framework-supplied default | C20: Proportion | E20: 0 | F20: OR
A21: ='Population Definitions'!$A$5 -> 0-9_females | B21: Framework-supplied default | C21: Proportion | E21: 0 | F21: OR
A22: ='Population Definitions'!$A$6 -> 10-17_males | B22: Framework-supplied default | C22: Proportion | E22: 0 | F22: OR
A23: ='Population Definitions'!$A$7 -> 10-17_females | B23: Framework-supplied default | C23: Proportion | E23: 0 | F23: OR
A24: ='Population Definitions'!$A$8 -> 18-64_males | B24: Framework-supplied default | C24: Proportion | E24: 0 | F24: OR
A25: ='Population Definitions'!$A$9 -> 18-64_females | B25: Framework-supplied default | C25: Proportion | E25: 0 | F25: OR
A26: ='Population Definitions'!$A$10 -> 65+_males | B26: Framework-supplied default | C26: Proportion | E26: 0 | F26: OR
A27: ='Population Definitions'!$A$11 -> 65+_females | B27: Framework-supplied default | C27: Proportion | E27: 0 | F27: OR
A28: ='Population Definitions'!$A$12 -> Prisoners_males | B28: Framework-supplied default | C28: Proportion | E28: 0 | F28: OR
A29: ='Population Definitions'!$A$13 -> Prisoners_females | B29: Framework-supplied default | C29: Proportion | E29: 0 | F29: OR
A30: ='Population Definitions'!$A$14 -> Prisoners_PWID_males | B30: Framework-supplied default | C30: Proportion | E30: 0 | F30: OR
A31: ='Population Definitions'!$A$15 -> Prisoners_PWID_females | B31: Framework-supplied default | C31: Proportion | E31: 0 | F31: OR
A33: Loss to follow-up rate on PCR test in F0-F2 | B33: Provenance | C33: Units | D33: Uncertainty | E33: Constant | G33: 2000 | H33: 2001 | I33: 2002 | J33: 2003 | K33: 2004 | L33: 2005 | M33: 2006 | N33: 2007 | O33: 2008 | P33: 2009 | Q33: 2010 | R33: 2011 | S33: 2012 | T33: 2013 | U33: 2014 | V33: 2015 | W33: 2016 | X33: 2017 | Y33: 2018 | Z33: 2019 | AA33: 2020 | AB33: 2021 | AC33: 2022 | AD33: 2023 | AE33: 2024 | AF33: 2025 | AG33: 2026 | AH33: 2027 | AI33: 2028 | AJ33: 2029 | AK33: 2030 | AL33: 2031 | AM33: 2032 | AN33: 2033 | AO33: 2034 | AP33: 2035 | AQ33: 2036 | AR33: 2037 | AS33: 2038 | AT33: 2039 | AU33: 2040 | AV33: 2041 | AW33: 2042 | AX33: 2043 | AY33: 2044 | AZ33: 2045 | BA33: 2046 | BB33: 2047 | BC33: 2048 | BD33: 2049 | BE33: 2050
A34: ='Population Definitions'!$A$2 -> PWID_males | B34: Framework-supplied default | C34: Proportion | E34: 0 | F34: OR
A35: ='Population Definitions'!$A$3 -> PWID_females | B35: Framework-supplied default | C35: Proportion | E35: 0 | F35: OR
A36: ='Population Definitions'!$A$4 -> 0-9_males | B36: Framework-supplied default | C36: Proportion | E36: 0 | F36: OR
A37: ='Population Definitions'!$A$5 -> 0-9_females | B37: Framework-supplied default | C37: Proportion | E37: 0 | F37: OR
A38: ='Population Definitions'!$A$6 -> 10-17_males | B38: Framework-supplied default | C38: Proportion | E38: 0 | F38: OR
A39: ='Population Definitions'!$A$7 -> 10-17_females | B39: Framework-supplied default | C39: Proportion | E39: 0 | F39: OR
A40: ='Population Definitions'!$A$8 -> 18-64_males | B40: Framework-supplied default | C40: Proportion | E40: 0 | F40: OR
A41: ='Population Definitions'!$A$9 -> 18-64_females | B41: Framework-supplied default | C41: Proportion | E41: 0 | F41: OR
A42: ='Population Definitions'!$A$10 -> 65+_males | B42: Framework-supplied default | C42: Proportion | E42: 0 | F42: OR
A43: ='Population Definitions'!$A$11 -> 65+_females | B43: Framework-supplied default | C43: Proportion | E43: 0 | F43: OR
A44: ='Population Definitions'!$A$12 -> Prisoners_males | B44: Framework-supplied default | C44: Proportion | E44: 0 | F44: OR
A45: ='Population Definitions'!$A$13 -> Prisoners_females | B45: Framework-supplied default | C45: Proportion | E45: 0 | F45: OR
A46: ='Population Definitions'!$A$14 -> Prisoners_PWID_males | B46: Framework-supplied default | C46: Proportion | E46: 0 | F46: OR
A47: ='Population Definitions'!$A$15 -> Prisoners_PWID_females | B47: Framework-supplied default | C47: Proportion | E47: 0 | F47: OR
A49: Loss to follow-up rate on PCR test in F3+ | B49: Provenance | C49: Units | D49: Uncertainty | E49: Constant | G49: 2000 | H49: 2001 | I49: 2002 | J49: 2003 | K49: 2004 | L49: 2005 | M49: 2006 | N49: 2007 | O49: 2008 | P49: 2009 | Q49: 2010 | R49: 2011 | S49: 2012 | T49: 2013 | U49: 2014 | V49: 2015 | W49: 2016 | X49: 2017 | Y49: 2018 | Z49: 2019 | AA49: 2020 | AB49: 2021 | AC49: 2022 | AD49: 2023 | AE49: 2024 | AF49: 2025 | AG49: 2026 | AH49: 2027 | AI49: 2028 | AJ49: 2029 | AK49: 2030 | AL49: 2031 | AM49: 2032 | AN49: 2033 | AO49: 2034 | AP49: 2035 | AQ49: 2036 | AR49: 2037 | AS49: 2038 | AT49: 2039 | AU49: 2040 | AV49: 2041 | AW49: 2042 | AX49: 2043 | AY49: 2044 | AZ49: 2045 | BA49: 2046 | BB49: 2047 | BC49: 2048 | BD49: 2049 | BE49: 2050
A50: ='Population Definitions'!$A$2 -> PWID_males | B50: Framework-supplied default | C50: Proportion | E50: 0 | F50: OR
A51: ='Population Definitions'!$A$3 -> PWID_females | B51: Framework-supplied default | C51: Proportion | E51: 0 | F51: OR
A52: ='Population Definitions'!$A$4 -> 0-9_males | B52: Framework-supplied default | C52: Proportion | E52: 0 | F52: OR
A53: ='Population Definitions'!$A$5 -> 0-9_females | B53: Framework-supplied default | C53: Proportion | E53: 0 | F53: OR
A54: ='Population Definitions'!$A$6 -> 10-17_males | B54: Framework-supplied default | C54: Proportion | E54: 0 | F54: OR
A55: ='Population Definitions'!$A$7 -> 10-17_females | B55: Framework-supplied default | C55: Proportion | E55: 0 | F55: OR
A56: ='Population Definitions'!$A$8 -> 18-64_males | B56: Framework-supplied default | C56: Proportion | E56: 0 | F56: OR
A57: ='Population Definitions'!$A$9 -> 18-64_females | B57: Framework-supplied default | C57: Proportion | E57: 0 | F57: OR
A58: ='Population Definitions'!$A$10 -> 65+_males | B58: Framework-supplied default | C58: Proportion | E58: 0 | F58: OR
A59: ='Population Definitions'!$A$11 -> 65+_females | B59: Framework-supplied default | C59: Proportion | E59: 0 | F59: OR
A60: ='Population Definitions'!$A$12 -> Prisoners_males | B60: Framework-supplied default | C60: Proportion | E60: 0 | F60: OR
A61: ='Population Definitions'!$A$13 -> Prisoners_females | B61: Framework-supplied default | C61: Proportion | E61: 0 | F61: OR
A62: ='Population Definitions'!$A$14 -> Prisoners_PWID_males | B62: Framework-supplied default | C62: Proportion | E62: 0 | F62: OR
A63: ='Population Definitions'!$A$15 -> Prisoners_PWID_females | B63: Framework-supplied default | C63: Proportion | E63: 0 | F63: OR
A65: Loss to follow-up rate after treatment initiation in F0-F2 | B65: Provenance | C65: Units | D65: Uncertainty | E65: Constant | G65: 2000 | H65: 2001 | I65: 2002 | J65: 2003 | K65: 2004 | L65: 2005 | M65: 2006 | N65: 2007 | O65: 2008 | P65: 2009 | Q65: 2010 | R65: 2011 | S65: 2012 | T65: 2013 | U65: 2014 | V65: 2015 | W65: 2016 | X65: 2017 | Y65: 2018 | Z65: 2019 | AA65: 2020 | AB65: 2021 | AC65: 2022 | AD65: 2023 | AE65: 2024 | AF65: 2025 | AG65: 2026 | AH65: 2027 | AI65: 2028 | AJ65: 2029 | AK65: 2030 | AL65: 2031 | AM65: 2032 | AN65: 2033 | AO65: 2034 | AP65: 2035 | AQ65: 2036 | AR65: 2037 | AS65: 2038 | AT65: 2039 | AU65: 2040 | AV65: 2041 | AW65: 2042 | AX65: 2043 | AY65: 2044 | AZ65: 2045 | BA65: 2046 | BB65: 2047 | BC65: 2048 | BD65: 2049 | BE65: 2050
A66: ='Population Definitions'!$A$2 -> PWID_males | B66: Framework-supplied default | C66: Proportion | E66: 0 | F66: OR
A67: ='Population Definitions'!$A$3 -> PWID_females | B67: Framework-supplied default | C67: Proportion | E67: 0 | F67: OR
A68: ='Population Definitions'!$A$4 -> 0-9_males | B68: Framework-supplied default | C68: Proportion | E68: 0 | F68: OR
A69: ='Population Definitions'!$A$5 -> 0-9_females | B69: Framework-supplied default | C69: Proportion | E69: 0 | F69: OR
A70: ='Population Definitions'!$A$6 -> 10-17_males | B70: Framework-supplied default | C70: Proportion | E70: 0 | F70: OR
A71: ='Population Definitions'!$A$7 -> 10-17_females | B71: Framework-supplied default | C71: Proportion | E71: 0 | F71: OR
A72: ='Population Definitions'!$A$8 -> 18-64_males | B72: Framework-supplied default | C72: Proportion | E72: 0 | F72: OR
A73: ='Population Definitions'!$A$9 -> 18-64_females | B73: Framework-supplied default | C73: Proportion | E73: 0 | F73: OR
A74: ='Population Definitions'!$A$10 -> 65+_males | B74: Framework-supplied default | C74: Proportion | E74: 0 | F74: OR
A75: ='Population Definitions'!$A$11 -> 65+_females | B75: Framework-supplied default | C75: Proportion | E75: 0 | F75: OR
A76: ='Population Definitions'!$A$12 -> Prisoners_males | B76: Framework-supplied default | C76: Proportion | E76: 0 | F76: OR
A77: ='Population Definitions'!$A$13 -> Prisoners_females | B77: Framework-supplied default | C77: Proportion | E77: 0 | F77: OR
A78: ='Population Definitions'!$A$14 -> Prisoners_PWID_males | B78: Framework-supplied default | C78: Proportion | E78: 0 | F78: OR
A79: ='Population Definitions'!$A$15 -> Prisoners_PWID_females | B79: Framework-supplied default | C79: Proportion | E79: 0 | F79: OR
A81: Loss to follow-up rate after treatment initiation in F3+ | B81: Provenance | C81: Units | D81: Uncertainty | E81: Constant | G81: 2000 | H81: 2001 | I81: 2002 | J81: 2003 | K81: 2004 | L81: 2005 | M81: 2006 | N81: 2007 | O81: 2008 | P81: 2009 | Q81: 2010 | R81: 2011 | S81: 2012 | T81: 2013 | U81: 2014 | V81: 2015 | W81: 2016 | X81: 2017 | Y81: 2018 | Z81: 2019 | AA81: 2020 | AB81: 2021 | AC81: 2022 | AD81: 2023 | AE81: 2024 | AF81: 2025 | AG81: 2026 | AH81: 2027 | AI81: 2028 | AJ81: 2029 | AK81: 2030 | AL81: 2031 | AM81: 2032 | AN81: 2033 | AO81: 2034 | AP81: 2035 | AQ81: 2036 | AR81: 2037 | AS81: 2038 | AT81: 2039 | AU81: 2040 | AV81: 2041 | AW81: 2042 | AX81: 2043 | AY81: 2044 | AZ81: 2045 | BA81: 2046 | BB81: 2047 | BC81: 2048 | BD81: 2049 | BE81: 2050
A82: ='Population Definitions'!$A$2 -> PWID_males | B82: Framework-supplied default | C82: Proportion | E82: 0 | F82: OR
A83: ='Population Definitions'!$A$3 -> PWID_females | B83: Framework-supplied default | C83: Proportion | E83: 0 | F83: OR
A84: ='Population Definitions'!$A$4 -> 0-9_males | B84: Framework-supplied default | C84: Proportion | E84: 0 | F84: OR
A85: ='Population Definitions'!$A$5 -> 0-9_females | B85: Framework-supplied default | C85: Proportion | E85: 0 | F85: OR
A86: ='Population Definitions'!$A$6 -> 10-17_males | B86: Framework-supplied default | C86: Proportion | E86: 0 | F86: OR
A87: ='Population Definitions'!$A$7 -> 10-17_females | B87: Framework-supplied default | C87: Proportion | E87: 0 | F87: OR
A88: ='Population Definitions'!$A$8 -> 18-64_males | B88: Framework-supplied default | C88: Proportion | E88: 0 | F88: OR
A89: ='Population Definitions'!$A$9 -> 18-64_females | B89: Framework-supplied default | C89: Proportion | E89: 0 | F89: OR
A90: ='Population Definitions'!$A$10 -> 65+_males | B90: Framework-supplied default | C90: Proportion | E90: 0 | F90: OR
A91: ='Population Definitions'!$A$11 -> 65+_females | B91: Framework-supplied default | C91: Proportion | E91: 0 | F91: OR
A92: ='Population Definitions'!$A$12 -> Prisoners_males | B92: Framework-supplied default | C92: Proportion | E92: 0 | F92: OR
A93: ='Population Definitions'!$A$13 -> Prisoners_females | B93: Framework-supplied default | C93: Proportion | E93: 0 | F93: OR
A94: ='Population Definitions'!$A$14 -> Prisoners_PWID_males | B94: Framework-supplied default | C94: Proportion | E94: 0 | F94: OR
A95: ='Population Definitions'!$A$15 -> Prisoners_PWID_females | B95: Framework-supplied default | C95: Proportion | E95: 0 | F95: OR

Sheet Re-engagement
A1: Antibody re-engagement in care, F0-F2, lost to follow-up after Ab test | B1: Provenance | C1: Units | D1: Uncertainty | E1: Constant | G1: 2000 | H1: 2001 | I1: 2002 | J1: 2003 | K1: 2004 | L1: 2005 | M1: 2006 | N1: 2007 | O1: 2008 | P1: 2009 | Q1: 2010 | R1: 2011 | S1: 2012 | T1: 2013 | U1: 2014 | V1: 2015 | W1: 2016 | X1: 2017 | Y1: 2018 | Z1: 2019 | AA1: 2020 | AB1: 2021 | AC1: 2022 | AD1: 2023 | AE1: 2024 | AF1: 2025 | AG1: 2026 | AH1: 2027 | AI1: 2028 | AJ1: 2029 | AK1: 2030 | AL1: 2031 | AM1: 2032 | AN1: 2033 | AO1: 2034 | AP1: 2035 | AQ1: 2036 | AR1: 2037 | AS1: 2038 | AT1: 2039 | AU1: 2040 | AV1: 2041 | AW1: 2042 | AX1: 2043 | AY1: 2044 | AZ1: 2045 | BA1: 2046 | BB1: 2047 | BC1: 2048 | BD1: 2049 | BE1: 2050
A2: ='Population Definitions'!$A$2 -> PWID_males | B2: Framework-supplied default | C2: Rate (per year) | E2: 0 | F2: OR
A3: ='Population Definitions'!$A$3 -> PWID_females | B3: Framework-supplied default | C3: Rate (per year) | E3: 0 | F3: OR
A4: ='Population Definitions'!$A$4 -> 0-9_males | B4: Framework-supplied default | C4: Rate (per year) | E4: 0 | F4: OR
A5: ='Population Definitions'!$A$5 -> 0-9_females | B5: Framework-supplied default | C5: Rate (per year) | E5: 0 | F5: OR
A6: ='Population Definitions'!$A$6 -> 10-17_males | B6: Framework-supplied default | C6: Rate (per year) | E6: 0 | F6: OR
A7: ='Population Definitions'!$A$7 -> 10-17_females | B7: Framework-supplied default | C7: Rate (per year) | E7: 0 | F7: OR
A8: ='Population Definitions'!$A$8 -> 18-64_males | B8: Framework-supplied default | C8: Rate (per year) | E8: 0 | F8: OR
A9: ='Population Definitions'!$A$9 -> 18-64_females | B9: Framework-supplied default | C9: Rate (per year) | E9: 0 | F9: OR
A10: ='Population Definitions'!$A$10 -> 65+_males | B10: Framework-supplied default | C10: Rate (per year) | E10: 0 | F10: OR
A11: ='Population Definitions'!$A$11 -> 65+_females | B11: Framework-supplied default | C11: Rate (per year) | E11: 0 | F11: OR
A12: ='Population Definitions'!$A$12 -> Prisoners_males | B12: Framework-supplied default | C12: Rate (per year) | E12: 0 | F12: OR
A13: ='Population Definitions'!$A$13 -> Prisoners_females | B13: Framework-supplied default | C13: Rate (per year) | E13: 0 | F13: OR
A14: ='Population Definitions'!$A$14 -> Prisoners_PWID_males | B14: Framework-supplied default | C14: Rate (per year) | E14: 0 | F14: OR
A15: ='Population Definitions'!$A$15 -> Prisoners_PWID_females | B15: Framework-supplied default | C15: Rate (per year) | E15: 0 | F15: OR
A17: Antibody re-engagement in care, F3+, lost to follow-up after Ab test | B17: Provenance | C17: Units | D17: Uncertainty | E17: Constant | G17: 2000 | H17: 2001 | I17: 2002 | J17: 2003 | K17: 2004 | L17: 2005 | M17: 2006 | N17: 2007 | O17: 2008 | P17: 2009 | Q17: 2010 | R17: 2011 | S17: 2012 | T17: 2013 | U17: 2014 | V17: 2015 | W17: 2016 | X17: 2017 | Y17: 2018 | Z17: 2019 | AA17: 2020 | AB17: 2021 | AC17: 2022 | AD17: 2023 | AE17: 2024 | AF17: 2025 | AG17: 2026 | AH17: 2027 | AI17: 2028 | AJ17: 2029 | AK17: 2030 | AL17: 2031 | AM17: 2032 | AN17: 2033 | AO17: 2034 | AP17: 2035 | AQ17: 2036 | AR17: 2037 | AS17: 2038 | AT17: 2039 | AU17: 2040 | AV17: 2041 | AW17: 2042 | AX17: 2043 | AY17: 2044 | AZ17: 2045 | BA17: 2046 | BB17: 2047 | BC17: 2048 | BD17: 2049 | BE17: 2050
A18: ='Population Definitions'!$A$2 -> PWID_males | B18: Framework-supplied default | C18: Rate (per year) | E18: 0 | F18: OR
A19: ='Population Definitions'!$A$3 -> PWID_females | B19: Framework-supplied default | C19: Rate (per year) | E19: 0 | F19: OR
A20: ='Population Definitions'!$A$4 -> 0-9_males | B20: Framework-supplied default | C20: Rate (per year) | E20: 0 | F20: OR
A21: ='Population Definitions'!$A$5 -> 0-9_females | B21: Framework-supplied default | C21: Rate (per year) | E21: 0 | F21: OR
A22: ='Population Definitions'!$A$6 -> 10-17_males | B22: Framework-supplied default | C22: Rate (per year) | E22: 0 | F22: OR
A23: ='Population Definitions'!$A$7 -> 10-17_females | B23: Framework-supplied default | C23: Rate (per year) | E23: 0 | F23: OR
A24: ='Population Definitions'!$A$8 -> 18-64_males | B24: Framework-supplied default | C24: Rate (per year) | E24: 0 | F24: OR
A25: ='Population Definitions'!$A$9 -> 18-64_females | B25: Framework-supplied default | C25: Rate (per year) | E25: 0 | F25: OR
A26: ='Population Definitions'!$A$10 -> 65+_males | B26: Framework-supplied default | C26: Rate (per year) | E26: 0 | F26: OR
A27: ='Population Definitions'!$A$11 -> 65+_females | B27: Framework-supplied default | C27: Rate (per year) | E27: 0 | F27: OR
A28: ='Population Definitions'!$A$12 -> Prisoners_males | B28: Framework-supplied default | C28: Rate (per year) | E28: 0 | F28: OR
A29: ='Population Definitions'!$A$13 -> Prisoners_females | B29: Framework-supplied default | C29: Rate (per year) | E29: 0 | F29: OR
A30: ='Population Definitions'!$A$14 -> Prisoners_PWID_males | B30: Framework-supplied default | C30: Rate (per year) | E30: 0 | F30: OR
A31: ='Population Definitions'!$A$15 -> Prisoners_PWID_females | B31: Framework-supplied default | C31: Rate (per year) | E31: 0 | F31: OR
A33: RNA re-engagement in care, F0-F2, lost to follow up after RNA test | B33: Provenance | C33: Units | D33: Uncertainty | E33: Constant | G33: 2000 | H33: 2001 | I33: 2002 | J33: 2003 | K33: 2004 | L33: 2005 | M33: 2006 | N33: 2007 | O33: 2008 | P33: 2009 | Q33: 2010 | R33: 2011 | S33: 2012 | T33: 2013 | U33: 2014 | V33: 2015 | W33: 2016 | X33: 2017 | Y33: 2018 | Z33: 2019 | AA33: 2020 | AB33: 2021 | AC33: 2022 | AD33: 2023 | AE33: 2024 | AF33: 2025 | AG33: 2026 | AH33: 2027 | AI33: 2028 | AJ33: 2029 | AK33: 2030 | AL33: 2031 | AM33: 2032 | AN33: 2033 | AO33: 2034 | AP33: 2035 | AQ33: 2036 | AR33: 2037 | AS33: 2038 | AT33: 2039 | AU33: 2040 | AV33: 2041 | AW33: 2042 | AX33: 2043 | AY33: 2044 | AZ33: 2045 | BA33: 2046 | BB33: 2047 | BC33: 2048 | BD33: 2049 | BE33: 2050
A34: ='Population Definitions'!$A$2 -> PWID_males | B34: Framework-supplied default | C34: Rate (per year) | E34: 0 | F34: OR
A35: ='Population Definitions'!$A$3 -> PWID_females | B35: Framework-supplied default | C35: Rate (per year) | E35: 0 | F35: OR
A36: ='Population Definitions'!$A$4 -> 0-9_males | B36: Framework-supplied default | C36: Rate (per year) | E36: 0 | F36: OR
A37: ='Population Definitions'!$A$5 -> 0-9_females | B37: Framework-supplied default | C37: Rate (per year) | E37: 0 | F37: OR
A38: ='Population Definitions'!$A$6 -> 10-17_males | B38: Framework-supplied default | C38: Rate (per year) | E38: 0 | F38: OR
A39: ='Population Definitions'!$A$7 -> 10-17_females | B39: Framework-supplied default | C39: Rate (per year) | E39: 0 | F39: OR
A40: ='Population Definitions'!$A$8 -> 18-64_males | B40: Framework-supplied default | C40: Rate (per year) | E40: 0 | F40: OR
A41: ='Population Definitions'!$A$9 -> 18-64_females | B41: Framework-supplied default | C41: Rate (per year) | E41: 0 | F41: OR
A42: ='Population Definitions'!$A$10 -> 65+_males | B42: Framework-supplied default | C42: Rate (per year) | E42: 0 | F42: OR
A43: ='Population Definitions'!$A$11 -> 65+_females | B43: Framework-supplied default | C43: Rate (per year) | E43: 0 | F43: OR
A44: ='Population Definitions'!$A$12 -> Prisoners_males | B44: Framework-supplied default | C44: Rate (per year) | E44: 0 | F44: OR
A45: ='Population Definitions'!$A$13 -> Prisoners_females | B45: Framework-supplied default | C45: Rate (per year) | E45: 0 | F45: OR
A46: ='Population Definitions'!$A$14 -> Prisoners_PWID_males | B46: Framework-supplied default | C46: Rate (per year) | E46: 0 | F46: OR
A47: ='Population Definitions'!$A$15 -> Prisoners_PWID_females | B47: Framework-supplied default | C47: Rate (per year) | E47: 0 | F47: OR
A49: RNA re-engagement in care, F3+, lost to follow up after RNA test | B49: Provenance | C49: Units | D49: Uncertainty | E49: Constant | G49: 2000 | H49: 2001 | I49: 2002 | J49: 2003 | K49: 2004 | L49: 2005 | M49: 2006 | N49: 2007 | O49: 2008 | P49: 2009 | Q49: 2010 | R49: 2011 | S49: 2012 | T49: 2013 | U49: 2014 | V49: 2015 | W49: 2016 | X49: 2017 | Y49: 2018 | Z49: 2019 | AA49: 2020 | AB49: 2021 | AC49: 2022 | AD49: 2023 | AE49: 2024 | AF49: 2025 | AG49: 2026 | AH49: 2027 | AI49: 2028 | AJ49: 2029 | AK49: 2030 | AL49: 2031 | AM49: 2032 | AN49: 2033 | AO49: 2034 | AP49: 2035 | AQ49: 2036 | AR49: 2037 | AS49: 2038 | AT49: 2039 | AU49: 2040 | AV49: 2041 | AW49: 2042 | AX49: 2043 | AY49: 2044 | AZ49: 2045 | BA49: 2046 | BB49: 2047 | BC49: 2048 | BD49: 2049 | BE49: 2050
A50: ='Population Definitions'!$A$2 -> PWID_males | B50: Framework-supplied default | C50: Rate (per year) | E50: 0 | F50: OR
A51: ='Population Definitions'!$A$3 -> PWID_females | B51: Framework-supplied default | C51: Rate (per year) | E51: 0 | F51: OR
A52: ='Population Definitions'!$A$4 -> 0-9_males | B52: Framework-supplied default | C52: Rate (per year) | E52: 0 | F52: OR
A53: ='Population Definitions'!$A$5 -> 0-9_females | B53: Framework-supplied default | C53: Rate (per year) | E53: 0 | F53: OR
A54: ='Population Definitions'!$A$6 -> 10-17_males | B54: Framework-supplied default | C54: Rate (per year) | E54: 0 | F54: OR
A55: ='Population Definitions'!$A$7 -> 10-17_females | B55: Framework-supplied default | C55: Rate (per year) | E55: 0 | F55: OR
A56: ='Population Definitions'!$A$8 -> 18-64_males | B56: Framework-supplied default | C56: Rate (per year) | E56: 0 | F56: OR
A57: ='Population Definitions'!$A$9 -> 18-64_females | B57: Framework-supplied default | C57: Rate (per year) | E57: 0 | F57: OR
A58: ='Population Definitions'!$A$10 -> 65+_males | B58: Framework-supplied default | C58: Rate (per year) | E58: 0 | F58: OR
A59: ='Population Definitions'!$A$11 -> 65+_females | B59: Framework-supplied default | C59: Rate (per year) | E59: 0 | F59: OR
A60: ='Population Definitions'!$A$12 -> Prisoners_males | B60: Framework-supplied default | C60: Rate (per year) | E60: 0 | F60: OR
A61: ='Population Definitions'!$A$13 -> Prisoners_females | B61: Framework-supplied default | C61: Rate (per year) | E61: 0 | F61: OR
A62: ='Population Definitions'!$A$14 -> Prisoners_PWID_males | B62: Framework-supplied default | C62: Rate (per year) | E62: 0 | F62: OR
A63: ='Population Definitions'!$A$15 -> Prisoners_PWID_females | B63: Framework-supplied default | C63: Rate (per year) | E63: 0 | F63: OR
A65: Re-engagement in care after treatment initiation, F0-F2 | B65: Provenance | C65: Units | D65: Uncertainty | E65: Constant | G65: 2000 | H65: 2001 | I65: 2002 | J65: 2003 | K65: 2004 | L65: 2005 | M65: 2006 | N65: 2007 | O65: 2008 | P65: 2009 | Q65: 2010 | R65: 2011 | S65: 2012 | T65: 2013 | U65: 2014 | V65: 2015 | W65: 2016 | X65: 2017 | Y65: 2018 | Z65: 2019 | AA65: 2020 | AB65: 2021 | AC65: 2022 | AD65: 2023 | AE65: 2024 | AF65: 2025 | AG65: 2026 | AH65: 2027 | AI65: 2028 | AJ65: 2029 | AK65: 2030 | AL65: 2031 | AM65: 2032 | AN65: 2033 | AO65: 2034 | AP65: 2035 | AQ65: 2036 | AR65: 2037 | AS65: 2038 | AT65: 2039 | AU65: 2040 | AV65: 2041 | AW65: 2042 | AX65: 2043 | AY65: 2044 | AZ65: 2045 | BA65: 2046 | BB65: 2047 | BC65: 2048 | BD65: 2049 | BE65: 2050
A66: ='Population Definitions'!$A$2 -> PWID_males | B66: Framework-supplied default | C66: Rate (per year) | E66: 0 | F66: OR
A67: ='Population Definitions'!$A$3 -> PWID_females | B67: Framework-supplied default | C67: Rate (per year) | E67: 0 | F67: OR
A68: ='Population Definitions'!$A$4 -> 0-9_males | B68: Framework-supplied default | C68: Rate (per year) | E68: 0 | F68: OR
A69: ='Population Definitions'!$A$5 -> 0-9_females | B69: Framework-supplied default | C69: Rate (per year) | E69: 0 | F69: OR
A70: ='Population Definitions'!$A$6 -> 10-17_males | B70: Framework-supplied default | C70: Rate (per year) | E70: 0 | F70: OR
A71: ='Population Definitions'!$A$7 -> 10-17_females | B71: Framework-supplied default | C71: Rate (per year) | E71: 0 | F71: OR
A72: ='Population Definitions'!$A$8 -> 18-64_males | B72: Framework-supplied default | C72: Rate (per year) | E72: 0 | F72: OR
A73: ='Population Definitions'!$A$9 -> 18-64_females | B73: Framework-supplied default | C73: Rate (per year) | E73: 0 | F73: OR
A74: ='Population Definitions'!$A$10 -> 65+_males | B74: Framework-supplied default | C74: Rate (per year) | E74: 0 | F74: OR
A75: ='Population Definitions'!$A$11 -> 65+_females | B75: Framework-supplied default | C75: Rate (per year) | E75: 0 | F75: OR
A76: ='Population Definitions'!$A$12 -> Prisoners_males | B76: Framework-supplied default | C76: Rate (per year) | E76: 0 | F76: OR
A77: ='Population Definitions'!$A$13 -> Prisoners_females | B77: Framework-supplied default | C77: Rate (per year) | E77: 0 | F77: OR
A78: ='Population Definitions'!$A$14 -> Prisoners_PWID_males | B78: Framework-supplied default | C78: Rate (per year) | E78: 0 | F78: OR
A79: ='Population Definitions'!$A$15 -> Prisoners_PWID_females | B79: Framework-supplied default | C79: Rate (per year) | E79: 0 | F79: OR
A81: Re-engagement in care after treatment initiation, F3+ | B81: Provenance | C81: Units | D81: Uncertainty | E81: Constant | G81: 2000 | H81: 2001 | I81: 2002 | J81: 2003 | K81: 2004 | L81: 2005 | M81: 2006 | N81: 2007 | O81: 2008 | P81: 2009 | Q81: 2010 | R81: 2011 | S81: 2012 | T81: 2013 | U81: 2014 | V81: 2015 | W81: 2016 | X81: 2017 | Y81: 2018 | Z81: 2019 | AA81: 2020 | AB81: 2021 | AC81: 2022 | AD81: 2023 | AE81: 2024 | AF81: 2025 | AG81: 2026 | AH81: 2027 | AI81: 2028 | AJ81: 2029 | AK81: 2030 | AL81: 2031 | AM81: 2032 | AN81: 2033 | AO81: 2034 | AP81: 2035 | AQ81: 2036 | AR81: 2037 | AS81: 2038 | AT81: 2039 | AU81: 2040 | AV81: 2041 | AW81: 2042 | AX81: 2043 | AY81: 2044 | AZ81: 2045 | BA81: 2046 | BB81: 2047 | BC81: 2048 | BD81: 2049 | BE81: 2050
A82: ='Population Definitions'!$A$2 -> PWID_males | B82: Framework-supplied default | C82: Rate (per year) | E82: 0 | F82: OR
A83: ='Population Definitions'!$A$3 -> PWID_females | B83: Framework-supplied default | C83: Rate (per year) | E83: 0 | F83: OR
A84: ='Population Definitions'!$A$4 -> 0-9_males | B84: Framework-supplied default | C84: Rate (per year) | E84: 0 | F84: OR
A85: ='Population Definitions'!$A$5 -> 0-9_females | B85: Framework-supplied default | C85: Rate (per year) | E85: 0 | F85: OR
A86: ='Population Definitions'!$A$6 -> 10-17_males | B86: Framework-supplied default | C86: Rate (per year) | E86: 0 | F86: OR
A87: ='Population Definitions'!$A$7 -> 10-17_females | B87: Framework-supplied default | C87: Rate (per year) | E87: 0 | F87: OR
A88: ='Population Definitions'!$A$8 -> 18-64_males | B88: Framework-supplied default | C88: Rate (per year) | E88: 0 | F88: OR
A89: ='Population Definitions'!$A$9 -> 18-64_females | B89: Framework-supplied default | C89: Rate (per year) | E89: 0 | F89: OR
A90: ='Population Definitions'!$A$10 -> 65+_males | B90: Framework-supplied default | C90: Rate (per year) | E90: 0 | F90: OR
A91: ='Population Definitions'!$A$11 -> 65+_females | B91: Framework-supplied default | C91: Rate (per year) | E91: 0 | F91: OR
A92: ='Population Definitions'!$A$12 -> Prisoners_males | B92: Framework-supplied default | C92: Rate (per year) | E92: 0 | F92: OR
A93: ='Population Definitions'!$A$13 -> Prisoners_females | B93: Framework-supplied default | C93: Rate (per year) | E93: 0 | F93: OR
A94: ='Population Definitions'!$A$14 -> Prisoners_PWID_males | B94: Framework-supplied default | C94: Rate (per year) | E94: 0 | F94: OR
A95: ='Population Definitions'!$A$15 -> Prisoners_PWID_females | B95: Framework-supplied default | C95: Rate (per year) | E95: 0 | F95: OR
A97: RNA re-engagement in care, F0-F2, lost to follow up after Ab test | B97: Provenance | C97: Units | D97: Uncertainty | E97: Constant | G97: 2000 | H97: 2001 | I97: 2002 | J97: 2003 | K97: 2004 | L97: 2005 | M97: 2006 | N97: 2007 | O97: 2008 | P97: 2009 | Q97: 2010 | R97: 2011 | S97: 2012 | T97: 2013 | U97: 2014 | V97: 2015 | W97: 2016 | X97: 2017 | Y97: 2018 | Z97: 2019 | AA97: 2020 | AB97: 2021 | AC97: 2022 | AD97: 2023 | AE97: 2024 | AF97: 2025 | AG97: 2026 | AH97: 2027 | AI97: 2028 | AJ97: 2029 | AK97: 2030 | AL97: 2031 | AM97: 2032 | AN97: 2033 | AO97: 2034 | AP97: 2035 | AQ97: 2036 | AR97: 2037 | AS97: 2038 | AT97: 2039 | AU97: 2040 | AV97: 2041 | AW97: 2042 | AX97: 2043 | AY97: 2044 | AZ97: 2045 | BA97: 2046 | BB97: 2047 | BC97: 2048 | BD97: 2049 | BE97: 2050
A98: ='Population Definitions'!$A$2 -> PWID_males | B98: Framework-supplied default | C98: Rate (per year) | E98: 0 | F98: OR
A99: ='Population Definitions'!$A$3 -> PWID_females | B99: Framework-supplied default | C99: Rate (per year) | E99: 0 | F99: OR
A100: ='Population Definitions'!$A$4 -> 0-9_males | B100: Framework-supplied default | C100: Rate (per year) | E100: 0 | F100: OR
A101: ='Population Definitions'!$A$5 -> 0-9_females | B101: Framework-supplied default | C101: Rate (per year) | E101: 0 | F101: OR
A102: ='Population Definitions'!$A$6 -> 10-17_males | B102: Framework-supplied default | C102: Rate (per year) | E102: 0 | F102: OR
A103: ='Population Definitions'!$A$7 -> 10-17_females | B103: Framework-supplied default | C103: Rate (per year) | E103: 0 | F103: OR
A104: ='Population Definitions'!$A$8 -> 18-64_males | B104: Framework-supplied default | C104: Rate (per year) | E104: 0 | F104: OR
A105: ='Population Definitions'!$A$9 -> 18-64_females | B105: Framework-supplied default | C105: Rate (per year) | E105: 0 | F105: OR
A106: ='Population Definitions'!$A$10 -> 65+_males | B106: Framework-supplied default | C106: Rate (per year) | E106: 0 | F106: OR
...

Sheet Treatment
A1: Proportion of treatments allocated to each population pre-DAA | B1: Provenance | C1: Units | D1: Uncertainty | E1: Constant | G1: 2000 | H1: 2001 | I1: 2002 | J1: 2003 | K1: 2004 | L1: 2005 | M1: 2006 | N1: 2007 | O1: 2008 | P1: 2009 | Q1: 2010 | R1: 2011 | S1: 2012 | T1: 2013 | U1: 2014 | V1: 2015 | W1: 2016 | X1: 2017 | Y1: 2018 | Z1: 2019 | AA1: 2020 | AB1: 2021 | AC1: 2022 | AD1: 2023 | AE1: 2024 | AF1: 2025 | AG1: 2026 | AH1: 2027 | AI1: 2028 | AJ1: 2029 | AK1: 2030 | AL1: 2031 | AM1: 2032 | AN1: 2033 | AO1: 2034 | AP1: 2035 | AQ1: 2036 | AR1: 2037 | AS1: 2038 | AT1: 2039 | AU1: 2040 | AV1: 2041 | AW1: 2042 | AX1: 2043 | AY1: 2044 | AZ1: 2045 | BA1: 2046 | BB1: 2047 | BC1: 2048 | BD1: 2049 | BE1: 2050
A2: ='Population Definitions'!$A$2 -> PWID_males | C2: N.A. | E2: 0 | F2: OR
A3: ='Population Definitions'!$A$3 -> PWID_females | C3: N.A. | E3: 0 | F3: OR
A4: ='Population Definitions'!$A$4 -> 0-9_males | C4: N.A. | F4: OR | G4: 0 | U4: 0 | V4: 0
A5: ='Population Definitions'!$A$5 -> 0-9_females | C5: N.A. | F5: OR | G5: 0 | U5: 0 | V5: 0
A6: ='Population Definitions'!$A$6 -> 10-17_males | C6: N.A. | F6: OR | G6: 0 | U6: 0 | V6: 0
A7: ='Population Definitions'!$A$7 -> 10-17_females | C7: N.A. | F7: OR | G7: 0 | U7: 0 | V7: 0
A8: ='Population Definitions'!$A$8 -> 18-64_males | C8: N.A. | F8: OR | G8: 0.21382081 | U8: 0.21382081 | V8: 0
A9: ='Population Definitions'!$A$9 -> 18-64_females | C9: N.A. | F9: OR | G9: 0.22619888 | U9: 0.22619888 | V9: 0
A10: ='Population Definitions'!$A$10 -> 65+_males | C10: N.A. | F10: OR | G10: 0.012251012 | U10: 0.012251012 | V10: 0
A11: ='Population Definitions'!$A$11 -> 65+_females | C11: N.A. | F11: OR | G11: 0.01507801 | U11: 0.01507801 | V11: 0
A12: ='Population Definitions'!$A$12 -> Prisoners_males | C12: N.A. | E12: 0 | F12: OR
A13: ='Population Definitions'!$A$13 -> Prisoners_females | C13: N.A. | E13: 0 | F13: OR
A14: ='Population Definitions'!$A$14 -> Prisoners_PWID_males | C14: N.A. | E14: 0 | F14: OR
A15: ='Population Definitions'!$A$15 -> Prisoners_PWID_females | C15: N.A. | E15: 0 | F15: OR
A17: Proportion of treatments allocated to each population post-DAA | B17: Provenance | C17: Units | D17: Uncertainty | E17: Constant | G17: 2000 | H17: 2001 | I17: 2002 | J17: 2003 | K17: 2004 | L17: 2005 | M17: 2006 | N17: 2007 | O17: 2008 | P17: 2009 | Q17: 2010 | R17: 2011 | S17: 2012 | T17: 2013 | U17: 2014 | V17: 2015 | W17: 2016 | X17: 2017 | Y17: 2018 | Z17: 2019 | AA17: 2020 | AB17: 2021 | AC17: 2022 | AD17: 2023 | AE17: 2024 | AF17: 2025 | AG17: 2026 | AH17: 2027 | AI17: 2028 | AJ17: 2029 | AK17: 2030 | AL17: 2031 | AM17: 2032 | AN17: 2033 | AO17: 2034 | AP17: 2035 | AQ17: 2036 | AR17: 2037 | AS17: 2038 | AT17: 2039 | AU17: 2040 | AV17: 2041 | AW17: 2042 | AX17: 2043 | AY17: 2044 | AZ17: 2045 | BA17: 2046 | BB17: 2047 | BC17: 2048 | BD17: 2049 | BE17: 2050
A18: ='Population Definitions'!$A$2 -> PWID_males | C18: N.A. | E18: 0 | F18: OR
A19: ='Population Definitions'!$A$3 -> PWID_females | C19: N.A. | E19: 0 | F19: OR
A20: ='Population Definitions'!$A$4 -> 0-9_males | C20: N.A. | F20: OR | G20: 0 | U20: 0 | V20: 0
A21: ='Population Definitions'!$A$5 -> 0-9_females | C21: N.A. | F21: OR | G21: 0 | U21: 0 | V21: 0
A22: ='Population Definitions'!$A$6 -> 10-17_males | C22: N.A. | F22: OR | G22: 0 | U22: 0 | V22: 0
A23: ='Population Definitions'!$A$7 -> 10-17_females | C23: N.A. | F23: OR | G23: 0 | U23: 0 | V23: 0
A24: ='Population Definitions'!$A$8 -> 18-64_males | C24: N.A. | F24: OR | G24: 0 | U24: 0 | V24: 0.21382081
A25: ='Population Definitions'!$A$9 -> 18-64_females | C25: N.A. | F25: OR | G25: 0 | U25: 0 | V25: 0.22619888
A26: ='Population Definitions'!$A$10 -> 65+_males | C26: N.A. | F26: OR | G26: 0 | U26: 0 | V26: 0.012251012
A27: ='Population Definitions'!$A$11 -> 65+_females | C27: N.A. | F27: OR | G27: 0 | U27: 0 | V27: 0.01507801
A28: ='Population Definitions'!$A$12 -> Prisoners_males | C28: N.A. | E28: 0 | F28: OR
A29: ='Population Definitions'!$A$13 -> Prisoners_females | C29: N.A. | E29: 0 | F29: OR
A30: ='Population Definitions'!$A$14 -> Prisoners_PWID_males | C30: N.A. | E30: 0 | F30: OR
A31: ='Population Definitions'!$A$15 -> Prisoners_PWID_females | C31: N.A. | E31: 0 | F31: OR
A33: Proportion of treatments allocated to each population pre-DAA (PWID and Prisoners) | B33: Provenance | C33: Units | D33: Uncertainty | E33: Constant | G33: 2000 | H33: 2001 | I33: 2002 | J33: 2003 | K33: 2004 | L33: 2005 | M33: 2006 | N33: 2007 | O33: 2008 | P33: 2009 | Q33: 2010 | R33: 2011 | S33: 2012 | T33: 2013 | U33: 2014 | V33: 2015 | W33: 2016 | X33: 2017 | Y33: 2018 | Z33: 2019 | AA33: 2020 | AB33: 2021 | AC33: 2022 | AD33: 2023 | AE33: 2024 | AF33: 2025 | AG33: 2026 | AH33: 2027 | AI33: 2028 | AJ33: 2029 | AK33: 2030 | AL33: 2031 | AM33: 2032 | AN33: 2033 | AO33: 2034 | AP33: 2035 | AQ33: 2036 | AR33: 2037 | AS33: 2038 | AT33: 2039 | AU33: 2040 | AV33: 2041 | AW33: 2042 | AX33: 2043 | AY33: 2044 | AZ33: 2045 | BA33: 2046 | BB33: 2047 | BC33: 2048 | BD33: 2049 | BE33: 2050
A34: ='Population Definitions'!$A$2 -> PWID_males | C34: N.A. | F34: OR | G34: 0.33257378 | U34: 0.33257378 | V34: 0
A35: ='Population Definitions'!$A$3 -> PWID_females | C35: N.A. | F35: OR | G35: 0.093851235 | U35: 0.093851235 | V35: 0
A36: ='Population Definitions'!$A$4 -> 0-9_males | C36: N.A. | E36: 0 | F36: OR
A37: ='Population Definitions'!$A$5 -> 0-9_females | C37: N.A. | E37: 0 | F37: OR
A38: ='Population Definitions'!$A$6 -> 10-17_males | C38: N.A. | E38: 0 | F38: OR
A39: ='Population Definitions'!$A$7 -> 10-17_females | C39: N.A. | E39: 0 | F39: OR
A40: ='Population Definitions'!$A$8 -> 18-64_males | C40: N.A. | E40: 0 | F40: OR
A41: ='Population Definitions'!$A$9 -> 18-64_females | C41: N.A. | E41: 0 | F41: OR
A42: ='Population Definitions'!$A$10 -> 65+_males | C42: N.A. | E42: 0 | F42: OR
A43: ='Population Definitions'!$A$11 -> 65+_females | C43: N.A. | E43: 0 | F43: OR
A44: ='Population Definitions'!$A$12 -> Prisoners_males | C44: N.A. | F44: OR | G44: 0.00094491442 | U44: 0.00094491442 | V44: 0
A45: ='Population Definitions'!$A$13 -> Prisoners_females | C45: N.A. | F45: OR | G45: 3.2246304e-05 | U45: 3.2246304e-05 | V45: 0
A46: ='Population Definitions'!$A$14 -> Prisoners_PWID_males | C46: N.A. | F46: OR | G46: 0.10177589 | U46: 0.10177589 | V46: 0
A47: ='Population Definitions'!$A$15 -> Prisoners_PWID_females | C47: N.A. | F47: OR | G47: 0.0034732208 | U47: 0.0034732208 | V47: 0
A49: Proportion of treatments allocated to each population post-DAA (PWID and Prisoners) | B49: Provenance | C49: Units | D49: Uncertainty | E49: Constant | G49: 2000 | H49: 2001 | I49: 2002 | J49: 2003 | K49: 2004 | L49: 2005 | M49: 2006 | N49: 2007 | O49: 2008 | P49: 2009 | Q49: 2010 | R49: 2011 | S49: 2012 | T49: 2013 | U49: 2014 | V49: 2015 | W49: 2016 | X49: 2017 | Y49: 2018 | Z49: 2019 | AA49: 2020 | AB49: 2021 | AC49: 2022 | AD49: 2023 | AE49: 2024 | AF49: 2025 | AG49: 2026 | AH49: 2027 | AI49: 2028 | AJ49: 2029 | AK49: 2030 | AL49: 2031 | AM49: 2032 | AN49: 2033 | AO49: 2034 | AP49: 2035 | AQ49: 2036 | AR49: 2037 | AS49: 2038 | AT49: 2039 | AU49: 2040 | AV49: 2041 | AW49: 2042 | AX49: 2043 | AY49: 2044 | AZ49: 2045 | BA49: 2046 | BB49: 2047 | BC49: 2048 | BD49: 2049 | BE49: 2050
A50: ='Population Definitions'!$A$2 -> PWID_males | C50: N.A. | F50: OR | G50: 0 | U50: 0 | V50: 0.33257378
A51: ='Population Definitions'!$A$3 -> PWID_females | C51: N.A. | F51: OR | G51: 0 | U51: 0 | V51: 0.093851235
A52: ='Population Definitions'!$A$4 -> 0-9_males | C52: N.A. | E52: 0 | F52: OR
A53: ='Population Definitions'!$A$5 -> 0-9_females | C53: N.A. | E53: 0 | F53: OR
A54: ='Population Definitions'!$A$6 -> 10-17_males | C54: N.A. | E54: 0 | F54: OR
A55: ='Population Definitions'!$A$7 -> 10-17_females | C55: N.A. | E55: 0 | F55: OR
A56: ='Population Definitions'!$A$8 -> 18-64_males | C56: N.A. | E56: 0 | F56: OR
A57: ='Population Definitions'!$A$9 -> 18-64_females | C57: N.A. | E57: 0 | F57: OR
A58: ='Population Definitions'!$A$10 -> 65+_males | C58: N.A. | E58: 0 | F58: OR
A59: ='Population Definitions'!$A$11 -> 65+_females | C59: N.A. | E59: 0 | F59: OR
A60: ='Population Definitions'!$A$12 -> Prisoners_males | C60: N.A. | F60: OR | G60: 0 | U60: 0 | V60: 0.00094491442
A61: ='Population Definitions'!$A$13 -> Prisoners_females | C61: N.A. | F61: OR | G61: 0 | U61: 0 | V61: 3.2246304e-05
A62: ='Population Definitions'!$A$14 -> Prisoners_PWID_males | C62: N.A. | F62: OR | G62: 0 | U62: 0 | V62: 0.10177589
A63: ='Population Definitions'!$A$15 -> Prisoners_PWID_females | C63: N.A. | F63: OR | G63: 0 | U63: 0 | V63: 0.0034732208
A65: Average treatment duration | B65: Provenance | C65: Units | D65: Uncertainty | E65: Constant | G65: 2000 | H65: 2001 | I65: 2002 | J65: 2003 | K65: 2004 | L65: 2005 | M65: 2006 | N65: 2007 | O65: 2008 | P65: 2009 | Q65: 2010 | R65: 2011 | S65: 2012 | T65: 2013 | U65: 2014 | V65: 2015 | W65: 2016 | X65: 2017 | Y65: 2018 | Z65: 2019 | AA65: 2020 | AB65: 2021 | AC65: 2022 | AD65: 2023 | AE65: 2024 | AF65: 2025 | AG65: 2026 | AH65: 2027 | AI65: 2028 | AJ65: 2029 | AK65: 2030 | AL65: 2031 | AM65: 2032 | AN65: 2033 | AO65: 2034 | AP65: 2035 | AQ65: 2036 | AR65: 2037 | AS65: 2038 | AT65: 2039 | AU65: 2040 | AV65: 2041 | AW65: 2042 | AX65: 2043 | AY65: 2044 | AZ65: 2045 | BA65: 2046 | BB65: 2047 | BC65: 2048 | BD65: 2049 | BE65: 2050
A66: ='Population Definitions'!$A$2 -> PWID_males | C66: Duration (years) | F66: OR | V66: 0.46 | W66: 0.23
A67: ='Population Definitions'!$A$3 -> PWID_females | C67: Duration (years) | F67: OR | V67: 0.46 | W67: 0.23
A68: ='Population Definitions'!$A$4 -> 0-9_males | C68: Duration (years) | F68: OR | V68: 0.46 | W68: 0.23
A69: ='Population Definitions'!$A$5 -> 0-9_females | C69: Duration (years) | F69: OR | V69: 0.46 | W69: 0.23
A70: ='Population Definitions'!$A$6 -> 10-17_males | C70: Duration (years) | F70: OR | V70: 0.46 | W70: 0.23
A71: ='Population Definitions'!$A$7 -> 10-17_females | C71: Duration (years) | F71: OR | V71: 0.46 | W71: 0.23
A72: ='Population Definitions'!$A$8 -> 18-64_males | C72: Duration (years) | F72: OR | V72: 0.46 | W72: 0.23
A73: ='Population Definitions'!$A$9 -> 18-64_females | C73: Duration (years) | F73: OR | V73: 0.46 | W73: 0.23
A74: ='Population Definitions'!$A$10 -> 65+_males | C74: Duration (years) | F74: OR | V74: 0.46 | W74: 0.23
A75: ='Population Definitions'!$A$11 -> 65+_females | C75: Duration (years) | F75: OR | V75: 0.46 | W75: 0.23
A76: ='Population Definitions'!$A$12 -> Prisoners_males | C76: Duration (years) | F76: OR | V76: 0.46 | W76: 0.23
A77: ='Population Definitions'!$A$13 -> Prisoners_females | C77: Duration (years) | F77: OR | V77: 0.46 | W77: 0.23
A78: ='Population Definitions'!$A$14 -> Prisoners_PWID_males | C78: Duration (years) | F78: OR | V78: 0.46 | W78: 0.23
A79: ='Population Definitions'!$A$15 -> Prisoners_PWID_females | C79: Duration (years) | F79: OR | V79: 0.46 | W79: 0.23
A81: Probability of achieving SVR | B81: Provenance | C81: Units | D81: Uncertainty | E81: Constant | G81: 2000 | H81: 2001 | I81: 2002 | J81: 2003 | K81: 2004 | L81: 2005 | M81: 2006 | N81: 2007 | O81: 2008 | P81: 2009 | Q81: 2010 | R81: 2011 | S81: 2012 | T81: 2013 | U81: 2014 | V81: 2015 | W81: 2016 | X81: 2017 | Y81: 2018 | Z81: 2019 | AA81: 2020 | AB81: 2021 | AC81: 2022 | AD81: 2023 | AE81: 2024 | AF81: 2025 | AG81: 2026 | AH81: 2027 | AI81: 2028 | AJ81: 2029 | AK81: 2030 | AL81: 2031 | AM81: 2032 | AN81: 2033 | AO81: 2034 | AP81: 2035 | AQ81: 2036 | AR81: 2037 | AS81: 2038 | AT81: 2039 | AU81: 2040 | AV81: 2041 | AW81: 2042 | AX81: 2043 | AY81: 2044 | AZ81: 2045 | BA81: 2046 | BB81: 2047 | BC81: 2048 | BD81: 2049 | BE81: 2050
A82: ='Population Definitions'!$A$2 -> PWID_males | C82: Proportion | F82: OR | V82: 0.5 | W82: 0.95
A83: ='Population Definitions'!$A$3 -> PWID_females | C83: Proportion | F83: OR | V83: 0.5 | W83: 0.95
A84: ='Population Definitions'!$A$4 -> 0-9_males | C84: Proportion | F84: OR | V84: 0.5 | W84: 0.95
A85: ='Population Definitions'!$A$5 -> 0-9_females | C85: Proportion | F85: OR | V85: 0.5 | W85: 0.95
A86: ='Population Definitions'!$A$6 -> 10-17_males | C86: Proportion | F86: OR | V86: 0.5 | W86: 0.95
A87: ='Population Definitions'!$A$7 -> 10-17_females | C87: Proportion | F87: OR | V87: 0.5 | W87: 0.95
A88: ='Population Definitions'!$A$8 -> 18-64_males | C88: Proportion | F88: OR | V88: 0.5 | W88: 0.95
A89: ='Population Definitions'!$A$9 -> 18-64_females | C89: Proportion | F89: OR | V89: 0.5 | W89: 0.95
A90: ='Population Definitions'!$A$10 -> 65+_males | C90: Proportion | F90: OR | V90: 0.5 | W90: 0.95
A91: ='Population Definitions'!$A$11 -> 65+_females | C91: Proportion | F91: OR | V91: 0.5 | W91: 0.95
A92: ='Population Definitions'!$A$12 -> Prisoners_males | C92: Proportion | F92: OR | V92: 0.5 | W92: 0.95
A93: ='Population Definitions'!$A$13 -> Prisoners_females | C93: Proportion | F93: OR | V93: 0.5 | W93: 0.95
A94: ='Population Definitions'!$A$14 -> Prisoners_PWID_males | C94: Proportion | F94: OR | V94: 0.5 | W94: 0.95
A95: ='Population Definitions'!$A$15 -> Prisoners_PWID_females | C95: Proportion | F95: OR | V95: 0.5 | W95: 0.95
A97: Proportion of treatments that are retreatments due to failure | B97: Provenance | C97: Units | D97: Uncertainty | E97: Constant | G97: 2000 | H97: 2001 | I97: 2002 | J97: 2003 | K97: 2004 | L97: 2005 | M97: 2006 | N97: 2007 | O97: 2008 | P97: 2009 | Q97: 2010 | R97: 2011 | S97: 2012 | T97: 2013 | U97: 2014 | V97: 2015 | W97: 2016 | X97: 2017 | Y97: 2018 | Z97: 2019 | AA97: 2020 | AB97: 2021 | AC97: 2022 | AD97: 2023 | AE97: 2024 | AF97: 2025 | AG97: 2026 | AH97: 2027 | AI97: 2028 | AJ97: 2029 | AK97: 2030 | AL97: 2031 | AM97: 2032 | AN97: 2033 | AO97: 2034 | AP97: 2035 | AQ97: 2036 | AR97: 2037 | AS97: 2038 | AT97: 2039 | AU97: 2040 | AV97: 2041 | AW97: 2042 | AX97: 2043 | AY97: 2044 | AZ97: 2045 | BA97: 2046 | BB97: 2047 | BC97: 2048 | BD97: 2049 | BE97: 2050
A98: ='Population Definitions'!$A$2 -> PWID_males | B98: Framework-supplied default | C98: Proportion | E98: 0 | F98: OR
A99: ='Population Definitions'!$A$3 -> PWID_females | B99: Framework-supplied default | C99: Proportion | E99: 0 | F99: OR
A100: ='Population Definitions'!$A$4 -> 0-9_males | B100: Framework-supplied default | C100: Proportion | E100: 0 | F100: OR
A101: ='Population Definitions'!$A$5 -> 0-9_females | B101: Framework-supplied default | C101: Proportion | E101: 0 | F101: OR
A102: ='Population Definitions'!$A$6 -> 10-17_males | B102: Framework-supplied default | C102: Proportion | E102: 0 | F102: OR
A103: ='Population Definitions'!$A$7 -> 10-17_females | B103: Framework-supplied default | C103: Proportion | E103: 0 | F103: OR
A104: ='Population Definitions'!$A$8 -> 18-64_males | B104: Framework-supplied default | C104: Proportion | E104: 0 | F104: OR
A105: ='Population Definitions'!$A$9 -> 18-64_females | B105: Framework-supplied default | C105: Proportion | E105: 0 | F105: OR
A106: ='Population Definitions'!$A$10 -> 65+_males | B106: Framework-supplied default | C106: Proportion | E106: 0 | F106: OR
...

Sheet Liver Transplant
A1: DC to liver transplant rate | B1: Provenance | C1: Units | D1: Uncertainty | E1: Constant | G1: 2000 | H1: 2001 | I1: 2002 | J1: 2003 | K1: 2004 | L1: 2005 | M1: 2006 | N1: 2007 | O1: 2008 | P1: 2009 | Q1: 2010 | R1: 2011 | S1: 2012 | T1: 2013 | U1: 2014 | V1: 2015 | W1: 2016 | X1: 2017 | Y1: 2018 | Z1: 2019 | AA1: 2020 | AB1: 2021 | AC1: 2022 | AD1: 2023 | AE1: 2024 | AF1: 2025 | AG1: 2026 | AH1: 2027 | AI1: 2028 | AJ1: 2029 | AK1: 2030 | AL1: 2031 | AM1: 2032 | AN1: 2033 | AO1: 2034 | AP1: 2035 | AQ1: 2036 | AR1: 2037 | AS1: 2038 | AT1: 2039 | AU1: 2040 | AV1: 2041 | AW1: 2042 | AX1: 2043 | AY1: 2044 | AZ1: 2045 | BA1: 2046 | BB1: 2047 | BC1: 2048 | BD1: 2049 | BE1: 2050
A2: ='Population Definitions'!$A$2 -> PWID_males | C2: Rate (per year) | E2: 0.45 | F2: OR
A3: ='Population Definitions'!$A$3 -> PWID_females | C3: Rate (per year) | E3: 0.45 | F3: OR
A4: ='Population Definitions'!$A$4 -> 0-9_males | C4: Rate (per year) | E4: 0.45 | F4: OR
A5: ='Population Definitions'!$A$5 -> 0-9_females | C5: Rate (per year) | E5: 0.45 | F5: OR
A6: ='Population Definitions'!$A$6 -> 10-17_males | C6: Rate (per year) | E6: 0.45 | F6: OR
A7: ='Population Definitions'!$A$7 -> 10-17_females | C7: Rate (per year) | E7: 0.45 | F7: OR
A8: ='Population Definitions'!$A$8 -> 18-64_males | C8: Rate (per year) | E8: 0.45 | F8: OR
A9: ='Population Definitions'!$A$9 -> 18-64_females | C9: Rate (per year) | E9: 0.45 | F9: OR
A10: ='Population Definitions'!$A$10 -> 65+_males | C10: Rate (per year) | E10: 0.45 | F10: OR
A11: ='Population Definitions'!$A$11 -> 65+_females | C11: Rate (per year) | E11: 0.45 | F11: OR
A12: ='Population Definitions'!$A$12 -> Prisoners_males | C12: Rate (per year) | E12: 0.45 | F12: OR
A13: ='Population Definitions'!$A$13 -> Prisoners_females | C13: Rate (per year) | E13: 0.45 | F13: OR
A14: ='Population Definitions'!$A$14 -> Prisoners_PWID_males | C14: Rate (per year) | E14: 0.45 | F14: OR
A15: ='Population Definitions'!$A$15 -> Prisoners_PWID_females | C15: Rate (per year) | E15: 0.45 | F15: OR
A17: HCC to liver transplant rate | B17: Provenance | C17: Units | D17: Uncertainty | E17: Constant | G17: 2000 | H17: 2001 | I17: 2002 | J17: 2003 | K17: 2004 | L17: 2005 | M17: 2006 | N17: 2007 | O17: 2008 | P17: 2009 | Q17: 2010 | R17: 2011 | S17: 2012 | T17: 2013 | U17: 2014 | V17: 2015 | W17: 2016 | X17: 2017 | Y17: 2018 | Z17: 2019 | AA17: 2020 | AB17: 2021 | AC17: 2022 | AD17: 2023 | AE17: 2024 | AF17: 2025 | AG17: 2026 | AH17: 2027 | AI17: 2028 | AJ17: 2029 | AK17: 2030 | AL17: 2031 | AM17: 2032 | AN17: 2033 | AO17: 2034 | AP17: 2035 | AQ17: 2036 | AR17: 2037 | AS17: 2038 | AT17: 2039 | AU17: 2040 | AV17: 2041 | AW17: 2042 | AX17: 2043 | AY17: 2044 | AZ17: 2045 | BA17: 2046 | BB17: 2047 | BC17: 2048 | BD17: 2049 | BE17: 2050
A18: ='Population Definitions'!$A$2 -> PWID_males | C18: Rate (per year) | E18: 0.328548 | F18: OR
A19: ='Population Definitions'!$A$3 -> PWID_females | C19: Rate (per year) | E19: 0.328548 | F19: OR
A20: ='Population Definitions'!$A$4 -> 0-9_males | C20: Rate (per year) | E20: 0.328548 | F20: OR
A21: ='Population Definitions'!$A$5 -> 0-9_females | C21: Rate (per year) | E21: 0.328548 | F21: OR
A22: ='Population Definitions'!$A$6 -> 10-17_males | C22: Rate (per year) | E22: 0.328548 | F22: OR
A23: ='Population Definitions'!$A$7 -> 10-17_females | C23: Rate (per year) | E23: 0.328548 | F23: OR
A24: ='Population Definitions'!$A$8 -> 18-64_males | C24: Rate (per year) | E24: 0.328548 | F24: OR
A25: ='Population Definitions'!$A$9 -> 18-64_females | C25: Rate (per year) | E25: 0.328548 | F25: OR
A26: ='Population Definitions'!$A$10 -> 65+_males | C26: Rate (per year) | E26: 0.328548 | F26: OR
A27: ='Population Definitions'!$A$11 -> 65+_females | C27: Rate (per year) | E27: 0.328548 | F27: OR
A28: ='Population Definitions'!$A$12 -> Prisoners_males | C28: Rate (per year) | E28: 0.328548 | F28: OR
A29: ='Population Definitions'!$A$13 -> Prisoners_females | C29: Rate (per year) | E29: 0.328548 | F29: OR
A30: ='Population Definitions'!$A$14 -> Prisoners_PWID_males | C30: Rate (per year) | E30: 0.328548 | F30: OR
A31: ='Population Definitions'!$A$15 -> Prisoners_PWID_females | C31: Rate (per year) | E31: 0.328548 | F31: OR
A33: DC liver transplant 1 to 2+ years ago rate | B33: Provenance | C33: Units | D33: Uncertainty | E33: Constant | G33: 2000 | H33: 2001 | I33: 2002 | J33: 2003 | K33: 2004 | L33: 2005 | M33: 2006 | N33: 2007 | O33: 2008 | P33: 2009 | Q33: 2010 | R33: 2011 | S33: 2012 | T33: 2013 | U33: 2014 | V33: 2015 | W33: 2016 | X33: 2017 | Y33: 2018 | Z33: 2019 | AA33: 2020 | AB33: 2021 | AC33: 2022 | AD33: 2023 | AE33: 2024 | AF33: 2025 | AG33: 2026 | AH33: 2027 | AI33: 2028 | AJ33: 2029 | AK33: 2030 | AL33: 2031 | AM33: 2032 | AN33: 2033 | AO33: 2034 | AP33: 2035 | AQ33: 2036 | AR33: 2037 | AS33: 2038 | AT33: 2039 | AU33: 2040 | AV33: 2041 | AW33: 2042 | AX33: 2043 | AY33: 2044 | AZ33: 2045 | BA33: 2046 | BB33: 2047 | BC33: 2048 | BD33: 2049 | BE33: 2050
A34: ='Population Definitions'!$A$2 -> PWID_males | B34: Framework-supplied default | C34: Duration (years) | E34: 1 | F34: OR
A35: ='Population Definitions'!$A$3 -> PWID_females | B35: Framework-supplied default | C35: Duration (years) | E35: 1 | F35: OR
A36: ='Population Definitions'!$A$4 -> 0-9_males | B36: Framework-supplied default | C36: Duration (years) | E36: 1 | F36: OR
A37: ='Population Definitions'!$A$5 -> 0-9_females | B37: Framework-supplied default | C37: Duration (years) | E37: 1 | F37: OR
A38: ='Population Definitions'!$A$6 -> 10-17_males | B38: Framework-supplied default | C38: Duration (years) | E38: 1 | F38: OR
A39: ='Population Definitions'!$A$7 -> 10-17_females | B39: Framework-supplied default | C39: Duration (years) | E39: 1 | F39: OR
A40: ='Population Definitions'!$A$8 -> 18-64_males | B40: Framework-supplied default | C40: Duration (years) | E40: 1 | F40: OR
A41: ='Population Definitions'!$A$9 -> 18-64_females | B41: Framework-supplied default | C41: Duration (years) | E41: 1 | F41: OR
A42: ='Population Definitions'!$A$10 -> 65+_males | B42: Framework-supplied default | C42: Duration (years) | E42: 1 | F42: OR
A43: ='Population Definitions'!$A$11 -> 65+_females | B43: Framework-supplied default | C43: Duration (years) | E43: 1 | F43: OR
A44: ='Population Definitions'!$A$12 -> Prisoners_males | B44: Framework-supplied default | C44: Duration (years) | E44: 1 | F44: OR
A45: ='Population Definitions'!$A$13 -> Prisoners_females | B45: Framework-supplied default | C45: Duration (years) | E45: 1 | F45: OR
A46: ='Population Definitions'!$A$14 -> Prisoners_PWID_males | B46: Framework-supplied default | C46: Duration (years) | E46: 1 | F46: OR
A47: ='Population Definitions'!$A$15 -> Prisoners_PWID_females | B47: Framework-supplied default | C47: Duration (years) | E47: 1 | F47: OR
A49: HCC liver transplant 1 to 2+ years ago rate | B49: Provenance | C49: Units | D49: Uncertainty | E49: Constant | G49: 2000 | H49: 2001 | I49: 2002 | J49: 2003 | K49: 2004 | L49: 2005 | M49: 2006 | N49: 2007 | O49: 2008 | P49: 2009 | Q49: 2010 | R49: 2011 | S49: 2012 | T49: 2013 | U49: 2014 | V49: 2015 | W49: 2016 | X49: 2017 | Y49: 2018 | Z49: 2019 | AA49: 2020 | AB49: 2021 | AC49: 2022 | AD49: 2023 | AE49: 2024 | AF49: 2025 | AG49: 2026 | AH49: 2027 | AI49: 2028 | AJ49: 2029 | AK49: 2030 | AL49: 2031 | AM49: 2032 | AN49: 2033 | AO49: 2034 | AP49: 2035 | AQ49: 2036 | AR49: 2037 | AS49: 2038 | AT49: 2039 | AU49: 2040 | AV49: 2041 | AW49: 2042 | AX49: 2043 | AY49: 2044 | AZ49: 2045 | BA49: 2046 | BB49: 2047 | BC49: 2048 | BD49: 2049 | BE49: 2050
A50: ='Population Definitions'!$A$2 -> PWID_males | B50: Framework-supplied default | C50: Duration (years) | E50: 1 | F50: OR
A51: ='Population Definitions'!$A$3 -> PWID_females | B51: Framework-supplied default | C51: Duration (years) | E51: 1 | F51: OR
A52: ='Population Definitions'!$A$4 -> 0-9_males | B52: Framework-supplied default | C52: Duration (years) | E52: 1 | F52: OR
A53: ='Population Definitions'!$A$5 -> 0-9_females | B53: Framework-supplied default | C53: Duration (years) | E53: 1 | F53: OR
A54: ='Population Definitions'!$A$6 -> 10-17_males | B54: Framework-supplied default | C54: Duration (years) | E54: 1 | F54: OR
A55: ='Population Definitions'!$A$7 -> 10-17_females | B55: Framework-supplied default | C55: Duration (years) | E55: 1 | F55: OR
A56: ='Population Definitions'!$A$8 -> 18-64_males | B56: Framework-supplied default | C56: Duration (years) | E56: 1 | F56: OR
A57: ='Population Definitions'!$A$9 -> 18-64_females | B57: Framework-supplied default | C57: Duration (years) | E57: 1 | F57: OR
A58: ='Population Definitions'!$A$10 -> 65+_males | B58: Framework-supplied default | C58: Duration (years) | E58: 1 | F58: OR
A59: ='Population Definitions'!$A$11 -> 65+_females | B59: Framework-supplied default | C59: Duration (years) | E59: 1 | F59: OR
A60: ='Population Definitions'!$A$12 -> Prisoners_males | B60: Framework-supplied default | C60: Duration (years) | E60: 1 | F60: OR
A61: ='Population Definitions'!$A$13 -> Prisoners_females | B61: Framework-supplied default | C61: Duration (years) | E61: 1 | F61: OR
A62: ='Population Definitions'!$A$14 -> Prisoners_PWID_males | B62: Framework-supplied default | C62: Duration (years) | E62: 1 | F62: OR
A63: ='Population Definitions'!$A$15 -> Prisoners_PWID_females | B63: Framework-supplied default | C63: Duration (years) | E63: 1 | F63: OR

Sheet Overall Indicators
A1: Percent diagnosed Ab or RNA (ever) | B1: Provenance | C1: Units | D1: Uncertainty | E1: 2000 | F1: 2001 | G1: 2002 | H1: 2003 | I1: 2004 | J1: 2005 | K1: 2006 | L1: 2007 | M1: 2008 | N1: 2009 | O1: 2010 | P1: 2011 | Q1: 2012 | R1: 2013 | S1: 2014 | T1: 2015 | U1: 2016 | V1: 2017 | W1: 2018 | X1: 2019 | Y1: 2020 | Z1: 2021 | AA1: 2022 | AB1: 2023 | AC1: 2024 | AD1: 2025 | AE1: 2026 | AF1: 2027 | AG1: 2028 | AH1: 2029 | AI1: 2030 | AJ1: 2031 | AK1: 2032 | AL1: 2033 | AM1: 2034 | AN1: 2035 | AO1: 2036 | AP1: 2037 | AQ1: 2038 | AR1: 2039 | AS1: 2040 | AT1: 2041 | AU1: 2042 | AV1: 2043 | AW1: 2044 | AX1: 2045 | AY1: 2046 | AZ1: 2047 | BA1: 2048 | BB1: 2049 | BC1: 2050
A2: ='Population Definitions'!$A$2 -> PWID_males | C2: Fraction | E2: 0
A3: ='Population Definitions'!$A$3 -> PWID_females | C3: Fraction | E3: 0
A4: ='Population Definitions'!$A$4 -> 0-9_males | C4: Fraction | E4: 0
A5: ='Population Definitions'!$A$5 -> 0-9_females | C5: Fraction | E5: 0
A6: ='Population Definitions'!$A$6 -> 10-17_males | C6: Fraction | E6: 0
A7: ='Population Definitions'!$A$7 -> 10-17_females | C7: Fraction | E7: 0
A8: ='Population Definitions'!$A$8 -> 18-64_males | C8: Fraction | E8: 0
A9: ='Population Definitions'!$A$9 -> 18-64_females | C9: Fraction | E9: 0
A10: ='Population Definitions'!$A$10 -> 65+_males | C10: Fraction | E10: 0
A11: ='Population Definitions'!$A$11 -> 65+_females | C11: Fraction | E11: 0
A12: ='Population Definitions'!$A$12 -> Prisoners_males | C12: Fraction | E12: 0
A13: ='Population Definitions'!$A$13 -> Prisoners_females | C13: Fraction | E13: 0
A14: ='Population Definitions'!$A$14 -> Prisoners_PWID_males | C14: Fraction | E14: 0
A15: ='Population Definitions'!$A$15 -> Prisoners_PWID_females | C15: Fraction | E15: 0
A16: Total | C16: Fraction | E16: 0.015499789 | T16: 0.046499368 | U16: 0.048076464 | V16: 0.049827551 | W16: 0.051610382 | X16: 0.053619223 | Y16: 0.055854386 | Z16: 0.040469177 | AA16: 0.043330251 | AB16: 0.046598278
A18: Number of treatments | B18: Provenance | C18: Units | D18: Uncertainty | E18: Constant | G18: 2000 | H18: 2001 | I18: 2002 | J18: 2003 | K18: 2004 | L18: 2005 | M18: 2006 | N18: 2007 | O18: 2008 | P18: 2009 | Q18: 2010 | R18: 2011 | S18: 2012 | T18: 2013 | U18: 2014 | V18: 2015 | W18: 2016 | X18: 2017 | Y18: 2018 | Z18: 2019 | AA18: 2020 | AB18: 2021 | AC18: 2022 | AD18: 2023 | AE18: 2024 | AF18: 2025 | AG18: 2026 | AH18: 2027 | AI18: 2028 | AJ18: 2029 | AK18: 2030 | AL18: 2031 | AM18: 2032 | AN18: 2033 | AO18: 2034 | AP18: 2035 | AQ18: 2036 | AR18: 2037 | AS18: 2038 | AT18: 2039 | AU18: 2040 | AV18: 2041 | AW18: 2042 | AX18: 2043 | AY18: 2044 | AZ18: 2045 | BA18: 2046 | BB18: 2047 | BC18: 2048 | BD18: 2049 | BE18: 2050
A19: ='Population Definitions'!$A$2 -> PWID_males | C19: Number | F19: OR | G19: 0
A20: ='Population Definitions'!$A$3 -> PWID_females | C20: Number | F20: OR | G20: 0
A21: ='Population Definitions'!$A$4 -> 0-9_males | C21: Number | F21: OR | G21: 0
A22: ='Population Definitions'!$A$5 -> 0-9_females | C22: Number | F22: OR | G22: 0
A23: ='Population Definitions'!$A$6 -> 10-17_males | C23: Number | F23: OR | G23: 0
A24: ='Population Definitions'!$A$7 -> 10-17_females | C24: Number | F24: OR | G24: 0
A25: ='Population Definitions'!$A$8 -> 18-64_males | C25: Number | F25: OR | G25: 0
A26: ='Population Definitions'!$A$9 -> 18-64_females | C26: Number | F26: OR | G26: 0
A27: ='Population Definitions'!$A$10 -> 65+_males | C27: Number | F27: OR | G27: 0
A28: ='Population Definitions'!$A$11 -> 65+_females | C28: Number | F28: OR | G28: 0
A29: ='Population Definitions'!$A$12 -> Prisoners_males | C29: Number | F29: OR | G29: 0
A30: ='Population Definitions'!$A$13 -> Prisoners_females | C30: Number | F30: OR | G30: 0
A31: ='Population Definitions'!$A$14 -> Prisoners_PWID_males | C31: Number | F31: OR | G31: 0
A32: ='Population Definitions'!$A$15 -> Prisoners_PWID_females | C32: Number | F32: OR | G32: 0
A33: Total | C33: Number | F33: OR | G33: 26.922 | U33: 26.922 | V33: 80.766 | W33: 43.501 | X33: 48.138 | Y33: 25.888 | Z33: 1 | AA33: 2072 | AB33: 54.039 | AC33: 1 | AD33: 1
A35: Chronic HCV infections | B35: Provenance | C35: Units | D35: Uncertainty | E35: Constant | G35: 2000 | H35: 2001 | I35: 2002 | J35: 2003 | K35: 2004 | L35: 2005 | M35: 2006 | N35: 2007 | O35: 2008 | P35: 2009 | Q35: 2010 | R35: 2011 | S35: 2012 | T35: 2013 | U35: 2014 | V35: 2015 | W35: 2016 | X35: 2017 | Y35: 2018 | Z35: 2019 | AA35: 2020 | AB35: 2021 | AC35: 2022 | AD35: 2023 | AE35: 2024 | AF35: 2025 | AG35: 2026 | AH35: 2027 | AI35: 2028 | AJ35: 2029 | AK35: 2030 | AL35: 2031 | AM35: 2032 | AN35: 2033 | AO35: 2034 | AP35: 2035 | AQ35: 2036 | AR35: 2037 | AS35: 2038 | AT35: 2039 | AU35: 2040 | AV35: 2041 | AW35: 2042 | AX35: 2043 | AY35: 2044 | AZ35: 2045 | BA35: 2046 | BB35: 2047 | BC35: 2048 | BD35: 2049 | BE35: 2050
A36: ='Population Definitions'!$A$2 -> PWID_males | C36: Number | F36: OR | G36: 0
A37: ='Population Definitions'!$A$3 -> PWID_females | C37: Number | F37: OR | G37: 0
A38: ='Population Definitions'!$A$4 -> 0-9_males | C38: Number | F38: OR | G38: 0
A39: ='Population Definitions'!$A$5 -> 0-9_females | C39: Number | F39: OR | G39: 0
A40: ='Population Definitions'!$A$6 -> 10-17_males | C40: Number | F40: OR | G40: 0
A41: ='Population Definitions'!$A$7 -> 10-17_females | C41: Number | F41: OR | G41: 0
A42: ='Population Definitions'!$A$8 -> 18-64_males | C42: Number | F42: OR | G42: 0
A43: ='Population Definitions'!$A$9 -> 18-64_females | C43: Number | F43: OR | G43: 0
A44: ='Population Definitions'!$A$10 -> 65+_males | C44: Number | F44: OR | G44: 0
A45: ='Population Definitions'!$A$11 -> 65+_females | C45: Number | F45: OR | G45: 0
A46: ='Population Definitions'!$A$12 -> Prisoners_males | C46: Number | F46: OR | G46: 0
A47: ='Population Definitions'!$A$13 -> Prisoners_females | C47: Number | F47: OR | G47: 0
A48: ='Population Definitions'!$A$14 -> Prisoners_PWID_males | C48: Number | F48: OR | G48: 0
A49: ='Population Definitions'!$A$15 -> Prisoners_PWID_females | C49: Number | F49: OR | G49: 0
A50: Total | C50: Number | F50: OR | G50: 0
A52: Total number of people living with HCV | B52: Provenance | C52: Units | D52: Uncertainty | E52: Constant | G52: 2000 | H52: 2001 | I52: 2002 | J52: 2003 | K52: 2004 | L52: 2005 | M52: 2006 | N52: 2007 | O52: 2008 | P52: 2009 | Q52: 2010 | R52: 2011 | S52: 2012 | T52: 2013 | U52: 2014 | V52: 2015 | W52: 2016 | X52: 2017 | Y52: 2018 | Z52: 2019 | AA52: 2020 | AB52: 2021 | AC52: 2022 | AD52: 2023 | AE52: 2024 | AF52: 2025 | AG52: 2026 | AH52: 2027 | AI52: 2028 | AJ52: 2029 | AK52: 2030 | AL52: 2031 | AM52: 2032 | AN52: 2033 | AO52: 2034 | AP52: 2035 | AQ52: 2036 | AR52: 2037 | AS52: 2038 | AT52: 2039 | AU52: 2040 | AV52: 2041 | AW52: 2042 | AX52: 2043 | AY52: 2044 | AZ52: 2045 | BA52: 2046 | BB52: 2047 | BC52: 2048 | BD52: 2049 | BE52: 2050
A53: ='Population Definitions'!$A$2 -> PWID_males | C53: Number | F53: OR | G53: 0
A54: ='Population Definitions'!$A$3 -> PWID_females | C54: Number | F54: OR | G54: 0
A55: ='Population Definitions'!$A$4 -> 0-9_males | C55: Number | F55: OR | G55: 0
A56: ='Population Definitions'!$A$5 -> 0-9_females | C56: Number | F56: OR | G56: 0
A57: ='Population Definitions'!$A$6 -> 10-17_males | C57: Number | F57: OR | G57: 0
A58: ='Population Definitions'!$A$7 -> 10-17_females | C58: Number | F58: OR | G58: 0
A59: ='Population Definitions'!$A$8 -> 18-64_males | C59: Number | F59: OR | G59: 0
A60: ='Population Definitions'!$A$9 -> 18-64_females | C60: Number | F60: OR | G60: 0
A61: ='Population Definitions'!$A$10 -> 65+_males | C61: Number | F61: OR | G61: 0
A62: ='Population Definitions'!$A$11 -> 65+_females | C62: Number | F62: OR | G62: 0
A63: ='Population Definitions'!$A$12 -> Prisoners_males | C63: Number | F63: OR | G63: 0
A64: ='Population Definitions'!$A$13 -> Prisoners_females | C64: Number | F64: OR | G64: 0
A65: ='Population Definitions'!$A$14 -> Prisoners_PWID_males | C65: Number | F65: OR | G65: 0
A66: ='Population Definitions'!$A$15 -> Prisoners_PWID_females | C66: Number | F66: OR | G66: 0
A67: Total | C67: Number | F67: OR | G67: 107528 | V67: 107528 | W67: 106743 | X67: 105927 | Y67: 105090 | Z67: 104258 | AA67: 103445 | AB67: 100883 | AC67: 100030 | AD67: 99213
A69: Positive antibody tests | B69: Provenance | C69: Units | D69: Uncertainty | E69: Constant | G69: 2000 | H69: 2001 | I69: 2002 | J69: 2003 | K69: 2004 | L69: 2005 | M69: 2006 | N69: 2007 | O69: 2008 | P69: 2009 | Q69: 2010 | R69: 2011 | S69: 2012 | T69: 2013 | U69: 2014 | V69: 2015 | W69: 2016 | X69: 2017 | Y69: 2018 | Z69: 2019 | AA69: 2020 | AB69: 2021 | AC69: 2022 | AD69: 2023 | AE69: 2024 | AF69: 2025 | AG69: 2026 | AH69: 2027 | AI69: 2028 | AJ69: 2029 | AK69: 2030 | AL69: 2031 | AM69: 2032 | AN69: 2033 | AO69: 2034 | AP69: 2035 | AQ69: 2036 | AR69: 2037 | AS69: 2038 | AT69: 2039 | AU69: 2040 | AV69: 2041 | AW69: 2042 | AX69: 2043 | AY69: 2044 | AZ69: 2045 | BA69: 2046 | BB69: 2047 | BC69: 2048 | BD69: 2049 | BE69: 2050
A70: ='Population Definitions'!$A$2 -> PWID_males | C70: Number | F70: OR | G70: 0
A71: ='Population Definitions'!$A$3 -> PWID_females | C71: Number | F71: OR | G71: 0
A72: ='Population Definitions'!$A$4 -> 0-9_males | C72: Number | F72: OR | G72: 0
A73: ='Population Definitions'!$A$5 -> 0-9_females | C73: Number | F73: OR | G73: 0
A74: ='Population Definitions'!$A$6 -> 10-17_males | C74: Number | F74: OR | G74: 0
A75: ='Population Definitions'!$A$7 -> 10-17_females | C75: Number | F75: OR | G75: 0
A76: ='Population Definitions'!$A$8 -> 18-64_males | C76: Number | F76: OR | G76: 0
A77: ='Population Definitions'!$A$9 -> 18-64_females | C77: Number | F77: OR | G77: 0
A78: ='Population Definitions'!$A$10 -> 65+_males | C78: Number | F78: OR | G78: 0
A79: ='Population Definitions'!$A$11 -> 65+_females | C79: Number | F79: OR | G79: 0
A80: ='Population Definitions'!$A$12 -> Prisoners_males | C80: Number | F80: OR | G80: 0
A81: ='Population Definitions'!$A$13 -> Prisoners_females | C81: Number | F81: OR | G81: 0
A82: ='Population Definitions'!$A$14 -> Prisoners_PWID_males | C82: Number | F82: OR | G82: 0
A83: ='Population Definitions'!$A$15 -> Prisoners_PWID_females | C83: Number | F83: OR | G83: 0
A84: Total | C84: Number | F84: OR | G84: 0
A86: Total number of diagnoses | B86: Provenance | C86: Units | D86: Uncertainty | E86: Constant | G86: 2000 | H86: 2001 | I86: 2002 | J86: 2003 | K86: 2004 | L86: 2005 | M86: 2006 | N86: 2007 | O86: 2008 | P86: 2009 | Q86: 2010 | R86: 2011 | S86: 2012 | T86: 2013 | U86: 2014 | V86: 2015 | W86: 2016 | X86: 2017 | Y86: 2018 | Z86: 2019 | AA86: 2020 | AB86: 2021 | AC86: 2022 | AD86: 2023 | AE86: 2024 | AF86: 2025 | AG86: 2026 | AH86: 2027 | AI86: 2028 | AJ86: 2029 | AK86: 2030 | AL86: 2031 | AM86: 2032 | AN86: 2033 | AO86: 2034 | AP86: 2035 | AQ86: 2036 | AR86: 2037 | AS86: 2038 | AT86: 2039 | AU86: 2040 | AV86: 2041 | AW86: 2042 | AX86: 2043 | AY86: 2044 | AZ86: 2045 | BA86: 2046 | BB86: 2047 | BC86: 2048 | BD86: 2049 | BE86: 2050
A87: ='Population Definitions'!$A$2 -> PWID_males | C87: Number | F87: OR | G87: 0
A88: ='Population Definitions'!$A$3 -> PWID_females | C88: Number | F88: OR | G88: 0
A89: ='Population Definitions'!$A$4 -> 0-9_males | C89: Number | F89: OR | G89: 0
A90: ='Population Definitions'!$A$5 -> 0-9_females | C90: Number | F90: OR | G90: 0
A91: ='Population Definitions'!$A$6 -> 10-17_males | C91: Number | F91: OR | G91: 0
A92: ='Population Definitions'!$A$7 -> 10-17_females | C92: Number | F92: OR | G92: 0
A93: ='Population Definitions'!$A$8 -> 18-64_males | C93: Number | F93: OR | G93: 0
A94: ='Population Definitions'!$A$9 -> 18-64_females | C94: Number | F94: OR | G94: 0
A95: ='Population Definitions'!$A$10 -> 65+_males | C95: Number | F95: OR | G95: 0
A96: ='Population Definitions'!$A$11 -> 65+_females | C96: Number | F96: OR | G96: 0
A97: ='Population Definitions'!$A$12 -> Prisoners_males | C97: Number | F97: OR | G97: 0
A98: ='Population Definitions'!$A$13 -> Prisoners_females | C98: Number | F98: OR | G98: 0
A99: ='Population Definitions'!$A$14 -> Prisoners_PWID_males | C99: Number | F99: OR | G99: 0
A100: ='Population Definitions'!$A$15 -> Prisoners_PWID_females | C100: Number | F100: OR | G100: 0
A101: Total | C101: Number | F101: OR | G101: 500 | V101: 500 | W101: 500 | X101: 500 | Y101: 500 | Z101: 500 | AA101: 500 | AB101: 500 | AC101: 500 | AD101: 500
A103: Chronic HCV infections in F0-F2 | B103: Provenance | C103: Units | D103: Uncertainty | E103: Constant | G103: 2000 | H103: 2001 | I103: 2002 | J103: 2003 | K103: 2004 | L103: 2005 | M103: 2006 | N103: 2007 | O103: 2008 | P103: 2009 | Q103: 2010 | R103: 2011 | S103: 2012 | T103: 2013 | U103: 2014 | V103: 2015 | W103: 2016 | X103: 2017 | Y103: 2018 | Z103: 2019 | AA103: 2020 | AB103: 2021 | AC103: 2022 | AD103: 2023 | AE103: 2024 | AF103: 2025 | AG103: 2026 | AH103: 2027 | AI103: 2028 | AJ103: 2029 | AK103: 2030 | AL103: 2031 | AM103: 2032 | AN103: 2033 | AO103: 2034 | AP103: 2035 | AQ103: 2036 | AR103: 2037 | AS103: 2038 | AT103: 2039 | AU103: 2040 | AV103: 2041 | AW103: 2042 | AX103: 2043 | AY103: 2044 | AZ103: 2045 | BA103: 2046 | BB103: 2047 | BC103: 2048 | BD103: 2049 | BE103: 2050
A104: ='Population Definitions'!$A$2 -> PWID_males | C104: Number | F104: OR | G104: 0
A105: ='Population Definitions'!$A$3 -> PWID_females | C105: Number | F105: OR | G105: 0
A106: ='Population Definitions'!$A$4 -> 0-9_males | C106: Number | F106: OR | G106: 0
...

Sheet Initialization
A1: Population living with acute HCV | B1: Provenance | C1: Units | D1: Uncertainty | E1: 2000 | F1: 2001 | G1: 2002 | H1: 2003 | I1: 2004 | J1: 2005 | K1: 2006 | L1: 2007 | M1: 2008 | N1: 2009 | O1: 2010 | P1: 2011 | Q1: 2012 | R1: 2013 | S1: 2014 | T1: 2015 | U1: 2016 | V1: 2017 | W1: 2018 | X1: 2019 | Y1: 2020 | Z1: 2021 | AA1: 2022 | AB1: 2023 | AC1: 2024 | AD1: 2025 | AE1: 2026 | AF1: 2027 | AG1: 2028 | AH1: 2029 | AI1: 2030 | AJ1: 2031 | AK1: 2032 | AL1: 2033 | AM1: 2034 | AN1: 2035 | AO1: 2036 | AP1: 2037 | AQ1: 2038 | AR1: 2039 | AS1: 2040 | AT1: 2041 | AU1: 2042 | AV1: 2043 | AW1: 2044 | AX1: 2045 | AY1: 2046 | AZ1: 2047 | BA1: 2048 | BB1: 2049 | BC1: 2050
A2: ='Population Definitions'!$A$2 -> PWID_males | C2: Number | E2: 0
A3: ='Population Definitions'!$A$3 -> PWID_females | C3: Number | E3: 0
A4: ='Population Definitions'!$A$4 -> 0-9_males | C4: Number | E4: 0
A5: ='Population Definitions'!$A$5 -> 0-9_females | C5: Number | E5: 0
A6: ='Population Definitions'!$A$6 -> 10-17_males | C6: Number | E6: 0
A7: ='Population Definitions'!$A$7 -> 10-17_females | C7: Number | E7: 0
A8: ='Population Definitions'!$A$8 -> 18-64_males | C8: Number | E8: 0
A9: ='Population Definitions'!$A$9 -> 18-64_females | C9: Number | E9: 0
A10: ='Population Definitions'!$A$10 -> 65+_males | C10: Number | E10: 0
A11: ='Population Definitions'!$A$11 -> 65+_females | C11: Number | E11: 0
A12: ='Population Definitions'!$A$12 -> Prisoners_males | C12: Number | E12: 0
A13: ='Population Definitions'!$A$13 -> Prisoners_females | C13: Number | E13: 0
A14: ='Population Definitions'!$A$14 -> Prisoners_PWID_males | C14: Number | E14: 0
A15: ='Population Definitions'!$A$15 -> Prisoners_PWID_females | C15: Number | E15: 0
A17: Susceptible, antibody positive (aware, unaware, treated) | B17: Provenance | C17: Units | D17: Uncertainty | E17: Constant | G17: 2000 | H17: 2001 | I17: 2002 | J17: 2003 | K17: 2004 | L17: 2005 | M17: 2006 | N17: 2007 | O17: 2008 | P17: 2009 | Q17: 2010 | R17: 2011 | S17: 2012 | T17: 2013 | U17: 2014 | V17: 2015 | W17: 2016 | X17: 2017 | Y17: 2018 | Z17: 2019 | AA17: 2020 | AB17: 2021 | AC17: 2022 | AD17: 2023 | AE17: 2024 | AF17: 2025 | AG17: 2026 | AH17: 2027 | AI17: 2028 | AJ17: 2029 | AK17: 2030 | AL17: 2031 | AM17: 2032 | AN17: 2033 | AO17: 2034 | AP17: 2035 | AQ17: 2036 | AR17: 2037 | AS17: 2038 | AT17: 2039 | AU17: 2040 | AV17: 2041 | AW17: 2042 | AX17: 2043 | AY17: 2044 | AZ17: 2045 | BA17: 2046 | BB17: 2047 | BC17: 2048 | BD17: 2049 | BE17: 2050
A18: ='Population Definitions'!$A$2 -> PWID_males | C18: Number | E18: 351.90738 | F18: OR
A19: ='Population Definitions'!$A$3 -> PWID_females | C19: Number | E19: 99.307114 | F19: OR
A20: ='Population Definitions'!$A$4 -> 0-9_males | C20: Number | E20: 0 | F20: OR
A21: ='Population Definitions'!$A$5 -> 0-9_females | C21: Number | E21: 0 | F21: OR
A22: ='Population Definitions'!$A$6 -> 10-17_males | C22: Number | E22: 0 | F22: OR
A23: ='Population Definitions'!$A$7 -> 10-17_females | C23: Number | E23: 0 | F23: OR
A24: ='Population Definitions'!$A$8 -> 18-64_males | C24: Number | E24: 37248.725 | F24: OR
A25: ='Population Definitions'!$A$9 -> 18-64_females | C25: Number | E25: 39405.051 | F25: OR
A26: ='Population Definitions'!$A$10 -> 65+_males | C26: Number | E26: 2134.1916 | F26: OR
A27: ='Population Definitions'!$A$11 -> 65+_females | C27: Number | E27: 2626.6698 | F27: OR
A28: ='Population Definitions'!$A$12 -> Prisoners_males | C28: Number | E28: 54.869711 | F28: OR
A29: ='Population Definitions'!$A$13 -> Prisoners_females | C29: Number | E29: 1.8724927 | F29: OR
A30: ='Population Definitions'!$A$14 -> Prisoners_PWID_males | C30: Number | E30: 137.11402 | F30: OR
A31: ='Population Definitions'!$A$15 -> Prisoners_PWID_females | C31: Number | E31: 4.6791755 | F31: OR
A33: Susceptible (all) | B33: Provenance | C33: Units | D33: Uncertainty | E33: Constant | G33: 2000 | H33: 2001 | I33: 2002 | J33: 2003 | K33: 2004 | L33: 2005 | M33: 2006 | N33: 2007 | O33: 2008 | P33: 2009 | Q33: 2010 | R33: 2011 | S33: 2012 | T33: 2013 | U33: 2014 | V33: 2015 | W33: 2016 | X33: 2017 | Y33: 2018 | Z33: 2019 | AA33: 2020 | AB33: 2021 | AC33: 2022 | AD33: 2023 | AE33: 2024 | AF33: 2025 | AG33: 2026 | AH33: 2027 | AI33: 2028 | AJ33: 2029 | AK33: 2030 | AL33: 2031 | AM33: 2032 | AN33: 2033 | AO33: 2034 | AP33: 2035 | AQ33: 2036 | AR33: 2037 | AS33: 2038 | AT33: 2039 | AU33: 2040 | AV33: 2041 | AW33: 2042 | AX33: 2043 | AY33: 2044 | AZ33: 2045 | BA33: 2046 | BB33: 2047 | BC33: 2048 | BD33: 2049 | BE33: 2050
A34: ='Population Definitions'!$A$2 -> PWID_males | C34: Number | E34: 70381.476 | F34: OR
A35: ='Population Definitions'!$A$3 -> PWID_females | C35: Number | E35: 19861.423 | F35: OR
A36: ='Population Definitions'!$A$4 -> 0-9_males | C36: Number | E36: 5496435.5 | F36: OR
A37: ='Population Definitions'!$A$5 -> 0-9_females | C37: Number | E37: 5428218.5 | F37: OR
A38: ='Population Definitions'!$A$6 -> 10-17_males | C38: Number | E38: 3362471 | F38: OR
A39: ='Population Definitions'!$A$7 -> 10-17_females | C39: Number | E39: 3334351.5 | F39: OR
A40: ='Population Definitions'!$A$8 -> 18-64_males | C40: Number | E40: 7449745 | F40: OR
A41: ='Population Definitions'!$A$9 -> 18-64_females | C41: Number | E41: 7881010.3 | F41: OR
A42: ='Population Definitions'!$A$10 -> 65+_males | C42: Number | E42: 426838.31 | F42: OR
A43: ='Population Definitions'!$A$11 -> 65+_females | C43: Number | E43: 525333.95 | F43: OR
A44: ='Population Definitions'!$A$12 -> Prisoners_males | C44: Number | E44: 10973.942 | F44: OR
A45: ='Population Definitions'!$A$13 -> Prisoners_females | C45: Number | E45: 374.49854 | F45: OR
A46: ='Population Definitions'!$A$14 -> Prisoners_PWID_males | C46: Number | E46: 27422.804 | F46: OR
A47: ='Population Definitions'!$A$15 -> Prisoners_PWID_females | C47: Number | E47: 935.8351 | F47: OR
A49: Liver Fibrosis F0 (Chronic) (vaccinated) | B49: Provenance | C49: Units | D49: Uncertainty | E49: Constant | G49: 2000 | H49: 2001 | I49: 2002 | J49: 2003 | K49: 2004 | L49: 2005 | M49: 2006 | N49: 2007 | O49: 2008 | P49: 2009 | Q49: 2010 | R49: 2011 | S49: 2012 | T49: 2013 | U49: 2014 | V49: 2015 | W49: 2016 | X49: 2017 | Y49: 2018 | Z49: 2019 | AA49: 2020 | AB49: 2021 | AC49: 2022 | AD49: 2023 | AE49: 2024 | AF49: 2025 | AG49: 2026 | AH49: 2027 | AI49: 2028 | AJ49: 2029 | AK49: 2030 | AL49: 2031 | AM49: 2032 | AN49: 2033 | AO49: 2034 | AP49: 2035 | AQ49: 2036 | AR49: 2037 | AS49: 2038 | AT49: 2039 | AU49: 2040 | AV49: 2041 | AW49: 2042 | AX49: 2043 | AY49: 2044 | AZ49: 2045 | BA49: 2046 | BB49: 2047 | BC49: 2048 | BD49: 2049 | BE49: 2050
A50: ='Population Definitions'!$A$2 -> PWID_males | B50: Framework-supplied default | C50: Number | E50: 0 | F50: OR
A51: ='Population Definitions'!$A$3 -> PWID_females | B51: Framework-supplied default | C51: Number | E51: 0 | F51: OR
A52: ='Population Definitions'!$A$4 -> 0-9_males | B52: Framework-supplied default | C52: Number | E52: 0 | F52: OR
A53: ='Population Definitions'!$A$5 -> 0-9_females | B53: Framework-supplied default | C53: Number | E53: 0 | F53: OR
A54: ='Population Definitions'!$A$6 -> 10-17_males | B54: Framework-supplied default | C54: Number | E54: 0 | F54: OR
A55: ='Population Definitions'!$A$7 -> 10-17_females | B55: Framework-supplied default | C55: Number | E55: 0 | F55: OR
A56: ='Population Definitions'!$A$8 -> 18-64_males | B56: Framework-supplied default | C56: Number | E56: 0 | F56: OR
A57: ='Population Definitions'!$A$9 -> 18-64_females | B57: Framework-supplied default | C57: Number | E57: 0 | F57: OR
A58: ='Population Definitions'!$A$10 -> 65+_males | B58: Framework-supplied default | C58: Number | E58: 0 | F58: OR
A59: ='Population Definitions'!$A$11 -> 65+_females | B59: Framework-supplied default | C59: Number | E59: 0 | F59: OR
A60: ='Population Definitions'!$A$12 -> Prisoners_males | B60: Framework-supplied default | C60: Number | E60: 0 | F60: OR
A61: ='Population Definitions'!$A$13 -> Prisoners_females | B61: Framework-supplied default | C61: Number | E61: 0 | F61: OR
A62: ='Population Definitions'!$A$14 -> Prisoners_PWID_males | B62: Framework-supplied default | C62: Number | E62: 0 | F62: OR
A63: ='Population Definitions'!$A$15 -> Prisoners_PWID_females | B63: Framework-supplied default | C63: Number | E63: 0 | F63: OR
A65: Liver Fibrosis F1 (Chronic) (vaccinated) | B65: Provenance | C65: Units | D65: Uncertainty | E65: Constant | G65: 2000 | H65: 2001 | I65: 2002 | J65: 2003 | K65: 2004 | L65: 2005 | M65: 2006 | N65: 2007 | O65: 2008 | P65: 2009 | Q65: 2010 | R65: 2011 | S65: 2012 | T65: 2013 | U65: 2014 | V65: 2015 | W65: 2016 | X65: 2017 | Y65: 2018 | Z65: 2019 | AA65: 2020 | AB65: 2021 | AC65: 2022 | AD65: 2023 | AE65: 2024 | AF65: 2025 | AG65: 2026 | AH65: 2027 | AI65: 2028 | AJ65: 2029 | AK65: 2030 | AL65: 2031 | AM65: 2032 | AN65: 2033 | AO65: 2034 | AP65: 2035 | AQ65: 2036 | AR65: 2037 | AS65: 2038 | AT65: 2039 | AU65: 2040 | AV65: 2041 | AW65: 2042 | AX65: 2043 | AY65: 2044 | AZ65: 2045 | BA65: 2046 | BB65: 2047 | BC65: 2048 | BD65: 2049 | BE65: 2050
A66: ='Population Definitions'!$A$2 -> PWID_males | B66: Framework-supplied default | C66: Number | E66: 0 | F66: OR
A67: ='Population Definitions'!$A$3 -> PWID_females | B67: Framework-supplied default | C67: Number | E67: 0 | F67: OR
A68: ='Population Definitions'!$A$4 -> 0-9_males | B68: Framework-supplied default | C68: Number | E68: 0 | F68: OR
A69: ='Population Definitions'!$A$5 -> 0-9_females | B69: Framework-supplied default | C69: Number | E69: 0 | F69: OR
A70: ='Population Definitions'!$A$6 -> 10-17_males | B70: Framework-supplied default | C70: Number | E70: 0 | F70: OR
A71: ='Population Definitions'!$A$7 -> 10-17_females | B71: Framework-supplied default | C71: Number | E71: 0 | F71: OR
A72: ='Population Definitions'!$A$8 -> 18-64_males | B72: Framework-supplied default | C72: Number | E72: 0 | F72: OR
A73: ='Population Definitions'!$A$9 -> 18-64_females | B73: Framework-supplied default | C73: Number | E73: 0 | F73: OR
A74: ='Population Definitions'!$A$10 -> 65+_males | B74: Framework-supplied default | C74: Number | E74: 0 | F74: OR
A75: ='Population Definitions'!$A$11 -> 65+_females | B75: Framework-supplied default | C75: Number | E75: 0 | F75: OR
A76: ='Population Definitions'!$A$12 -> Prisoners_males | B76: Framework-supplied default | C76: Number | E76: 0 | F76: OR
A77: ='Population Definitions'!$A$13 -> Prisoners_females | B77: Framework-supplied default | C77: Number | E77: 0 | F77: OR
A78: ='Population Definitions'!$A$14 -> Prisoners_PWID_males | B78: Framework-supplied default | C78: Number | E78: 0 | F78: OR
A79: ='Population Definitions'!$A$15 -> Prisoners_PWID_females | B79: Framework-supplied default | C79: Number | E79: 0 | F79: OR
A81: Liver Fibrosis F2 (Chronic) (vaccinated) | B81: Provenance | C81: Units | D81: Uncertainty | E81: Constant | G81: 2000 | H81: 2001 | I81: 2002 | J81: 2003 | K81: 2004 | L81: 2005 | M81: 2006 | N81: 2007 | O81: 2008 | P81: 2009 | Q81: 2010 | R81: 2011 | S81: 2012 | T81: 2013 | U81: 2014 | V81: 2015 | W81: 2016 | X81: 2017 | Y81: 2018 | Z81: 2019 | AA81: 2020 | AB81: 2021 | AC81: 2022 | AD81: 2023 | AE81: 2024 | AF81: 2025 | AG81: 2026 | AH81: 2027 | AI81: 2028 | AJ81: 2029 | AK81: 2030 | AL81: 2031 | AM81: 2032 | AN81: 2033 | AO81: 2034 | AP81: 2035 | AQ81: 2036 | AR81: 2037 | AS81: 2038 | AT81: 2039 | AU81: 2040 | AV81: 2041 | AW81: 2042 | AX81: 2043 | AY81: 2044 | AZ81: 2045 | BA81: 2046 | BB81: 2047 | BC81: 2048 | BD81: 2049 | BE81: 2050
A82: ='Population Definitions'!$A$2 -> PWID_males | B82: Framework-supplied default | C82: Number | E82: 0 | F82: OR
A83: ='Population Definitions'!$A$3 -> PWID_females | B83: Framework-supplied default | C83: Number | E83: 0 | F83: OR
A84: ='Population Definitions'!$A$4 -> 0-9_males | B84: Framework-supplied default | C84: Number | E84: 0 | F84: OR
A85: ='Population Definitions'!$A$5 -> 0-9_females | B85: Framework-supplied default | C85: Number | E85: 0 | F85: OR
A86: ='Population Definitions'!$A$6 -> 10-17_males | B86: Framework-supplied default | C86: Number | E86: 0 | F86: OR
A87: ='Population Definitions'!$A$7 -> 10-17_females | B87: Framework-supplied default | C87: Number | E87: 0 | F87: OR
A88: ='Population Definitions'!$A$8 -> 18-64_males | B88: Framework-supplied default | C88: Number | E88: 0 | F88: OR
A89: ='Population Definitions'!$A$9 -> 18-64_females | B89: Framework-supplied default | C89: Number | E89: 0 | F89: OR
A90: ='Population Definitions'!$A$10 -> 65+_males | B90: Framework-supplied default | C90: Number | E90: 0 | F90: OR
A91: ='Population Definitions'!$A$11 -> 65+_females | B91: Framework-supplied default | C91: Number | E91: 0 | F91: OR
A92: ='Population Definitions'!$A$12 -> Prisoners_males | B92: Framework-supplied default | C92: Number | E92: 0 | F92: OR
A93: ='Population Definitions'!$A$13 -> Prisoners_females | B93: Framework-supplied default | C93: Number | E93: 0 | F93: OR
A94: ='Population Definitions'!$A$14 -> Prisoners_PWID_males | B94: Framework-supplied default | C94: Number | E94: 0 | F94: OR
A95: ='Population Definitions'!$A$15 -> Prisoners_PWID_females | B95: Framework-supplied default | C95: Number | E95: 0 | F95: OR
A97: Liver Fibrosis F0-2 (Chronic) (vaccinated) | B97: Provenance | C97: Units | D97: Uncertainty | E97: Constant | G97: 2000 | H97: 2001 | I97: 2002 | J97: 2003 | K97: 2004 | L97: 2005 | M97: 2006 | N97: 2007 | O97: 2008 | P97: 2009 | Q97: 2010 | R97: 2011 | S97: 2012 | T97: 2013 | U97: 2014 | V97: 2015 | W97: 2016 | X97: 2017 | Y97: 2018 | Z97: 2019 | AA97: 2020 | AB97: 2021 | AC97: 2022 | AD97: 2023 | AE97: 2024 | AF97: 2025 | AG97: 2026 | AH97: 2027 | AI97: 2028 | AJ97: 2029 | AK97: 2030 | AL97: 2031 | AM97: 2032 | AN97: 2033 | AO97: 2034 | AP97: 2035 | AQ97: 2036 | AR97: 2037 | AS97: 2038 | AT97: 2039 | AU97: 2040 | AV97: 2041 | AW97: 2042 | AX97: 2043 | AY97: 2044 | AZ97: 2045 | BA97: 2046 | BB97: 2047 | BC97: 2048 | BD97: 2049 | BE97: 2050
A98: ='Population Definitions'!$A$2 -> PWID_males | B98: Framework-supplied default | C98: Number | E98: 0 | F98: OR
A99: ='Population Definitions'!$A$3 -> PWID_females | B99: Framework-supplied default | C99: Number | E99: 0 | F99: OR
A100: ='Population Definitions'!$A$4 -> 0-9_males | B100: Framework-supplied default | C100: Number | E100: 0 | F100: OR
A101: ='Population Definitions'!$A$5 -> 0-9_females | B101: Framework-supplied default | C101: Number | E101: 0 | F101: OR
A102: ='Population Definitions'!$A$6 -> 10-17_males | B102: Framework-supplied default | C102: Number | E102: 0 | F102: OR
A103: ='Population Definitions'!$A$7 -> 10-17_females | B103: Framework-supplied default | C103: Number | E103: 0 | F103: OR
A104: ='Population Definitions'!$A$8 -> 18-64_males | B104: Framework-supplied default | C104: Number | E104: 0 | F104: OR
A105: ='Population Definitions'!$A$9 -> 18-64_females | B105: Framework-supplied default | C105: Number | E105: 0 | F105: OR
A106: ='Population Definitions'!$A$10 -> 65+_males | B106: Framework-supplied default | C106: Number | E106: 0 | F106: OR
...

Sheet Care Cascade

Sheet Other intermediate pars
A1: Multiplier for progression rates (intermediate step for calibration) | B1: Provenance | C1: Units | D1: Uncertainty | E1: Constant | G1: 2000 | H1: 2001 | I1: 2002 | J1: 2003 | K1: 2004 | L1: 2005 | M1: 2006 | N1: 2007 | O1: 2008 | P1: 2009 | Q1: 2010 | R1: 2011 | S1: 2012 | T1: 2013 | U1: 2014 | V1: 2015 | W1: 2016 | X1: 2017 | Y1: 2018 | Z1: 2019 | AA1: 2020 | AB1: 2021 | AC1: 2022 | AD1: 2023 | AE1: 2024 | AF1: 2025 | AG1: 2026 | AH1: 2027 | AI1: 2028 | AJ1: 2029 | AK1: 2030 | AL1: 2031 | AM1: 2032 | AN1: 2033 | AO1: 2034 | AP1: 2035 | AQ1: 2036 | AR1: 2037 | AS1: 2038 | AT1: 2039 | AU1: 2040 | AV1: 2041 | AW1: 2042 | AX1: 2043 | AY1: 2044 | AZ1: 2045 | BA1: 2046 | BB1: 2047 | BC1: 2048 | BD1: 2049 | BE1: 2050
A2: ='Population Definitions'!$A$2 -> PWID_males | B2: Framework-supplied default | C2: N.A. | E2: 1 | F2: OR
A3: ='Population Definitions'!$A$3 -> PWID_females | B3: Framework-supplied default | C3: N.A. | E3: 1 | F3: OR
A4: ='Population Definitions'!$A$4 -> 0-9_males | B4: Framework-supplied default | C4: N.A. | E4: 1 | F4: OR
A5: ='Population Definitions'!$A$5 -> 0-9_females | B5: Framework-supplied default | C5: N.A. | E5: 1 | F5: OR
A6: ='Population Definitions'!$A$6 -> 10-17_males | B6: Framework-supplied default | C6: N.A. | E6: 1 | F6: OR
A7: ='Population Definitions'!$A$7 -> 10-17_females | B7: Framework-supplied default | C7: N.A. | E7: 1 | F7: OR
A8: ='Population Definitions'!$A$8 -> 18-64_males | B8: Framework-supplied default | C8: N.A. | E8: 1 | F8: OR
A9: ='Population Definitions'!$A$9 -> 18-64_females | B9: Framework-supplied default | C9: N.A. | E9: 1 | F9: OR
A10: ='Population Definitions'!$A$10 -> 65+_males | B10: Framework-supplied default | C10: N.A. | E10: 1 | F10: OR
A11: ='Population Definitions'!$A$11 -> 65+_females | B11: Framework-supplied default | C11: N.A. | E11: 1 | F11: OR
A12: ='Population Definitions'!$A$12 -> Prisoners_males | B12: Framework-supplied default | C12: N.A. | E12: 1 | F12: OR
A13: ='Population Definitions'!$A$13 -> Prisoners_females | B13: Framework-supplied default | C13: N.A. | E13: 1 | F13: OR
A14: ='Population Definitions'!$A$14 -> Prisoners_PWID_males | B14: Framework-supplied default | C14: N.A. | E14: 1 | F14: OR
A15: ='Population Definitions'!$A$15 -> Prisoners_PWID_females | B15: Framework-supplied default | C15: N.A. | E15: 1 | F15: OR
A17: Multiplier for death rates (intermediate step for calibration) | B17: Provenance | C17: Units | D17: Uncertainty | E17: Constant | G17: 2000 | H17: 2001 | I17: 2002 | J17: 2003 | K17: 2004 | L17: 2005 | M17: 2006 | N17: 2007 | O17: 2008 | P17: 2009 | Q17: 2010 | R17: 2011 | S17: 2012 | T17: 2013 | U17: 2014 | V17: 2015 | W17: 2016 | X17: 2017 | Y17: 2018 | Z17: 2019 | AA17: 2020 | AB17: 2021 | AC17: 2022 | AD17: 2023 | AE17: 2024 | AF17: 2025 | AG17: 2026 | AH17: 2027 | AI17: 2028 | AJ17: 2029 | AK17: 2030 | AL17: 2031 | AM17: 2032 | AN17: 2033 | AO17: 2034 | AP17: 2035 | AQ17: 2036 | AR17: 2037 | AS17: 2038 | AT17: 2039 | AU17: 2040 | AV17: 2041 | AW17: 2042 | AX17: 2043 | AY17: 2044 | AZ17: 2045 | BA17: 2046 | BB17: 2047 | BC17: 2048 | BD17: 2049 | BE17: 2050
A18: ='Population Definitions'!$A$2 -> PWID_males | B18: Framework-supplied default | C18: N.A. | E18: 1 | F18: OR
A19: ='Population Definitions'!$A$3 -> PWID_females | B19: Framework-supplied default | C19: N.A. | E19: 1 | F19: OR
A20: ='Population Definitions'!$A$4 -> 0-9_males | B20: Framework-supplied default | C20: N.A. | E20: 1 | F20: OR
A21: ='Population Definitions'!$A$5 -> 0-9_females | B21: Framework-supplied default | C21: N.A. | E21: 1 | F21: OR
A22: ='Population Definitions'!$A$6 -> 10-17_males | B22: Framework-supplied default | C22: N.A. | E22: 1 | F22: OR
A23: ='Population Definitions'!$A$7 -> 10-17_females | B23: Framework-supplied default | C23: N.A. | E23: 1 | F23: OR
A24: ='Population Definitions'!$A$8 -> 18-64_males | B24: Framework-supplied default | C24: N.A. | E24: 1 | F24: OR
A25: ='Population Definitions'!$A$9 -> 18-64_females | B25: Framework-supplied default | C25: N.A. | E25: 1 | F25: OR
A26: ='Population Definitions'!$A$10 -> 65+_males | B26: Framework-supplied default | C26: N.A. | E26: 1 | F26: OR
A27: ='Population Definitions'!$A$11 -> 65+_females | B27: Framework-supplied default | C27: N.A. | E27: 1 | F27: OR
A28: ='Population Definitions'!$A$12 -> Prisoners_males | B28: Framework-supplied default | C28: N.A. | E28: 1 | F28: OR
A29: ='Population Definitions'!$A$13 -> Prisoners_females | B29: Framework-supplied default | C29: N.A. | E29: 1 | F29: OR
A30: ='Population Definitions'!$A$14 -> Prisoners_PWID_males | B30: Framework-supplied default | C30: N.A. | E30: 1 | F30: OR
A31: ='Population Definitions'!$A$15 -> Prisoners_PWID_females | B31: Framework-supplied default | C31: N.A. | E31: 1 | F31: OR
A33: Testing rate multiplier non-PWID (intermediate calculation/calibration step) | B33: Provenance | C33: Units | D33: Uncertainty | E33: Constant | G33: 2000 | H33: 2001 | I33: 2002 | J33: 2003 | K33: 2004 | L33: 2005 | M33: 2006 | N33: 2007 | O33: 2008 | P33: 2009 | Q33: 2010 | R33: 2011 | S33: 2012 | T33: 2013 | U33: 2014 | V33: 2015 | W33: 2016 | X33: 2017 | Y33: 2018 | Z33: 2019 | AA33: 2020 | AB33: 2021 | AC33: 2022 | AD33: 2023 | AE33: 2024 | AF33: 2025 | AG33: 2026 | AH33: 2027 | AI33: 2028 | AJ33: 2029 | AK33: 2030 | AL33: 2031 | AM33: 2032 | AN33: 2033 | AO33: 2034 | AP33: 2035 | AQ33: 2036 | AR33: 2037 | AS33: 2038 | AT33: 2039 | AU33: 2040 | AV33: 2041 | AW33: 2042 | AX33: 2043 | AY33: 2044 | AZ33: 2045 | BA33: 2046 | BB33: 2047 | BC33: 2048 | BD33: 2049 | BE33: 2050
A34: ='Population Definitions'!$A$2 -> PWID_males | C34: N.A. | E34: 0 | F34: OR
A35: ='Population Definitions'!$A$3 -> PWID_females | C35: N.A. | E35: 0 | F35: OR
A36: ='Population Definitions'!$A$4 -> 0-9_males | C36: N.A. | E36: 1 | F36: OR
A37: ='Population Definitions'!$A$5 -> 0-9_females | C37: N.A. | E37: 1 | F37: OR
A38: ='Population Definitions'!$A$6 -> 10-17_males | C38: N.A. | E38: 1 | F38: OR
A39: ='Population Definitions'!$A$7 -> 10-17_females | C39: N.A. | E39: 1 | F39: OR
A40: ='Population Definitions'!$A$8 -> 18-64_males | C40: N.A. | E40: 1 | F40: OR
A41: ='Population Definitions'!$A$9 -> 18-64_females | C41: N.A. | E41: 1 | F41: OR
A42: ='Population Definitions'!$A$10 -> 65+_males | C42: N.A. | E42: 1 | F42: OR
A43: ='Population Definitions'!$A$11 -> 65+_females | C43: N.A. | E43: 1 | F43: OR
A44: ='Population Definitions'!$A$12 -> Prisoners_males | C44: N.A. | E44: 0 | F44: OR
A45: ='Population Definitions'!$A$13 -> Prisoners_females | C45: N.A. | E45: 0 | F45: OR
A46: ='Population Definitions'!$A$14 -> Prisoners_PWID_males | C46: N.A. | E46: 0 | F46: OR
A47: ='Population Definitions'!$A$15 -> Prisoners_PWID_females | C47: N.A. | E47: 0 | F47: OR
A49: Separate test multiplier for PWID and Prisoners (no need to calibrate it) | B49: Provenance | C49: Units | D49: Uncertainty | E49: Constant | G49: 2000 | H49: 2001 | I49: 2002 | J49: 2003 | K49: 2004 | L49: 2005 | M49: 2006 | N49: 2007 | O49: 2008 | P49: 2009 | Q49: 2010 | R49: 2011 | S49: 2012 | T49: 2013 | U49: 2014 | V49: 2015 | W49: 2016 | X49: 2017 | Y49: 2018 | Z49: 2019 | AA49: 2020 | AB49: 2021 | AC49: 2022 | AD49: 2023 | AE49: 2024 | AF49: 2025 | AG49: 2026 | AH49: 2027 | AI49: 2028 | AJ49: 2029 | AK49: 2030 | AL49: 2031 | AM49: 2032 | AN49: 2033 | AO49: 2034 | AP49: 2035 | AQ49: 2036 | AR49: 2037 | AS49: 2038 | AT49: 2039 | AU49: 2040 | AV49: 2041 | AW49: 2042 | AX49: 2043 | AY49: 2044 | AZ49: 2045 | BA49: 2046 | BB49: 2047 | BC49: 2048 | BD49: 2049 | BE49: 2050
A50: ='Population Definitions'!$A$2 -> PWID_males | C50: N.A. | E50: 1 | F50: OR
A51: ='Population Definitions'!$A$3 -> PWID_females | C51: N.A. | E51: 1 | F51: OR
A52: ='Population Definitions'!$A$4 -> 0-9_males | C52: N.A. | E52: 0 | F52: OR
A53: ='Population Definitions'!$A$5 -> 0-9_females | C53: N.A. | E53: 0 | F53: OR
A54: ='Population Definitions'!$A$6 -> 10-17_males | C54: N.A. | E54: 0 | F54: OR
A55: ='Population Definitions'!$A$7 -> 10-17_females | C55: N.A. | E55: 0 | F55: OR
A56: ='Population Definitions'!$A$8 -> 18-64_males | C56: N.A. | E56: 0 | F56: OR
A57: ='Population Definitions'!$A$9 -> 18-64_females | C57: N.A. | E57: 0 | F57: OR
A58: ='Population Definitions'!$A$10 -> 65+_males | C58: N.A. | E58: 0 | F58: OR
A59: ='Population Definitions'!$A$11 -> 65+_females | C59: N.A. | E59: 0 | F59: OR
A60: ='Population Definitions'!$A$12 -> Prisoners_males | C60: N.A. | E60: 1 | F60: OR
A61: ='Population Definitions'!$A$13 -> Prisoners_females | C61: N.A. | E61: 1 | F61: OR
A62: ='Population Definitions'!$A$14 -> Prisoners_PWID_males | C62: N.A. | E62: 1 | F62: OR
A63: ='Population Definitions'!$A$15 -> Prisoners_PWID_females | C63: N.A. | E63: 1 | F63: OR
A65: Number of treatments per population group (intermediate calculation step) | B65: Provenance | C65: Units | D65: Uncertainty | E65: Constant | G65: 2000 | H65: 2001 | I65: 2002 | J65: 2003 | K65: 2004 | L65: 2005 | M65: 2006 | N65: 2007 | O65: 2008 | P65: 2009 | Q65: 2010 | R65: 2011 | S65: 2012 | T65: 2013 | U65: 2014 | V65: 2015 | W65: 2016 | X65: 2017 | Y65: 2018 | Z65: 2019 | AA65: 2020 | AB65: 2021 | AC65: 2022 | AD65: 2023 | AE65: 2024 | AF65: 2025 | AG65: 2026 | AH65: 2027 | AI65: 2028 | AJ65: 2029 | AK65: 2030 | AL65: 2031 | AM65: 2032 | AN65: 2033 | AO65: 2034 | AP65: 2035 | AQ65: 2036 | AR65: 2037 | AS65: 2038 | AT65: 2039 | AU65: 2040 | AV65: 2041 | AW65: 2042 | AX65: 2043 | AY65: 2044 | AZ65: 2045 | BA65: 2046 | BB65: 2047 | BC65: 2048 | BD65: 2049 | BE65: 2050
A66: ='Population Definitions'!$A$2 -> PWID_males | C66: Number (per year) | D66: 122.17002 | F66: OR | G66: 26.922 | U66: 26.922 | V66: 80.766 | W66: 43.501 | X66: 48.138 | Y66: 25.888 | Z66: 1 | AA66: 2072 | AB66: 54.039 | AC66: 1 | AD66: 1
A67: ='Population Definitions'!$A$3 -> PWID_females | C67: Number (per year) | D67: 34.47598 | F67: OR | G67: 26.922 | U67: 26.922 | V67: 80.766 | W67: 43.501 | X67: 48.138 | Y67: 25.888 | Z67: 1 | AA67: 2072 | AB67: 54.039 | AC67: 1 | AD67: 1
A68: ='Population Definitions'!$A$4 -> 0-9_males | C68: Number (per year) | D68: 0 | F68: OR | G68: 26.922 | U68: 26.922 | V68: 80.766 | W68: 43.501 | X68: 48.138 | Y68: 25.888 | Z68: 1 | AA68: 2072 | AB68: 54.039 | AC68: 1 | AD68: 1
A69: ='Population Definitions'!$A$5 -> 0-9_females | C69: Number (per year) | D69: 0 | F69: OR | G69: 26.922 | U69: 26.922 | V69: 80.766 | W69: 43.501 | X69: 48.138 | Y69: 25.888 | Z69: 1 | AA69: 2072 | AB69: 54.039 | AC69: 1 | AD69: 1
A70: ='Population Definitions'!$A$6 -> 10-17_males | C70: Number (per year) | D70: 0 | F70: OR | G70: 26.922 | U70: 26.922 | V70: 80.766 | W70: 43.501 | X70: 48.138 | Y70: 25.888 | Z70: 1 | AA70: 2072 | AB70: 54.039 | AC70: 1 | AD70: 1
A71: ='Population Definitions'!$A$7 -> 10-17_females | C71: Number (per year) | D71: 0 | F71: OR | G71: 26.922 | U71: 26.922 | V71: 80.766 | W71: 43.501 | X71: 48.138 | Y71: 25.888 | Z71: 1 | AA71: 2072 | AB71: 54.039 | AC71: 1 | AD71: 1
A72: ='Population Definitions'!$A$8 -> 18-64_males | C72: Number (per year) | D72: 78.546455 | F72: OR | G72: 26.922 | U72: 26.922 | V72: 80.766 | W72: 43.501 | X72: 48.138 | Y72: 25.888 | Z72: 1 | AA72: 2072 | AB72: 54.039 | AC72: 1 | AD72: 1
A73: ='Population Definitions'!$A$9 -> 18-64_females | C73: Number (per year) | D73: 83.093505 | F73: OR | G73: 26.922 | U73: 26.922 | V73: 80.766 | W73: 43.501 | X73: 48.138 | Y73: 25.888 | Z73: 1 | AA73: 2072 | AB73: 54.039 | AC73: 1 | AD73: 1
A74: ='Population Definitions'!$A$10 -> 65+_males | C74: Number (per year) | D74: 4.5003737 | F74: OR | G74: 26.922 | U74: 26.922 | V74: 80.766 | W74: 43.501 | X74: 48.138 | Y74: 25.888 | Z74: 1 | AA74: 2072 | AB74: 54.039 | AC74: 1 | AD74: 1
A75: ='Population Definitions'!$A$11 -> 65+_females | C75: Number (per year) | D75: 5.5388634 | F75: OR | G75: 26.922 | U75: 26.922 | V75: 80.766 | W75: 43.501 | X75: 48.138 | Y75: 25.888 | Z75: 1 | AA75: 2072 | AB75: 54.039 | AC75: 1 | AD75: 1
A76: ='Population Definitions'!$A$12 -> Prisoners_males | C76: Number (per year) | D76: 0.34711158 | F76: OR | G76: 26.922 | U76: 26.922 | V76: 80.766 | W76: 43.501 | X76: 48.138 | Y76: 25.888 | Z76: 1 | AA76: 2072 | AB76: 54.039 | AC76: 1 | AD76: 1
A77: ='Population Definitions'!$A$13 -> Prisoners_females | C77: Number (per year) | D77: 0.011845587 | F77: OR | G77: 26.922 | U77: 26.922 | V77: 80.766 | W77: 43.501 | X77: 48.138 | Y77: 25.888 | Z77: 1 | AA77: 2072 | AB77: 54.039 | AC77: 1 | AD77: 1
A78: ='Population Definitions'!$A$14 -> Prisoners_PWID_males | C78: Number (per year) | D78: 37.38708 | F78: OR | G78: 26.922 | U78: 26.922 | V78: 80.766 | W78: 43.501 | X78: 48.138 | Y78: 25.888 | Z78: 1 | AA78: 2072 | AB78: 54.039 | AC78: 1 | AD78: 1
A79: ='Population Definitions'!$A$15 -> Prisoners_PWID_females | C79: Number (per year) | D79: 1.2758776 | F79: OR | G79: 26.922 | U79: 26.922 | V79: 80.766 | W79: 43.501 | X79: 48.138 | Y79: 25.888 | Z79: 1 | AA79: 2072 | AB79: 54.039 | AC79: 1 | AD79: 1
A81: Prevalence (intermediate calibration step) | B81: Provenance | C81: Units | D81: Uncertainty | E81: Constant | G81: 2000 | H81: 2001 | I81: 2002 | J81: 2003 | K81: 2004 | L81: 2005 | M81: 2006 | N81: 2007 | O81: 2008 | P81: 2009 | Q81: 2010 | R81: 2011 | S81: 2012 | T81: 2013 | U81: 2014 | V81: 2015 | W81: 2016 | X81: 2017 | Y81: 2018 | Z81: 2019 | AA81: 2020 | AB81: 2021 | AC81: 2022 | AD81: 2023 | AE81: 2024 | AF81: 2025 | AG81: 2026 | AH81: 2027 | AI81: 2028 | AJ81: 2029 | AK81: 2030 | AL81: 2031 | AM81: 2032 | AN81: 2033 | AO81: 2034 | AP81: 2035 | AQ81: 2036 | AR81: 2037 | AS81: 2038 | AT81: 2039 | AU81: 2040 | AV81: 2041 | AW81: 2042 | AX81: 2043 | AY81: 2044 | AZ81: 2045 | BA81: 2046 | BB81: 2047 | BC81: 2048 | BD81: 2049 | BE81: 2050
A82: ='Population Definitions'!$A$2 -> PWID_males | C82: Number (per year) | F82: OR | G82: 0.208 | Q82: 0.208 | V82: 0.208 | X82: 0.171
A83: ='Population Definitions'!$A$3 -> PWID_females | C83: Number (per year) | F83: OR | G83: 0.208 | Q83: 0.208 | V83: 0.208 | X83: 0.171
A84: ='Population Definitions'!$A$4 -> 0-9_males | C84: Number (per year) | F84: OR | G84: 0 | Q84: 0
A85: ='Population Definitions'!$A$5 -> 0-9_females | C85: Number (per year) | F85: OR | G85: 0 | Q85: 0
A86: ='Population Definitions'!$A$6 -> 10-17_males | C86: Number (per year) | F86: OR | G86: 0 | Q86: 0
A87: ='Population Definitions'!$A$7 -> 10-17_females | C87: Number (per year) | F87: OR | G87: 0 | Q87: 0
A88: ='Population Definitions'!$A$8 -> 18-64_males | C88: Number (per year) | F88: OR | G88: 0.0047628282 | Q88: 0
A89: ='Population Definitions'!$A$9 -> 18-64_females | C89: Number (per year) | F89: OR | G89: 0.0047628282 | Q89: 0
A90: ='Population Definitions'!$A$10 -> 65+_males | C90: Number (per year) | F90: OR | G90: 0.0047628282 | Q90: 0
A91: ='Population Definitions'!$A$11 -> 65+_females | C91: Number (per year) | F91: OR | G91: 0.0047628282 | Q91: 0
A92: ='Population Definitions'!$A$12 -> Prisoners_males | C92: Number (per year) | F92: OR | G92: 0.0047628282 | Q92: 0
A93: ='Population Definitions'!$A$13 -> Prisoners_females | C93: Number (per year) | F93: OR | G93: 0.0047628282 | Q93: 0
A94: ='Population Definitions'!$A$14 -> Prisoners_PWID_males | C94: Number (per year) | F94: OR | G94: 0.171 | Q94: 0.171
A95: ='Population Definitions'!$A$15 -> Prisoners_PWID_females | C95: Number (per year) | F95: OR | G95: 0.171 | Q95: 0.171

Sheet Vaccine parameters
A1: Vaccine: vaccination uptake | B1: Provenance | C1: Units | D1: Uncertainty | E1: Constant | G1: 2000 | H1: 2001 | I1: 2002 | J1: 2003 | K1: 2004 | L1: 2005 | M1: 2006 | N1: 2007 | O1: 2008 | P1: 2009 | Q1: 2010 | R1: 2011 | S1: 2012 | T1: 2013 | U1: 2014 | V1: 2015 | W1: 2016 | X1: 2017 | Y1: 2018 | Z1: 2019 | AA1: 2020 | AB1: 2021 | AC1: 2022 | AD1: 2023 | AE1: 2024 | AF1: 2025 | AG1: 2026 | AH1: 2027 | AI1: 2028 | AJ1: 2029 | AK1: 2030 | AL1: 2031 | AM1: 2032 | AN1: 2033 | AO1: 2034 | AP1: 2035 | AQ1: 2036 | AR1: 2037 | AS1: 2038 | AT1: 2039 | AU1: 2040 | AV1: 2041 | AW1: 2042 | AX1: 2043 | AY1: 2044 | AZ1: 2045 | BA1: 2046 | BB1: 2047 | BC1: 2048 | BD1: 2049 | BE1: 2050
A2: ='Population Definitions'!$A$2 -> PWID_males | B2: Framework-supplied default | C2: Probability (per year) | E2: 0 | F2: OR
A3: ='Population Definitions'!$A$3 -> PWID_females | B3: Framework-supplied default | C3: Probability (per year) | E3: 0 | F3: OR
A4: ='Population Definitions'!$A$4 -> 0-9_males | B4: Framework-supplied default | C4: Probability (per year) | E4: 0 | F4: OR
A5: ='Population Definitions'!$A$5 -> 0-9_females | B5: Framework-supplied default | C5: Probability (per year) | E5: 0 | F5: OR
A6: ='Population Definitions'!$A$6 -> 10-17_males | B6: Framework-supplied default | C6: Probability (per year) | E6: 0 | F6: OR
A7: ='Population Definitions'!$A$7 -> 10-17_females | B7: Framework-supplied default | C7: Probability (per year) | E7: 0 | F7: OR
A8: ='Population Definitions'!$A$8 -> 18-64_males | B8: Framework-supplied default | C8: Probability (per year) | E8: 0 | F8: OR
A9: ='Population Definitions'!$A$9 -> 18-64_females | B9: Framework-supplied default | C9: Probability (per year) | E9: 0 | F9: OR
A10: ='Population Definitions'!$A$10 -> 65+_males | B10: Framework-supplied default | C10: Probability (per year) | E10: 0 | F10: OR
A11: ='Population Definitions'!$A$11 -> 65+_females | B11: Framework-supplied default | C11: Probability (per year) | E11: 0 | F11: OR
A12: ='Population Definitions'!$A$12 -> Prisoners_males | B12: Framework-supplied default | C12: Probability (per year) | E12: 0 | F12: OR
A13: ='Population Definitions'!$A$13 -> Prisoners_females | B13: Framework-supplied default | C13: Probability (per year) | E13: 0 | F13: OR
A14: ='Population Definitions'!$A$14 -> Prisoners_PWID_males | B14: Framework-supplied default | C14: Probability (per year) | E14: 0 | F14: OR
A15: ='Population Definitions'!$A$15 -> Prisoners_PWID_females | B15: Framework-supplied default | C15: Probability (per year) | E15: 0 | F15: OR
A17: Vaccine: duration for waning effectiveness | B17: Provenance | C17: Units | D17: Uncertainty | E17: Constant | G17: 2000 | H17: 2001 | I17: 2002 | J17: 2003 | K17: 2004 | L17: 2005 | M17: 2006 | N17: 2007 | O17: 2008 | P17: 2009 | Q17: 2010 | R17: 2011 | S17: 2012 | T17: 2013 | U17: 2014 | V17: 2015 | W17: 2016 | X17: 2017 | Y17: 2018 | Z17: 2019 | AA17: 2020 | AB17: 2021 | AC17: 2022 | AD17: 2023 | AE17: 2024 | AF17: 2025 | AG17: 2026 | AH17: 2027 | AI17: 2028 | AJ17: 2029 | AK17: 2030 | AL17: 2031 | AM17: 2032 | AN17: 2033 | AO17: 2034 | AP17: 2035 | AQ17: 2036 | AR17: 2037 | AS17: 2038 | AT17: 2039 | AU17: 2040 | AV17: 2041 | AW17: 2042 | AX17: 2043 | AY17: 2044 | AZ17: 2045 | BA17: 2046 | BB17: 2047 | BC17: 2048 | BD17: 2049 | BE17: 2050
A18: ='Population Definitions'!$A$2 -> PWID_males | B18: Framework-supplied default | C18: Duration (years) | E18: 5 | F18: OR
A19: ='Population Definitions'!$A$3 -> PWID_females | B19: Framework-supplied default | C19: Duration (years) | E19: 5 | F19: OR
A20: ='Population Definitions'!$A$4 -> 0-9_males | B20: Framework-supplied default | C20: Duration (years) | E20: 5 | F20: OR
A21: ='Population Definitions'!$A$5 -> 0-9_females | B21: Framework-supplied default | C21: Duration (years) | E21: 5 | F21: OR
A22: ='Population Definitions'!$A$6 -> 10-17_males | B22: Framework-supplied default | C22: Duration (years) | E22: 5 | F22: OR
A23: ='Population Definitions'!$A$7 -> 10-17_females | B23: Framework-supplied default | C23: Duration (years) | E23: 5 | F23: OR
A24: ='Population Definitions'!$A$8 -> 18-64_males | B24: Framework-supplied default | C24: Duration (years) | E24: 5 | F24: OR
A25: ='Population Definitions'!$A$9 -> 18-64_females | B25: Framework-supplied default | C25: Duration (years) | E25: 5 | F25: OR
A26: ='Population Definitions'!$A$10 -> 65+_males | B26: Framework-supplied default | C26: Duration (years) | E26: 5 | F26: OR
A27: ='Population Definitions'!$A$11 -> 65+_females | B27: Framework-supplied default | C27: Duration (years) | E27: 5 | F27: OR
A28: ='Population Definitions'!$A$12 -> Prisoners_males | B28: Framework-supplied default | C28: Duration (years) | E28: 5 | F28: OR
A29: ='Population Definitions'!$A$13 -> Prisoners_females | B29: Framework-supplied default | C29: Duration (years) | E29: 5 | F29: OR
A30: ='Population Definitions'!$A$14 -> Prisoners_PWID_males | B30: Framework-supplied default | C30: Duration (years) | E30: 5 | F30: OR
A31: ='Population Definitions'!$A$15 -> Prisoners_PWID_females | B31: Framework-supplied default | C31: Duration (years) | E31: 5 | F31: OR
A33: Vaccine: proportion of initial HCV infections spontaneously clearing | B33: Provenance | C33: Units | D33: Uncertainty | E33: Constant | G33: 2000 | H33: 2001 | I33: 2002 | J33: 2003 | K33: 2004 | L33: 2005 | M33: 2006 | N33: 2007 | O33: 2008 | P33: 2009 | Q33: 2010 | R33: 2011 | S33: 2012 | T33: 2013 | U33: 2014 | V33: 2015 | W33: 2016 | X33: 2017 | Y33: 2018 | Z33: 2019 | AA33: 2020 | AB33: 2021 | AC33: 2022 | AD33: 2023 | AE33: 2024 | AF33: 2025 | AG33: 2026 | AH33: 2027 | AI33: 2028 | AJ33: 2029 | AK33: 2030 | AL33: 2031 | AM33: 2032 | AN33: 2033 | AO33: 2034 | AP33: 2035 | AQ33: 2036 | AR33: 2037 | AS33: 2038 | AT33: 2039 | AU33: 2040 | AV33: 2041 | AW33: 2042 | AX33: 2043 | AY33: 2044 | AZ33: 2045 | BA33: 2046 | BB33: 2047 | BC33: 2048 | BD33: 2049 | BE33: 2050
A34: ='Population Definitions'!$A$2 -> PWID_males | B34: Framework-supplied default | C34: Proportion | E34: 0.8 | F34: OR
A35: ='Population Definitions'!$A$3 -> PWID_females | B35: Framework-supplied default | C35: Proportion | E35: 0.8 | F35: OR
A36: ='Population Definitions'!$A$4 -> 0-9_males | B36: Framework-supplied default | C36: Proportion | E36: 0.8 | F36: OR
A37: ='Population Definitions'!$A$5 -> 0-9_females | B37: Framework-supplied default | C37: Proportion | E37: 0.8 | F37: OR
A38: ='Population Definitions'!$A$6 -> 10-17_males | B38: Framework-supplied default | C38: Proportion | E38: 0.8 | F38: OR
A39: ='Population Definitions'!$A$7 -> 10-17_females | B39: Framework-supplied default | C39: Proportion | E39: 0.8 | F39: OR
A40: ='Population Definitions'!$A$8 -> 18-64_males | B40: Framework-supplied default | C40: Proportion | E40: 0.8 | F40: OR
A41: ='Population Definitions'!$A$9 -> 18-64_females | B41: Framework-supplied default | C41: Proportion | E41: 0.8 | F41: OR
A42: ='Population Definitions'!$A$10 -> 65+_males | B42: Framework-supplied default | C42: Proportion | E42: 0.8 | F42: OR
A43: ='Population Definitions'!$A$11 -> 65+_females | B43: Framework-supplied default | C43: Proportion | E43: 0.8 | F43: OR
A44: ='Population Definitions'!$A$12 -> Prisoners_males | B44: Framework-supplied default | C44: Proportion | E44: 0.8 | F44: OR
A45: ='Population Definitions'!$A$13 -> Prisoners_females | B45: Framework-supplied default | C45: Proportion | E45: 0.8 | F45: OR
A46: ='Population Definitions'!$A$14 -> Prisoners_PWID_males | B46: Framework-supplied default | C46: Proportion | E46: 0.8 | F46: OR
A47: ='Population Definitions'!$A$15 -> Prisoners_PWID_females | B47: Framework-supplied default | C47: Proportion | E47: 0.8 | F47: OR
A49: Vaccine: proportion of HCV infections spontaneously clearing | B49: Provenance | C49: Units | D49: Uncertainty | E49: Constant | G49: 2000 | H49: 2001 | I49: 2002 | J49: 2003 | K49: 2004 | L49: 2005 | M49: 2006 | N49: 2007 | O49: 2008 | P49: 2009 | Q49: 2010 | R49: 2011 | S49: 2012 | T49: 2013 | U49: 2014 | V49: 2015 | W49: 2016 | X49: 2017 | Y49: 2018 | Z49: 2019 | AA49: 2020 | AB49: 2021 | AC49: 2022 | AD49: 2023 | AE49: 2024 | AF49: 2025 | AG49: 2026 | AH49: 2027 | AI49: 2028 | AJ49: 2029 | AK49: 2030 | AL49: 2031 | AM49: 2032 | AN49: 2033 | AO49: 2034 | AP49: 2035 | AQ49: 2036 | AR49: 2037 | AS49: 2038 | AT49: 2039 | AU49: 2040 | AV49: 2041 | AW49: 2042 | AX49: 2043 | AY49: 2044 | AZ49: 2045 | BA49: 2046 | BB49: 2047 | BC49: 2048 | BD49: 2049 | BE49: 2050
A50: ='Population Definitions'!$A$2 -> PWID_males | B50: Framework-supplied default | C50: Proportion | E50: 0.8 | F50: OR
A51: ='Population Definitions'!$A$3 -> PWID_females | B51: Framework-supplied default | C51: Proportion | E51: 0.8 | F51: OR
A52: ='Population Definitions'!$A$4 -> 0-9_males | B52: Framework-supplied default | C52: Proportion | E52: 0.8 | F52: OR
A53: ='Population Definitions'!$A$5 -> 0-9_females | B53: Framework-supplied default | C53: Proportion | E53: 0.8 | F53: OR
A54: ='Population Definitions'!$A$6 -> 10-17_males | B54: Framework-supplied default | C54: Proportion | E54: 0.8 | F54: OR
A55: ='Population Definitions'!$A$7 -> 10-17_females | B55: Framework-supplied default | C55: Proportion | E55: 0.8 | F55: OR
A56: ='Population Definitions'!$A$8 -> 18-64_males | B56: Framework-supplied default | C56: Proportion | E56: 0.8 | F56: OR
A57: ='Population Definitions'!$A$9 -> 18-64_females | B57: Framework-supplied default | C57: Proportion | E57: 0.8 | F57: OR
A58: ='Population Definitions'!$A$10 -> 65+_males | B58: Framework-supplied default | C58: Proportion | E58: 0.8 | F58: OR
A59: ='Population Definitions'!$A$11 -> 65+_females | B59: Framework-supplied default | C59: Proportion | E59: 0.8 | F59: OR
A60: ='Population Definitions'!$A$12 -> Prisoners_males | B60: Framework-supplied default | C60: Proportion | E60: 0.8 | F60: OR
A61: ='Population Definitions'!$A$13 -> Prisoners_females | B61: Framework-supplied default | C61: Proportion | E61: 0.8 | F61: OR
A62: ='Population Definitions'!$A$14 -> Prisoners_PWID_males | B62: Framework-supplied default | C62: Proportion | E62: 0.8 | F62: OR
A63: ='Population Definitions'!$A$15 -> Prisoners_PWID_females | B63: Framework-supplied default | C63: Proportion | E63: 0.8 | F63: OR
A65: Vaccine: duration for spontaneous viral clearance | B65: Provenance | C65: Units | D65: Uncertainty | E65: Constant | G65: 2000 | H65: 2001 | I65: 2002 | J65: 2003 | K65: 2004 | L65: 2005 | M65: 2006 | N65: 2007 | O65: 2008 | P65: 2009 | Q65: 2010 | R65: 2011 | S65: 2012 | T65: 2013 | U65: 2014 | V65: 2015 | W65: 2016 | X65: 2017 | Y65: 2018 | Z65: 2019 | AA65: 2020 | AB65: 2021 | AC65: 2022 | AD65: 2023 | AE65: 2024 | AF65: 2025 | AG65: 2026 | AH65: 2027 | AI65: 2028 | AJ65: 2029 | AK65: 2030 | AL65: 2031 | AM65: 2032 | AN65: 2033 | AO65: 2034 | AP65: 2035 | AQ65: 2036 | AR65: 2037 | AS65: 2038 | AT65: 2039 | AU65: 2040 | AV65: 2041 | AW65: 2042 | AX65: 2043 | AY65: 2044 | AZ65: 2045 | BA65: 2046 | BB65: 2047 | BC65: 2048 | BD65: 2049 | BE65: 2050
A66: ='Population Definitions'!$A$2 -> PWID_males | B66: Framework-supplied default | C66: Duration (years) | E66: 1 | F66: OR
A67: ='Population Definitions'!$A$3 -> PWID_females | B67: Framework-supplied default | C67: Duration (years) | E67: 1 | F67: OR
A68: ='Population Definitions'!$A$4 -> 0-9_males | B68: Framework-supplied default | C68: Duration (years) | E68: 1 | F68: OR
A69: ='Population Definitions'!$A$5 -> 0-9_females | B69: Framework-supplied default | C69: Duration (years) | E69: 1 | F69: OR
A70: ='Population Definitions'!$A$6 -> 10-17_males | B70: Framework-supplied default | C70: Duration (years) | E70: 1 | F70: OR
A71: ='Population Definitions'!$A$7 -> 10-17_females | B71: Framework-supplied default | C71: Duration (years) | E71: 1 | F71: OR
A72: ='Population Definitions'!$A$8 -> 18-64_males | B72: Framework-supplied default | C72: Duration (years) | E72: 1 | F72: OR
A73: ='Population Definitions'!$A$9 -> 18-64_females | B73: Framework-supplied default | C73: Duration (years) | E73: 1 | F73: OR
A74: ='Population Definitions'!$A$10 -> 65+_males | B74: Framework-supplied default | C74: Duration (years) | E74: 1 | F74: OR
A75: ='Population Definitions'!$A$11 -> 65+_females | B75: Framework-supplied default | C75: Duration (years) | E75: 1 | F75: OR
A76: ='Population Definitions'!$A$12 -> Prisoners_males | B76: Framework-supplied default | C76: Duration (years) | E76: 1 | F76: OR
A77: ='Population Definitions'!$A$13 -> Prisoners_females | B77: Framework-supplied default | C77: Duration (years) | E77: 1 | F77: OR
A78: ='Population Definitions'!$A$14 -> Prisoners_PWID_males | B78: Framework-supplied default | C78: Duration (years) | E78: 1 | F78: OR
A79: ='Population Definitions'!$A$15 -> Prisoners_PWID_females | B79: Framework-supplied default | C79: Duration (years) | E79: 1 | F79: OR
A81: Vaccine: FOI multiplier for PWID | B81: Provenance | C81: Units | D81: Uncertainty | E81: Constant | G81: 2000 | H81: 2001 | I81: 2002 | J81: 2003 | K81: 2004 | L81: 2005 | M81: 2006 | N81: 2007 | O81: 2008 | P81: 2009 | Q81: 2010 | R81: 2011 | S81: 2012 | T81: 2013 | U81: 2014 | V81: 2015 | W81: 2016 | X81: 2017 | Y81: 2018 | Z81: 2019 | AA81: 2020 | AB81: 2021 | AC81: 2022 | AD81: 2023 | AE81: 2024 | AF81: 2025 | AG81: 2026 | AH81: 2027 | AI81: 2028 | AJ81: 2029 | AK81: 2030 | AL81: 2031 | AM81: 2032 | AN81: 2033 | AO81: 2034 | AP81: 2035 | AQ81: 2036 | AR81: 2037 | AS81: 2038 | AT81: 2039 | AU81: 2040 | AV81: 2041 | AW81: 2042 | AX81: 2043 | AY81: 2044 | AZ81: 2045 | BA81: 2046 | BB81: 2047 | BC81: 2048 | BD81: 2049 | BE81: 2050
A82: ='Population Definitions'!$A$2 -> PWID_males | B82: Framework-supplied default | C82: N.A. | E82: 1 | F82: OR
A83: ='Population Definitions'!$A$3 -> PWID_females | B83: Framework-supplied default | C83: N.A. | E83: 1 | F83: OR
A84: ='Population Definitions'!$A$4 -> 0-9_males | B84: Framework-supplied default | C84: N.A. | E84: 1 | F84: OR
A85: ='Population Definitions'!$A$5 -> 0-9_females | B85: Framework-supplied default | C85: N.A. | E85: 1 | F85: OR
A86: ='Population Definitions'!$A$6 -> 10-17_males | B86: Framework-supplied default | C86: N.A. | E86: 1 | F86: OR
A87: ='Population Definitions'!$A$7 -> 10-17_females | B87: Framework-supplied default | C87: N.A. | E87: 1 | F87: OR
A88: ='Population Definitions'!$A$8 -> 18-64_males | B88: Framework-supplied default | C88: N.A. | E88: 1 | F88: OR
A89: ='Population Definitions'!$A$9 -> 18-64_females | B89: Framework-supplied default | C89: N.A. | E89: 1 | F89: OR
A90: ='Population Definitions'!$A$10 -> 65+_males | B90: Framework-supplied default | C90: N.A. | E90: 1 | F90: OR
A91: ='Population Definitions'!$A$11 -> 65+_females | B91: Framework-supplied default | C91: N.A. | E91: 1 | F91: OR
A92: ='Population Definitions'!$A$12 -> Prisoners_males | B92: Framework-supplied default | C92: N.A. | E92: 1 | F92: OR
A93: ='Population Definitions'!$A$13 -> Prisoners_females | B93: Framework-supplied default | C93: N.A. | E93: 1 | F93: OR
A94: ='Population Definitions'!$A$14 -> Prisoners_PWID_males | B94: Framework-supplied default | C94: N.A. | E94: 1 | F94: OR
A95: ='Population Definitions'!$A$15 -> Prisoners_PWID_females | B95: Framework-supplied default | C95: N.A. | E95: 1 | F95: OR
A97: Vaccine: FOI multiplier for gPop | B97: Provenance | C97: Units | D97: Uncertainty | E97: Constant | G97: 2000 | H97: 2001 | I97: 2002 | J97: 2003 | K97: 2004 | L97: 2005 | M97: 2006 | N97: 2007 | O97: 2008 | P97: 2009 | Q97: 2010 | R97: 2011 | S97: 2012 | T97: 2013 | U97: 2014 | V97: 2015 | W97: 2016 | X97: 2017 | Y97: 2018 | Z97: 2019 | AA97: 2020 | AB97: 2021 | AC97: 2022 | AD97: 2023 | AE97: 2024 | AF97: 2025 | AG97: 2026 | AH97: 2027 | AI97: 2028 | AJ97: 2029 | AK97: 2030 | AL97: 2031 | AM97: 2032 | AN97: 2033 | AO97: 2034 | AP97: 2035 | AQ97: 2036 | AR97: 2037 | AS97: 2038 | AT97: 2039 | AU97: 2040 | AV97: 2041 | AW97: 2042 | AX97: 2043 | AY97: 2044 | AZ97: 2045 | BA97: 2046 | BB97: 2047 | BC97: 2048 | BD97: 2049 | BE97: 2050
A98: ='Population Definitions'!$A$2 -> PWID_males | B98: Framework-supplied default | C98: N.A. | E98: 1 | F98: OR
A99: ='Population Definitions'!$A$3 -> PWID_females | B99: Framework-supplied default | C99: N.A. | E99: 1 | F99: OR
A100: ='Population Definitions'!$A$4 -> 0-9_males | B100: Framework-supplied default | C100: N.A. | E100: 1 | F100: OR
A101: ='Population Definitions'!$A$5 -> 0-9_females | B101: Framework-supplied default | C101: N.A. | E101: 1 | F101: OR
A102: ='Population Definitions'!$A$6 -> 10-17_males | B102: Framework-supplied default | C102: N.A. | E102: 1 | F102: OR
A103: ='Population Definitions'!$A$7 -> 10-17_females | B103: Framework-supplied default | C103: N.A. | E103: 1 | F103: OR
A104: ='Population Definitions'!$A$8 -> 18-64_males | B104: Framework-supplied default | C104: N.A. | E104: 1 | F104: OR
A105: ='Population Definitions'!$A$9 -> 18-64_females | B105: Framework-supplied default | C105: N.A. | E105: 1 | F105: OR
A106: ='Population Definitions'!$A$10 -> 65+_males | B106: Framework-supplied default | C106: N.A. | E106: 1 | F106: OR
...

Sheet Interactions
A1: Abbreviation | B1: Full Name | C1: From population type | D1: To population type
A2: idu | B2: Injecting Drug Use Transmission | C2: human | D2: human
B4: ='Population Definitions'!$A$2 -> PWID_males | C4: ='Population Definitions'!$A$3 -> PWID_females | D4: ='Population Definitions'!$A$4 -> 0-9_males | E4: ='Population Definitions'!$A$5 -> 0-9_females | F4: ='Population Definitions'!$A$6 -> 10-17_males | G4: ='Population Definitions'!$A$7 -> 10-17_females | H4: ='Population Definitions'!$A$8 -> 18-64_males | I4: ='Population Definitions'!$A$9 -> 18-64_females | J4: ='Population Definitions'!$A$10 -> 65+_males | K4: ='Population Definitions'!$A$11 -> 65+_females | L4: ='Population Definitions'!$A$12 -> Prisoners_males | M4: ='Population Definitions'!$A$13 -> Prisoners_females | N4: ='Population Definitions'!$A$14 -> Prisoners_PWID_males | O4: ='Population Definitions'!$A$15 -> Prisoners_PWID_females
A5: ='Population Definitions'!$A$2 -> PWID_males | B5: Y | C5: Y | D5: N | E5: N | F5: N | G5: N | H5: N | I5: N | J5: N | K5: N | L5: N | M5: N | N5: N | O5: N
