Workbook

Sheet Population Definitions
A1: Abbreviation | B1: Full Name | C1: Population type
A2: PWID_males | B2: People Who Inject Drugs (males) | C2: human
A3: PWID_females | B3: People Who Inject Drugs (females) | C3: human
A4: 0-9_males | B4: General Population 0-9 males | C4: human
A5: 0-9_females | B5: General Population 0-9 females | C5: human
A6: 10-17_males | B6: General Population 10-17 males | C6: human
A7: 10-17_females | B7: General Population 10-17 females | C7: human
A8: 18-64_males | B8: General Population 18-64 males | C8: human
A9: 18-64_females | B9: General Population 18-64 females | C9: human
A10: 65+_males | B10: General Population 65+ males | C10: human
A11: 65+_females | B11: General Population 65+ females | C11: human
A12: Prisoners_males | B12: Prisoners (males) | C12: human
A13: Prisoners_females | B13: Prisoners (females) | C13: human

Sheet Disease Burden
A1: Population living with chronic HCV | B1: Provenance | C1: Units | D1: Uncertainty | E1: 2000 | F1: 2001 | G1: 2002 | H1: 2003 | I1: 2004 | J1: 2005 | K1: 2006 | L1: 2007 | M1: 2008 | N1: 2009 | O1: 2010 | P1: 2011 | Q1: 2012 | R1: 2013 | S1: 2014 | T1: 2015 | U1: 2016 | V1: 2017 | W1: 2018 | X1: 2019 | Y1: 2020 | Z1: 2021 | AA1: 2022 | AB1: 2023 | AC1: 2024 | AD1: 2025 | AE1: 2026 | AF1: 2027 | AG1: 2028 | AH1: 2029 | AI1: 2030 | AJ1: 2031 | AK1: 2032 | AL1: 2033 | AM1: 2034 | AN1: 2035 | AO1: 2036 | AP1: 2037 | AQ1: 2038 | AR1: 2039 | AS1: 2040 | AT1: 2041 | AU1: 2042 | AV1: 2043 | AW1: 2044 | AX1: 2045 | AY1: 2046 | AZ1: 2047 | BA1: 2048 | BB1: 2049 | BC1: 2050
A2: ='Population Definitions'!$A$2 -> PWID_males | C2: Number | E2: 38.687876
A3: ='Population Definitions'!$A$3 -> PWID_females | C3: Number | E3: 11.847114
A4: ='Population Definitions'!$A$4 -> 0-9_males | C4: Number | E4: 0
A5: ='Population Definitions'!$A$5 -> 0-9_females | C5: Number | E5: 0
A6: ='Population Definitions'!$A$6 -> 10-17_males | C6: Number | E6: 0
A7: ='Population Definitions'!$A$7 -> 10-17_females | C7: Number | E7: 0
A8: ='Population Definitions'!$A$8 -> 18-64_males | C8: Number | E8: 0
A9: ='Population Definitions'!$A$9 -> 18-64_females | C9: Number | E9: 0
A10: ='Population Definitions'!$A$10 -> 65+_males | C10: Number | E10: 0
A11: ='Population Definitions'!$A$11 -> 65+_females | C11: Number | E11: 0
A12: ='Population Definitions'!$A$12 -> Prisoners_males | C12: Number | E12: 41.678
A13: ='Population Definitions'!$A$13 -> Prisoners_females | C13: Number | E13: 0
A15: HCV Prevalence | B15: Provenance | C15: Units | D15: Uncertainty | E15: 2000 | F15: 2001 | G15: 2002 | H15: 2003 | I15: 2004 | J15: 2005 | K15: 2006 | L15: 2007 | M15: 2008 | N15: 2009 | O15: 2010 | P15: 2011 | Q15: 2012 | R15: 2013 | S15: 2014 | T15: 2015 | U15: 2016 | V15: 2017 | W15: 2018 | X15: 2019 | Y15: 2020 | Z15: 2021 | AA15: 2022 | AB15: 2023 | AC15: 2024 | AD15: 2025 | AE15: 2026 | AF15: 2027 | AG15: 2028 | AH15: 2029 | AI15: 2030 | AJ15: 2031 | AK15: 2032 | AL15: 2033 | AM15: 2034 | AN15: 2035 | AO15: 2036 | AP15: 2037 | AQ15: 2038 | AR15: 2039 | AS15: 2040 | AT15: 2041 | AU15: 2042 | AV15: 2043 | AW15: 2044 | AX15: 2045 | AY15: 2046 | AZ15: 2047 | BA15: 2048 | BB15: 2049 | BC15: 2050
A16: ='Population Definitions'!$A$2 -> PWID_males | C16: Fraction | E16: 0.388 | O16: 0.388
A17: ='Population Definitions'!$A$3 -> PWID_females | C17: Fraction | E17: 0.388 | O17: 0.388
A18: ='Population Definitions'!$A$4 -> 0-9_males | C18: Fraction | E18: 0 | O18: 0
A19: ='Population Definitions'!$A$5 -> 0-9_females | C19: Fraction | E19: 0 | O19: 0
A20: ='Population Definitions'!$A$6 -> 10-17_males | C20: Fraction | E20: 0 | O20: 0
A21: ='Population Definitions'!$A$7 -> 10-17_females | C21: Fraction | E21: 0 | O21: 0
A22: ='Population Definitions'!$A$8 -> 18-64_males | C22: Fraction | E22: 0 | O22: 0
A23: ='Population Definitions'!$A$9 -> 18-64_females | C23: Fraction | E23: 0 | O23: 0
A24: ='Population Definitions'!$A$10 -> 65+_males | C24: Fraction | E24: 0 | O24: 0
A25: ='Population Definitions'!$A$11 -> 65+_females | C25: Fraction | E25: 0 | O25: 0
A26: ='Population Definitions'!$A$12 -> Prisoners_males | C26: Fraction | E26: 0.458 | J26: 0.458 | O26: 0.458
A27: ='Population Definitions'!$A$13 -> Prisoners_females | C27: Fraction | E27: 0.458 | J27: 0.458 | O27: 0.458
A29: Proportion who have F0-F2 | B29: Provenance | C29: Units | D29: Uncertainty | E29: Constant | G29: 2000 | H29: 2001 | I29: 2002 | J29: 2003 | K29: 2004 | L29: 2005 | M29: 2006 | N29: 2007 | O29: 2008 | P29: 2009 | Q29: 2010 | R29: 2011 | S29: 2012 | T29: 2013 | U29: 2014 | V29: 2015 | W29: 2016 | X29: 2017 | Y29: 2018 | Z29: 2019 | AA29: 2020 | AB29: 2021 | AC29: 2022 | AD29: 2023 | AE29: 2024 | AF29: 2025 | AG29: 2026 | AH29: 2027 | AI29: 2028 | AJ29: 2029 | AK29: 2030 | AL29: 2031 | AM29: 2032 | AN29: 2033 | AO29: 2034 | AP29: 2035 | AQ29: 2036 | AR29: 2037 | AS29: 2038 | AT29: 2039 | AU29: 2040 | AV29: 2041 | AW29: 2042 | AX29: 2043 | AY29: 2044 | AZ29: 2045 | BA29: 2046 | BB29: 2047 | BC29: 2048 | BD29: 2049 | BE29: 2050
A30: ='Population Definitions'!$A$2 -> PWID_males | C30: Fraction | E30: 0.945 | F30: OR
A31: ='Population Definitions'!$A$3 -> PWID_females | C31: Fraction | E31: 0.945 | F31: OR
A32: ='Population Definitions'!$A$4 -> 0-9_males | C32: Fraction | E32: 0.945 | F32: OR
A33: ='Population Definitions'!$A$5 -> 0-9_females | C33: Fraction | E33: 0.945 | F33: OR
A34: ='Population Definitions'!$A$6 -> 10-17_males | C34: Fraction | E34: 0.945 | F34: OR
A35: ='Population Definitions'!$A$7 -> 10-17_females | C35: Fraction | E35: 0.945 | F35: OR
A36: ='Population Definitions'!$A$8 -> 18-64_males | C36: Fraction | E36: 0.945 | F36: OR
A37: ='Population Definitions'!$A$9 -> 18-64_females | C37: Fraction | E37: 0.945 | F37: OR
A38: ='Population Definitions'!$A$10 -> 65+_males | C38: Fraction | E38: 0.945 | F38: OR
A39: ='Population Definitions'!$A$11 -> 65+_females | C39: Fraction | E39: 0.945 | F39: OR
A40: ='Population Definitions'!$A$12 -> Prisoners_males | C40: Fraction | E40: 0.945 | F40: OR
A41: ='Population Definitions'!$A$13 -> Prisoners_females | C41: Fraction | E41: 0.945 | F41: OR
A43: Proportion who have F3 | B43: Provenance | C43: Units | D43: Uncertainty | E43: Constant | G43: 2000 | H43: 2001 | I43: 2002 | J43: 2003 | K43: 2004 | L43: 2005 | M43: 2006 | N43: 2007 | O43: 2008 | P43: 2009 | Q43: 2010 | R43: 2011 | S43: 2012 | T43: 2013 | U43: 2014 | V43: 2015 | W43: 2016 | X43: 2017 | Y43: 2018 | Z43: 2019 | AA43: 2020 | AB43: 2021 | AC43: 2022 | AD43: 2023 | AE43: 2024 | AF43: 2025 | AG43: 2026 | AH43: 2027 | AI43: 2028 | AJ43: 2029 | AK43: 2030 | AL43: 2031 | AM43: 2032 | AN43: 2033 | AO43: 2034 | AP43: 2035 | AQ43: 2036 | AR43: 2037 | AS43: 2038 | AT43: 2039 | AU43: 2040 | AV43: 2041 | AW43: 2042 | AX43: 2043 | AY43: 2044 | AZ43: 2045 | BA43: 2046 | BB43: 2047 | BC43: 2048 | BD43: 2049 | BE43: 2050
A44: ='Population Definitions'!$A$2 -> PWID_males | C44: Fraction | E44: 0.03 | F44: OR
A45: ='Population Definitions'!$A$3 -> PWID_females | C45: Fraction | E45: 0.03 | F45: OR
A46: ='Population Definitions'!$A$4 -> 0-9_males | C46: Fraction | E46: 0.03 | F46: OR
A47: ='Population Definitions'!$A$5 -> 0-9_females | C47: Fraction | E47: 0.03 | F47: OR
A48: ='Population Definitions'!$A$6 -> 10-17_males | C48: Fraction | E48: 0.03 | F48: OR
A49: ='Population Definitions'!$A$7 -> 10-17_females | C49: Fraction | E49: 0.03 | F49: OR
A50: ='Population Definitions'!$A$8 -> 18-64_males | C50: Fraction | E50: 0.03 | F50: OR
A51: ='Population Definitions'!$A$9 -> 18-64_females | C51: Fraction | E51: 0.03 | F51: OR
A52: ='Population Definitions'!$A$10 -> 65+_males | C52: Fraction | E52: 0.03 | F52: OR
A53: ='Population Definitions'!$A$11 -> 65+_females | C53: Fraction | E53: 0.03 | F53: OR
A54: ='Population Definitions'!$A$12 -> Prisoners_males | C54: Fraction | E54: 0.03 | F54: OR
A55: ='Population Definitions'!$A$13 -> Prisoners_females | C55: Fraction | E55: 0.03 | F55: OR
A57: Proportion who have F4 | B57: Provenance | C57: Units | D57: Uncertainty | E57: Constant | G57: 2000 | H57: 2001 | I57: 2002 | J57: 2003 | K57: 2004 | L57: 2005 | M57: 2006 | N57: 2007 | O57: 2008 | P57: 2009 | Q57: 2010 | R57: 2011 | S57: 2012 | T57: 2013 | U57: 2014 | V57: 2015 | W57: 2016 | X57: 2017 | Y57: 2018 | Z57: 2019 | AA57: 2020 | AB57: 2021 | AC57: 2022 | AD57: 2023 | AE57: 2024 | AF57: 2025 | AG57: 2026 | AH57: 2027 | AI57: 2028 | AJ57: 2029 | AK57: 2030 | AL57: 2031 | AM57: 2032 | AN57: 2033 | AO57: 2034 | AP57: 2035 | AQ57: 2036 | AR57: 2037 | AS57: 2038 | AT57: 2039 | AU57: 2040 | AV57: 2041 | AW57: 2042 | AX57: 2043 | AY57: 2044 | AZ57: 2045 | BA57: 2046 | BB57: 2047 | BC57: 2048 | BD57: 2049 | BE57: 2050
A58: ='Population Definitions'!$A$2 -> PWID_males | C58: Fraction | E58: 0.02 | F58: OR
A59: ='Population Definitions'!$A$3 -> PWID_females | C59: Fraction | E59: 0.02 | F59: OR
A60: ='Population Definitions'!$A$4 -> 0-9_males | C60: Fraction | E60: 0.02 | F60: OR
A61: ='Population Definitions'!$A$5 -> 0-9_females | C61: Fraction | E61: 0.02 | F61: OR
A62: ='Population Definitions'!$A$6 -> 10-17_males | C62: Fraction | E62: 0.02 | F62: OR
A63: ='Population Definitions'!$A$7 -> 10-17_females | C63: Fraction | E63: 0.02 | F63: OR
A64: ='Population Definitions'!$A$8 -> 18-64_males | C64: Fraction | E64: 0.02 | F64: OR
A65: ='Population Definitions'!$A$9 -> 18-64_females | C65: Fraction | E65: 0.02 | F65: OR
A66: ='Population Definitions'!$A$10 -> 65+_males | C66: Fraction | E66: 0.02 | F66: OR
A67: ='Population Definitions'!$A$11 -> 65+_females | C67: Fraction | E67: 0.02 | F67: OR
A68: ='Population Definitions'!$A$12 -> Prisoners_males | C68: Fraction | E68: 0.02 | F68: OR
A69: ='Population Definitions'!$A$13 -> Prisoners_females | C69: Fraction | E69: 0.02 | F69: OR
A71: Proportion who have DC | B71: Provenance | C71: Units | D71: Uncertainty | E71: Constant | G71: 2000 | H71: 2001 | I71: 2002 | J71: 2003 | K71: 2004 | L71: 2005 | M71: 2006 | N71: 2007 | O71: 2008 | P71: 2009 | Q71: 2010 | R71: 2011 | S71: 2012 | T71: 2013 | U71: 2014 | V71: 2015 | W71: 2016 | X71: 2017 | Y71: 2018 | Z71: 2019 | AA71: 2020 | AB71: 2021 | AC71: 2022 | AD71: 2023 | AE71: 2024 | AF71: 2025 | AG71: 2026 | AH71: 2027 | AI71: 2028 | AJ71: 2029 | AK71: 2030 | AL71: 2031 | AM71: 2032 | AN71: 2033 | AO71: 2034 | AP71: 2035 | AQ71: 2036 | AR71: 2037 | AS71: 2038 | AT71: 2039 | AU71: 2040 | AV71: 2041 | AW71: 2042 | AX71: 2043 | AY71: 2044 | AZ71: 2045 | BA71: 2046 | BB71: 2047 | BC71: 2048 | BD71: 2049 | BE71: 2050
A72: ='Population Definitions'!$A$2 -> PWID_males | C72: Fraction | E72: 0.0045 | F72: OR
A73: ='Population Definitions'!$A$3 -> PWID_females | C73: Fraction | E73: 0.0045 | F73: OR
A74: ='Population Definitions'!$A$4 -> 0-9_males | C74: Fraction | E74: 0.0045 | F74: OR
A75: ='Population Definitions'!$A$5 -> 0-9_females | C75: Fraction | E75: 0.0045 | F75: OR
A76: ='Population Definitions'!$A$6 -> 10-17_males | C76: Fraction | E76: 0.0045 | F76: OR
A77: ='Population Definitions'!$A$7 -> 10-17_females | C77: Fraction | E77: 0.0045 | F77: OR
A78: ='Population Definitions'!$A$8 -> 18-64_males | C78: Fraction | E78: 0.0045 | F78: OR
A79: ='Population Definitions'!$A$9 -> 18-64_females | C79: Fraction | E79: 0.0045 | F79: OR
A80: ='Population Definitions'!$A$10 -> 65+_males | C80: Fraction | E80: 0.0045 | F80: OR
A81: ='Population Definitions'!$A$11 -> 65+_females | C81: Fraction | E81: 0.0045 | F81: OR
A82: ='Population Definitions'!$A$12 -> Prisoners_males | C82: Fraction | E82: 0.0045 | F82: OR
A83: ='Population Definitions'!$A$13 -> Prisoners_females | C83: Fraction | E83: 0.0045 | F83: OR
A85: Proportion who have HCC | B85: Provenance | C85: Units | D85: Uncertainty | E85: Constant | G85: 2000 | H85: 2001 | I85: 2002 | J85: 2003 | K85: 2004 | L85: 2005 | M85: 2006 | N85: 2007 | O85: 2008 | P85: 2009 | Q85: 2010 | R85: 2011 | S85: 2012 | T85: 2013 | U85: 2014 | V85: 2015 | W85: 2016 | X85: 2017 | Y85: 2018 | Z85: 2019 | AA85: 2020 | AB85: 2021 | AC85: 2022 | AD85: 2023 | AE85: 2024 | AF85: 2025 | AG85: 2026 | AH85: 2027 | AI85: 2028 | AJ85: 2029 | AK85: 2030 | AL85: 2031 | AM85: 2032 | AN85: 2033 | AO85: 2034 | AP85: 2035 | AQ85: 2036 | AR85: 2037 | AS85: 2038 | AT85: 2039 | AU85: 2040 | AV85: 2041 | AW85: 2042 | AX85: 2043 | AY85: 2044 | AZ85: 2045 | BA85: 2046 | BB85: 2047 | BC85: 2048 | BD85: 2049 | BE85: 2050
A86: ='Population Definitions'!$A$2 -> PWID_males | C86: Fraction | E86: 0.0005 | F86: OR
A87: ='Population Definitions'!$A$3 -> PWID_females | C87: Fraction | E87: 0.0005 | F87: OR
A88: ='Population Definitions'!$A$4 -> 0-9_males | C88: Fraction | E88: 0.0005 | F88: OR
A89: ='Population Definitions'!$A$5 -> 0-9_females | C89: Fraction | E89: 0.0005 | F89: OR
A90: ='Population Definitions'!$A$6 -> 10-17_males | C90: Fraction | E90: 0.0005 | F90: OR
A91: ='Population Definitions'!$A$7 -> 10-17_females | C91: Fraction | E91: 0.0005 | F91: OR
A92: ='Population Definitions'!$A$8 -> 18-64_males | C92: Fraction | E92: 0.0005 | F92: OR
A93: ='Population Definitions'!$A$9 -> 18-64_females | C93: Fraction | E93: 0.0005 | F93: OR
A94: ='Population Definitions'!$A$10 -> 65+_males | C94: Fraction | E94: 0.0005 | F94: OR
A95: ='Population Definitions'!$A$11 -> 65+_females | C95: Fraction | E95: 0.0005 | F95: OR
A96: ='Population Definitions'!$A$12 -> Prisoners_males | C96: Fraction | E96: 0.0005 | F96: OR
A97: ='Population Definitions'!$A$13 -> Prisoners_females | C97: Fraction | E97: 0.0005 | F97: OR
A99: Undiagnosed proportion | B99: Provenance | C99: Units | D99: Uncertainty | E99: 2000 | F99: 2001 | G99: 2002 | H99: 2003 | I99: 2004 | J99: 2005 | K99: 2006 | L99: 2007 | M99: 2008 | N99: 2009 | O99: 2010 | P99: 2011 | Q99: 2012 | R99: 2013 | S99: 2014 | T99: 2015 | U99: 2016 | V99: 2017 | W99: 2018 | X99: 2019 | Y99: 2020 | Z99: 2021 | AA99: 2022 | AB99: 2023 | AC99: 2024 | AD99: 2025 | AE99: 2026 | AF99: 2027 | AG99: 2028 | AH99: 2029 | AI99: 2030 | AJ99: 2031 | AK99: 2032 | AL99: 2033 | AM99: 2034 | AN99: 2035 | AO99: 2036 | AP99: 2037 | AQ99: 2038 | AR99: 2039 | AS99: 2040 | AT99: 2041 | AU99: 2042 | AV99: 2043 | AW99: 2044 | AX99: 2045 | AY99: 2046 | AZ99: 2047 | BA99: 2048 | BB99: 2049 | BC99: 2050
A100: ='Population Definitions'!$A$2 -> PWID_males | C100: Fraction | E100: 0.995
A101: ='Population Definitions'!$A$3 -> PWID_females | C101: Fraction | E101: 0.995
A102: ='Population Definitions'!$A$4 -> 0-9_males | C102: Fraction | E102: 0.995
A103: ='Population Definitions'!$A$5 -> 0-9_females | C103: Fraction | E103: 0.995
A104: ='Population Definitions'!$A$6 -> 10-17_males | C104: Fraction | E104: 0.995
A105: ='Population Definitions'!$A$7 -> 10-17_females | C105: Fraction | E105: 0.995
A106: ='Population Definitions'!$A$8 -> 18-64_males | C106: Fraction | E106: 0.995
A107: ='Population Definitions'!$A$9 -> 18-64_females | C107: Fraction | E107: 0.995
...

Sheet Demographics
A1: Population size | B1: Provenance | C1: Units | D1: Uncertainty | E1: 2000 | F1: 2001 | G1: 2002 | H1: 2003 | I1: 2004 | J1: 2005 | K1: 2006 | L1: 2007 | M1: 2008 | N1: 2009 | O1: 2010 | P1: 2011 | Q1: 2012 | R1: 2013 | S1: 2014 | T1: 2015 | U1: 2016 | V1: 2017 | W1: 2018 | X1: 2019 | Y1: 2020 | Z1: 2021 | AA1: 2022 | AB1: 2023 | AC1: 2024 | AD1: 2025 | AE1: 2026 | AF1: 2027 | AG1: 2028 | AH1: 2029 | AI1: 2030 | AJ1: 2031 | AK1: 2032 | AL1: 2033 | AM1: 2034 | AN1: 2035 | AO1: 2036 | AP1: 2037 | AQ1: 2038 | AR1: 2039 | AS1: 2040 | AT1: 2041 | AU1: 2042 | AV1: 2043 | AW1: 2044 | AX1: 2045 | AY1: 2046 | AZ1: 2047 | BA1: 2048 | BB1: 2049 | BC1: 2050
A2: ='Population Definitions'!$A$2 -> PWID_males | C2: Number | E2: 99.71102 | O2: 99.71102 | T2: 99.71102
A3: ='Population Definitions'!$A$3 -> PWID_females | C3: Number | E3: 30.5338 | O3: 30.5338 | T3: 30.5338
A4: ='Population Definitions'!$A$4 -> 0-9_males | C4: Number | E4: 15598 | F4: 15542.5 | G4: 15420 | H4: 15211 | I4: 14919.5 | J4: 14553.5 | K4: 14136.5 | L4: 13700.5 | M4: 13267.5 | N4: 12861.5 | O4: 12625 | P4: 12584.5 | Q4: 12596 | R4: 12602 | S4: 12592 | T4: 12568 | U4: 12573 | V4: 12597.5 | W4: 12595.5 | X4: 12561.5 | Y4: 12509.5 | Z4: 12464.5 | AA4: 12429.5 | AB4: 12404 | AC4: 12365.5 | AD4: 12311.5 | AE4: 12261.5 | AF4: 12221.5 | AG4: 12188 | AH4: 12156.5 | AI4: 12128.5 | AJ4: 12100 | AK4: 12070 | AL4: 12038 | AM4: 12002 | AN4: 11960 | AO4: 11908 | AP4: 11846 | AQ4: 11774 | AR4: 11691 | AS4: 11599 | AT4: 11500 | AU4: 11398.5 | AV4: 11298 | AW4: 11196.5 | AX4: 11094 | AY4: 10993 | AZ4: 10894.5 | BA4: 10800 | BB4: 10710.5 | BC4: 10625.5
A5: ='Population Definitions'!$A$5 -> 0-9_females | C5: Number | E5: 15044 | F5: 14984 | G5: 14841 | H5: 14631.5 | I5: 14386 | J5: 14114.5 | K5: 13825 | L5: 13469.5 | M5: 13056.5 | N5: 12707.5 | O5: 12517 | P5: 12457 | Q5: 12417.5 | R5: 12338 | S5: 12244.5 | T5: 12135.5 | U5: 12023 | V5: 11954.5 | W5: 11902 | X5: 11825.5 | Y5: 11756.5 | Z5: 11713.5 | AA5: 11677.5 | AB5: 11652 | AC5: 11614 | AD5: 11559.5 | AE5: 11511 | AF5: 11470.5 | AG5: 11436.5 | AH5: 11407.5 | AI5: 11382 | AJ5: 11356 | AK5: 11328.5 | AL5: 11301.5 | AM5: 11271.5 | AN5: 11234.5 | AO5: 11187.5 | AP5: 11132 | AQ5: 11067.5 | AR5: 10991.5 | AS5: 10906 | AT5: 10815 | AU5: 10722.5 | AV5: 10629 | AW5: 10533.5 | AX5: 10438.5 | AY5: 10345 | AZ5: 10254.5 | BA5: 10167.5 | BB5: 10082.5 | BC5: 10003
A6: ='Population Definitions'!$A$6 -> 10-17_males | C6: Number | E6: 11910 | F6: 11659.5 | G6: 11358 | H6: 11087 | I6: 10887.5 | J6: 10791 | K6: 10770 | L6: 10744 | M6: 10693 | N6: 10627 | O6: 10580.5 | P6: 10517 | Q6: 10388.5 | R6: 10238.5 | S6: 10121 | T6: 10042 | U6: 9921 | V6: 9769 | W6: 9635 | X6: 9583 | Y6: 9634.5 | Z6: 9692 | AA6: 9714.5 | AB6: 9716.5 | AC6: 9741.5 | AD6: 9775 | AE6: 9768.5 | AF6: 9727 | AG6: 9653.5 | AH6: 9575 | AI6: 9511 | AJ6: 9460 | AK6: 9419 | AL6: 9380.5 | AM6: 9348.5 | AN6: 9325 | AO6: 9304.5 | AP6: 9288.5 | AQ6: 9277 | AR6: 9265.5 | AS6: 9255.5 | AT6: 9250.5 | AU6: 9241 | AV6: 9223.5 | AW6: 9201.5 | AX6: 9172 | AY6: 9133 | AZ6: 9084.5 | BA6: 9027.5 | BB6: 8963 | BC6: 8892.5
A7: ='Population Definitions'!$A$7 -> 10-17_females | C7: Number | E7: 11250 | F7: 10967.5 | G7: 10720.5 | H7: 10536.5 | I7: 10411.5 | J7: 10359.5 | K7: 10350.5 | L7: 10373.5 | M7: 10434.5 | N7: 10448 | O7: 10388.5 | P7: 10281.5 | Q7: 10160.5 | R7: 10077.5 | S7: 10020.5 | T7: 9953.5 | U7: 9837.5 | V7: 9707 | W7: 9608 | X7: 9581 | Y7: 9602.5 | Z7: 9575 | AA7: 9514 | AB7: 9431 | AC7: 9341.5 | AD7: 9290 | AE7: 9239 | AF7: 9155.5 | AG7: 9065 | AH7: 8990.5 | AI7: 8927 | AJ7: 8877 | AK7: 8836.5 | AL7: 8797 | AM7: 8764 | AN7: 8740 | AO7: 8720.5 | AP7: 8706 | AQ7: 8695.5 | AR7: 8686 | AS7: 8678.5 | AT7: 8675.5 | AU7: 8670 | AV7: 8658 | AW7: 8640.5 | AX7: 8615 | AY7: 8581 | AZ7: 8539 | BA7: 8489 | BB7: 8429.5 | BC7: 8365.5
A8: ='Population Definitions'!$A$8 -> 18-64_males | C8: Number | E8: 26859 | F8: 27275.5 | G8: 27695.5 | H8: 28066 | I8: 28370 | J8: 28606.5 | K8: 28717.5 | L8: 28770 | M8: 28802 | N8: 28793.5 | O8: 28829.5 | P8: 28984 | Q8: 29141.5 | R8: 29309.5 | S8: 29443 | T8: 29597.5 | U8: 29778 | V8: 30001.5 | W8: 30231 | X8: 30363.5 | Y8: 30525.5 | Z8: 30719 | AA8: 30853.5 | AB8: 31022 | AC8: 31181.5 | AD8: 31336.5 | AE8: 31535 | AF8: 31794.5 | AG8: 32096.5 | AH8: 32394 | AI8: 32678 | AJ8: 32976 | AK8: 33299 | AL8: 33631.5 | AM8: 33951 | AN8: 34265.5 | AO8: 34595 | AP8: 34936 | AQ8: 35274.5 | AR8: 35609 | AS8: 35936 | AT8: 36252 | AU8: 36567.5 | AV8: 36915 | AW8: 37276.5 | AX8: 37631 | AY8: 37996.5 | AZ8: 38373.5 | BA8: 38734 | BB8: 39070.5 | BC8: 39388
A9: ='Population Definitions'!$A$9 -> 18-64_females | C9: Number | E9: 27758 | F9: 28179 | G9: 28521.5 | H9: 28780 | I9: 28960 | J9: 29056 | K9: 29080 | L9: 29065 | M9: 29012 | N9: 28928 | O9: 28999 | P9: 29210.5 | Q9: 29411 | R9: 29617.5 | S9: 29807 | T9: 30031 | U9: 30325 | V9: 30605.5 | W9: 30835 | X9: 30972 | Y9: 31172.5 | Z9: 31426.5 | AA9: 31604.5 | AB9: 31818 | AC9: 32052 | AD9: 32249.5 | AE9: 32460 | AF9: 32717.5 | AG9: 32980 | AH9: 33245.5 | AI9: 33492.5 | AJ9: 33726.5 | AK9: 33970 | AL9: 34210.5 | AM9: 34447 | AN9: 34691 | AO9: 34967 | AP9: 35257 | AQ9: 35517 | AR9: 35759.5 | AS9: 36019 | AT9: 36316 | AU9: 36646.5 | AV9: 36989.5 | AW9: 37314.5 | AX9: 37625 | AY9: 37939 | AZ9: 38256.5 | BA9: 38579 | BB9: 38906 | BC9: 39239.5
A10: ='Population Definitions'!$A$10 -> 65+_males | C10: Number | E10: 1542 | F10: 1603.5 | G10: 1667 | H10: 1704 | I10: 1705.5 | J10: 1674 | K10: 1621.5 | L10: 1560 | M10: 1501.5 | N10: 1450.5 | O10: 1433.5 | P10: 1460 | Q10: 1511.5 | R10: 1596.5 | S10: 1693 | T10: 1795 | U10: 1905 | V10: 2007 | W10: 2116.5 | X10: 2247.5 | Y10: 2385 | Z10: 2509 | AA10: 2610 | AB10: 2701 | AC10: 2796.5 | AD10: 2900.5 | AE10: 2984 | AF10: 3044 | AG10: 3106.5 | AH10: 3173.5 | AI10: 3239.5 | AJ10: 3284 | AK10: 3300 | AL10: 3304 | AM10: 3323.5 | AN10: 3349.5 | AO10: 3353.5 | AP10: 3350 | AQ10: 3351.5 | AR10: 3352.5 | AS10: 3361 | AT10: 3387.5 | AU10: 3423 | AV10: 3438 | AW10: 3444 | AX10: 3460 | AY10: 3474 | AZ10: 3480.5 | BA10: 3512 | BB10: 3567.5 | BC10: 3633.5
A11: ='Population Definitions'!$A$11 -> 65+_females | C11: Number | E11: 1992 | F11: 2063 | G11: 2133.5 | H11: 2178 | I11: 2194.5 | J11: 2185 | K11: 2156 | L11: 2126 | M11: 2097.5 | N11: 2069.5 | O11: 2066.5 | P11: 2103.5 | Q11: 2163.5 | R11: 2241 | S11: 2343 | T11: 2461 | U11: 2580 | V11: 2707.5 | W11: 2854.5 | X11: 3016 | Y11: 3198.5 | Z11: 3393 | AA11: 3578 | AB11: 3754 | AC11: 3936 | AD11: 4128.5 | AE11: 4291.5 | AF11: 4437 | AG11: 4590.5 | AH11: 4725 | AI11: 4859 | AJ11: 4991.5 | AK11: 5108.5 | AL11: 5224 | AM11: 5340.5 | AN11: 5445.5 | AO11: 5509.5 | AP11: 5562.5 | AQ11: 5642 | AR11: 5725 | AS11: 5794 | AT11: 5826 | AU11: 5826 | AV11: 5826 | AW11: 5851 | AX11: 5897 | AY11: 5946 | AZ11: 5994 | BA11: 6044 | BB11: 6091 | BC11: 6128.5
A12: ='Population Definitions'!$A$12 -> Prisoners_males | C12: Number | E12: 91 | J12: 72 | O12: 100 | S12: 132
A13: ='Population Definitions'!$A$13 -> Prisoners_females | C13: Number | E13: 0 | J13: 0 | O13: 0 | S13: 0
A15: Number of live births | B15: Provenance | C15: Units | D15: Uncertainty | E15: Constant | G15: 2000 | H15: 2001 | I15: 2002 | J15: 2003 | K15: 2004 | L15: 2005 | M15: 2006 | N15: 2007 | O15: 2008 | P15: 2009 | Q15: 2010 | R15: 2011 | S15: 2012 | T15: 2013 | U15: 2014 | V15: 2015 | W15: 2016 | X15: 2017 | Y15: 2018 | Z15: 2019 | AA15: 2020 | AB15: 2021 | AC15: 2022 | AD15: 2023 | AE15: 2024 | AF15: 2025 | AG15: 2026 | AH15: 2027 | AI15: 2028 | AJ15: 2029 | AK15: 2030 | AL15: 2031 | AM15: 2032 | AN15: 2033 | AO15: 2034 | AP15: 2035 | AQ15: 2036 | AR15: 2037 | AS15: 2038 | AT15: 2039 | AU15: 2040 | AV15: 2041 | AW15: 2042 | AX15: 2043 | AY15: 2044 | AZ15: 2045 | BA15: 2046 | BB15: 2047 | BC15: 2048 | BD15: 2049 | BE15: 2050
A16: ='Population Definitions'!$A$2 -> PWID_males | C16: Number (per year) | E16: 0 | F16: OR
A17: ='Population Definitions'!$A$3 -> PWID_females | C17: Number (per year) | E17: 0 | F17: OR
A18: ='Population Definitions'!$A$4 -> 0-9_males | C18: Number (per year) | F18: OR | G18: 1861.9034 | H18: 1826.2367 | I18: 1771.4444 | J18: 1717.686 | K18: 1675.8164 | L18: 1634.9807 | M18: 1588.9758 | N18: 1538.8357 | O18: 1487.1449 | P18: 1441.1401 | Q18: 1401.3382 | R18: 1377.5604 | S18: 1358.9517 | T18: 1342.9275 | U18: 1332.5894 | V18: 1324.8357 | W18: 1316.5652 | X18: 1311.3961 | Y18: 1309.8454 | Z18: 1305.1932 | AA18: 1301.058 | AB18: 1308.8116 | AC18: 1304.6763 | AD18: 1298.4734 | AE18: 1305.7101 | AF18: 1301.058 | AG18: 1296.9227 | AH18: 1293.3043 | AI18: 1291.2367 | AJ18: 1286.5845 | AK18: 1282.4493 | AL18: 1275.2126 | AM18: 1265.9082 | AN18: 1256.6039 | AO18: 1246.2657 | AP18: 1235.4106 | AQ18: 1222.4879 | AR18: 1209.5652 | AS18: 1196.1256 | AT18: 1183.7198 | AU18: 1169.7633 | AV18: 1158.3913 | AW18: 1148.0531 | AX18: 1136.1643 | AY18: 1124.7923 | AZ18: 1114.4541 | BA18: 1105.1498 | BB18: 1094.8116 | BC18: 1086.0242 | BD18: 1078.2705 | BE18: 1071.0338
A19: ='Population Definitions'!$A$5 -> 0-9_females | C19: Number (per year) | F19: OR | G19: 1740.0966 | H19: 1706.7633 | I19: 1655.5556 | J19: 1605.314 | K19: 1566.1836 | L19: 1528.0193 | M19: 1485.0242 | N19: 1438.1643 | O19: 1389.8551 | P19: 1346.8599 | Q19: 1309.6618 | R19: 1287.4396 | S19: 1270.0483 | T19: 1255.0725 | U19: 1245.4106 | V19: 1238.1643 | W19: 1230.4348 | X19: 1225.6039 | Y19: 1224.1546 | Z19: 1219.8068 | AA19: 1215.942 | AB19: 1223.1884 | AC19: 1219.3237 | AD19: 1213.5266 | AE19: 1220.2899 | AF19: 1215.942 | AG19: 1212.0773 | AH19: 1208.6957 | AI19: 1206.7633 | AJ19: 1202.4155 | AK19: 1198.5507 | AL19: 1191.7874 | AM19: 1183.0918 | AN19: 1174.3961 | AO19: 1164.7343 | AP19: 1154.5894 | AQ19: 1142.5121 | AR19: 1130.4348 | AS19: 1117.8744 | AT19: 1106.2802 | AU19: 1093.2367 | AV19: 1082.6087 | AW19: 1072.9469 | AX19: 1061.8357 | AY19: 1051.2077 | AZ19: 1041.5459 | BA19: 1032.8502 | BB19: 1023.1884 | BC19: 1014.9758 | BD19: 1007.7295 | BE19: 1000.9662
A20: ='Population Definitions'!$A$6 -> 10-17_males | C20: Number (per year) | E20: 0 | F20: OR
A21: ='Population Definitions'!$A$7 -> 10-17_females | C21: Number (per year) | E21: 0 | F21: OR
A22: ='Population Definitions'!$A$8 -> 18-64_males | C22: Number (per year) | E22: 0 | F22: OR
A23: ='Population Definitions'!$A$9 -> 18-64_females | C23: Number (per year) | E23: 0 | F23: OR
A24: ='Population Definitions'!$A$10 -> 65+_males | C24: Number (per year) | E24: 0 | F24: OR
A25: ='Population Definitions'!$A$11 -> 65+_females | C25: Number (per year) | E25: 0 | F25: OR
A26: ='Population Definitions'!$A$12 -> Prisoners_males | C26: Number (per year) | E26: 0 | F26: OR
A27: ='Population Definitions'!$A$13 -> Prisoners_females | C27: Number (per year) | E27: 0 | F27: OR
A29: Net migration rate | B29: Provenance | C29: Units | D29: Uncertainty | E29: Constant | G29: 2000 | H29: 2001 | I29: 2002 | J29: 2003 | K29: 2004 | L29: 2005 | M29: 2006 | N29: 2007 | O29: 2008 | P29: 2009 | Q29: 2010 | R29: 2011 | S29: 2012 | T29: 2013 | U29: 2014 | V29: 2015 | W29: 2016 | X29: 2017 | Y29: 2018 | Z29: 2019 | AA29: 2020 | AB29: 2021 | AC29: 2022 | AD29: 2023 | AE29: 2024 | AF29: 2025 | AG29: 2026 | AH29: 2027 | AI29: 2028 | AJ29: 2029 | AK29: 2030 | AL29: 2031 | AM29: 2032 | AN29: 2033 | AO29: 2034 | AP29: 2035 | AQ29: 2036 | AR29: 2037 | AS29: 2038 | AT29: 2039 | AU29: 2040 | AV29: 2041 | AW29: 2042 | AX29: 2043 | AY29: 2044 | AZ29: 2045 | BA29: 2046 | BB29: 2047 | BC29: 2048 | BD29: 2049 | BE29: 2050
A30: ='Population Definitions'!$A$2 -> PWID_males | C30: Rate (per year) | E30: 0 | F30: OR
A31: ='Population Definitions'!$A$3 -> PWID_females | C31: Rate (per year) | E31: 0 | F31: OR
A32: ='Population Definitions'!$A$4 -> 0-9_males | C32: Rate (per year) | F32: OR | G32: -0.021406807 | H32: -0.026169324 | I32: -0.029244127 | J32: -0.032587337 | K32: -0.034673845 | L32: -0.037996405 | M32: -0.039647427 | N32: -0.037468395 | O32: -0.033212356 | P32: -0.019215496 | Q32: -0.0067990625 | R32: -0.0063220936 | S32: -0.0060298262 | T32: -0.0054695712 | U32: -0.0053279361 | V32: -0.0049996617 | W32: -0.0045387113 | X32: -0.0041989391 | Y32: -0.0045925458 | Z32: -0.0036375621 | AA32: -0.0028025078 | AB32: -0.0040363909 | AC32: -0.0040368743 | AD32: -0.0054799605 | AE32: -0.0079827055 | AF32: -0.0080053585 | AG32: -0.0075376345 | AH32: -0.0071435051 | AI32: -0.0073216865 | AJ32: -0.0071224893 | AK32: -0.0069628788 | AL32: -0.0068357488 | AM32: -0.0068689488 | AN32: -0.0066127151 | AO32: -0.0062710965 | AP32: -0.0063470425 | AQ32: -0.0062552841 | AR32: -0.0061257148 | AS32: -0.0061258369 | AT32: -0.0060490811 | AU32: -0.0058852733 | AV32: -0.0056862004 | AW32: -0.0053562434 | AX32: -0.0051481901 | AY32: -0.0049830099 | AZ32: -0.0049084285 | BA32: -0.0049258399 | BB32: -0.0046639675 | BC32: -0.0044929773 | BD32: -0.0044134757 | BE32: -0.0044265038
A33: ='Population Definitions'!$A$5 -> 0-9_females | C33: Rate (per year) | F33: OR | G33: -0.019615569 | H33: -0.023776247 | I33: -0.025204202 | J33: -0.027428084 | K33: -0.028130375 | L33: -0.028447293 | M33: -0.029549668 | N33: -0.028669531 | O33: -0.024114814 | P33: -0.014232532 | Q33: -0.0068436395 | R33: -0.0063369683 | S33: -0.0060437535 | T33: -0.0056794022 | U33: -0.0053420416 | V33: -0.0050401097 | W33: -0.0049018367 | X33: -0.0046931168 | Y33: -0.0050121483 | Z33: -0.0039158398 | AA33: -0.0030997345 | AB33: -0.0044127209 | AC33: -0.0043094559 | AD33: -0.005709455 | AE33: -0.0083338949 | AF33: -0.0082133335 | AG33: -0.00799907 | AH33: -0.0076017307 | AI33: -0.0074990849 | AJ33: -0.0073123348 | AK33: -0.0072527433 | AL33: -0.0072461641 | AM33: -0.0070699375 | AN33: -0.0069367903 | AO33: -0.0066303775 | AP33: -0.0068618427 | AQ33: -0.0066602974 | AR33: -0.0064619819 | AS33: -0.006449008 | AT33: -0.0066214978 | AU33: -0.006256805 | AV33: -0.0059277573 | AW33: -0.0059171704 | AX33: -0.0057235628 | AY33: -0.005620898 | AZ33: -0.0054170517 | BA33: -0.0052537691 | BB33: -0.0051868356 | BC33: -0.0051611355 | BD33: -0.0048826649 | BE33: -0.0048951498
A34: ='Population Definitions'!$A$6 -> 10-17_males | C34: Rate (per year) | F34: OR | G34: -0.028883291 | H34: -0.028860586 | I34: -0.025576686 | J34: -0.02299991 | K34: -0.020344432 | L34: -0.017792605 | M34: -0.016248839 | N34: -0.015822785 | O34: -0.016365847 | P34: -0.011574292 | Q34: -0.0060016067 | R34: -0.005705049 | S34: -0.0056312268 | T34: -0.0054207159 | U34: -0.0050390278 | V34: -0.0047799243 | W34: -0.0047374257 | X34: -0.0047087726 | Y34: -0.0047223664 | Z34: -0.0037566524 | AA34: -0.0034770875 | AB34: -0.004230293 | AC34: -0.0041175562 | AD34: -0.0041167087 | AE34: -0.0042601242 | AF34: -0.0042966752 | AG34: -0.0039924246 | AH34: -0.0038552483 | AI34: -0.0038328068 | AJ34: -0.0036031332 | AK34: -0.0036273788 | AL34: -0.0035412262 | AM34: -0.0033973883 | AN34: -0.0032514258 | AO34: -0.0032625555 | AP34: -0.0032171582 | AQ34: -0.0031167715 | AR34: -0.0031221403 | AS34: -0.0030721138 | AT34: -0.0029140359 | AU34: -0.0027010966 | AV34: -0.0026485055 | AW34: -0.0025430148 | AX34: -0.0023310023 | AY34: -0.0023909145 | AZ34: -0.0023986044 | BA34: -0.002408847 | BB34: -0.0023116297 | BC34: -0.0023262254 | BD34: -0.0023987504 | BE34: -0.0022490863
A35: ='Population Definitions'!$A$7 -> 10-17_females | C35: Rate (per year) | F35: OR | G35: -0.028977778 | H35: -0.029268293 | I35: -0.025698428 | J35: -0.023110141 | K35: -0.020266052 | L35: -0.017954534 | M35: -0.016279407 | N35: -0.015134718 | O35: -0.014758733 | P35: -0.010863323 | Q35: -0.0068344804 | R35: -0.006662452 | S35: -0.0062496924 | T35: -0.0060530886 | U35: -0.0057881343 | V35: -0.0055759281 | W35: -0.0053367217 | X35: -0.005150922 | Y35: -0.0053601166 | Z35: -0.0041749295 | AA35: -0.0037490237 | AB35: -0.0046997389 | AC35: -0.0046773176 | AD35: -0.0044003817 | AE35: -0.004228443 | AF35: -0.0043057051 | AG35: -0.0043294729 | AH35: -0.0040412867 | AI35: -0.0039161611 | AJ35: -0.0039486124 | AK35: -0.0038646802 | AL35: -0.0038301228 | AM35: -0.0038476772 | AN35: -0.003864954 | AO35: -0.0037083524 | AP35: -0.0034897025 | AQ35: -0.0033828336 | AR35: -0.0035607627 | AS35: -0.0035075614 | AT35: -0.0033962699 | AU35: -0.0032839776 | AV35: -0.0031122126 | AW35: -0.0029411765 | AX35: -0.0029452529 | AY35: -0.0028933511 | AZ35: -0.0027858387 | BA35: -0.0025638038 | BB35: -0.0024007495 | BC35: -0.0025915891 | BD35: -0.002609882 | BE35: -0.0023907716
A36: ='Population Definitions'!$A$8 -> 18-64_males | C36: Rate (per year) | F36: OR | G36: -0.019962894 | H36: -0.020335081 | I36: -0.021809152 | J36: -0.023528785 | K36: -0.025227504 | L36: -0.026797078 | M36: -0.028308932 | N36: -0.029540254 | O36: -0.030633096 | P36: -0.028147789 | Q36: -0.024697973 | R36: -0.023466511 | S36: -0.022279979 | T36: -0.020996617 | U36: -0.019746407 | V36: -0.018786054 | W36: -0.017703109 | X36: -0.017239949 | Y36: -0.01755426 | Z36: -0.013526586 | AA36: -0.01216668 | AB36: -0.015137273 | AC36: -0.015007019 | AD36: -0.013802401 | AE36: -0.012646303 | AF36: -0.012663457 | AG36: -0.012236713 | AH36: -0.011432509 | AI36: -0.011185752 | AJ36: -0.010822112 | AK36: -0.010469369 | AL36: -0.010073094 | AM36: -0.0096616912 | AN36: -0.0091667037 | AO36: -0.0086846815 | AP36: -0.0086198125 | AQ36: -0.0082788608 | AR36: -0.0078704232 | AS36: -0.0079363959 | AT36: -0.007596318 | AU36: -0.0071392924 | AV36: -0.0067886983 | AW36: -0.0063897328 | AX36: -0.0063028045 | AY36: -0.005974578 | AZ36: -0.0057198845 | BA36: -0.0054945775 | BB36: -0.0050642116 | BC36: -0.0048371327 | BD36: -0.0047190868 | BE36: -0.0047191296
A37: ='Population Definitions'!$A$9 -> 18-64_females | C37: Rate (per year) | F37: OR | G37: -0.021399236 | H37: -0.022658717 | I37: -0.023876725 | J37: -0.025625434 | K37: -0.027106354 | L37: -0.028789235 | M37: -0.030003439 | N37: -0.031309135 | O37: -0.032572729 | P37: -0.029279591 | Q37: -0.024759474 | R37: -0.02339912 | S37: -0.022117575 | T37: -0.020764751 | U37: -0.019643037 | V37: -0.018647398 | W37: -0.017609233 | X37: -0.016892389 | Y37: -0.017480136 | Z37: -0.013399199 | AA37: -0.012222311 | AB37: -0.014764609 | AC37: -0.014507428 | AD37: -0.013247219 | AE37: -0.012152128 | AF37: -0.012155227 | AG37: -0.011706716 | AH37: -0.01109498 | AI37: -0.01077926 | AJ37: -0.01054278 | AK37: -0.010450101 | AL37: -0.010066268 | AM37: -0.0096408596 | AN37: -0.0091638532 | AO37: -0.008912242 | AP37: -0.0087774927 | AQ37: -0.0081934395 | AR37: -0.0078707774 | AS37: -0.0079820931 | AT37: -0.007732211 | AU37: -0.0072739388 | AV37: -0.0069803943 | AW37: -0.0065763443 | AX37: -0.0062314981 | AY37: -0.0060030283 | AZ37: -0.0056478405 | BA37: -0.0053506945 | BB37: -0.005097173 | BC37: -0.0049768009 | BD37: -0.0047293477 | BE37: -0.0045744722
A38: ='Population Definitions'!$A$10 -> 65+_males | C38: Rate (per year) | F38: OR | G38: -0.025291829 | H38: -0.021827253 | I38: -0.028494301 | J38: -0.032276995 | K38: -0.03488713 | L38: -0.037037037 | M38: -0.042861548 | N38: -0.048717949 | O38: -0.053613054 | P38: -0.038952085 | Q38: -0.019881409 | R38: -0.020205479 | S38: -0.019186239 | T38: -0.01597244 | U38: -0.016538689 | V38: -0.01448468 | W38: -0.01312336 | X38: -0.012954659 | Y38: -0.011811954 | Z38: -0.014238042 | AA38: -0.0056603774 | AB38: -0.0097648466 | AC38: -0.0097701149 | AD38: -0.0096260644 | AE38: -0.011085285 | AF38: -0.01017066 | AG38: -0.0097184987 | AH38: -0.0091984231 | AI38: -0.0099790761 | AJ38: -0.0083504018 | AK38: -0.0083346195 | AL38: -0.0068514007 | AM38: -0.0063636364 | AN38: -0.0069612591 | AO38: -0.007070859 | AP38: -0.0071652485 | AQ38: -0.0065603101 | AR38: -0.0064179104 | AS38: -0.0055199165 | AT38: -0.0062639821 | AU38: -0.0058018447 | AV38: -0.0054612546 | AW38: -0.0051124744 | AX38: -0.0052356021 | AY38: -0.0049361208 | AZ38: -0.0059248555 | BA38: -0.0048934945 | BB38: -0.0041660681 | BC38: -0.0049829157 | BD38: -0.0046250876 | BE38: -0.0050915096
A39: ='Population Definitions'!$A$11 -> 65+_females | C39: Rate (per year) | F39: OR | G39: -0.023343373 | H39: -0.022782356 | I39: -0.027419733 | J39: -0.032139578 | K39: -0.033037138 | L39: -0.035926773 | M39: -0.037569573 | N39: -0.041157103 | O39: -0.044576877 | P39: -0.026818072 | Q39: -0.0099201549 | R39: -0.009745662 | S39: -0.0085509591 | T39: -0.010709505 | U39: -0.0091762697 | V39: -0.0069077611 | W39: -0.0073643411 | X39: -0.0064635272 | Y39: -0.0080574531 | Z39: -0.0072944297 | AA39: -0.0042207285 | AB39: -0.0042735043 | AC39: -0.0044717719 | AD39: -0.0065263719 | AE39: -0.0080030488 | AF39: -0.007024343 | AG39: -0.0062915065 | AH39: -0.0063105702 | AI39: -0.0066441564 | AJ39: -0.0050793651 | AK39: -0.0055566989 | AL39: -0.0051086848 | AM39: -0.0046980523 | AN39: -0.0052641654 | AO39: -0.0042130887 | AP39: -0.0040400331 | AQ39: -0.0038115981 | AR39: -0.003505618 | AS39: -0.0039879475 | AT39: -0.0038427948 | AU39: -0.0038833276 | AV39: -0.0036903536 | AW39: -0.0028321318 | AX39: -0.0025746653 | AY39: -0.0023927534 | AZ39: -0.0018653553 | BA39: -0.0027749748 | BB39: -0.0021688355 | BC39: -0.0016545334 | BD39: -0.0019701198 | BE39: -0.0022844089
A40: ='Population Definitions'!$A$12 -> Prisoners_males | C40: Rate (per year) | E40: 0 | F40: OR
A41: ='Population Definitions'!$A$13 -> Prisoners_females | C41: Rate (per year) | E41: 0 | F41: OR
A43: All cause death rate | B43: Provenance | C43: Units | D43: Uncertainty | E43: Constant | G43: 2000 | H43: 2001 | I43: 2002 | J43: 2003 | K43: 2004 | L43: 2005 | M43: 2006 | N43: 2007 | O43: 2008 | P43: 2009 | Q43: 2010 | R43: 2011 | S43: 2012 | T43: 2013 | U43: 2014 | V43: 2015 | W43: 2016 | X43: 2017 | Y43: 2018 | Z43: 2019 | AA43: 2020 | AB43: 2021 | AC43: 2022 | AD43: 2023 | AE43: 2024 | AF43: 2025 | AG43: 2026 | AH43: 2027 | AI43: 2028 | AJ43: 2029 | AK43: 2030 | AL43: 2031 | AM43: 2032 | AN43: 2033 | AO43: 2034 | AP43: 2035 | AQ43: 2036 | AR43: 2037 | AS43: 2038 | AT43: 2039 | AU43: 2040 | AV43: 2041 | AW43: 2042 | AX43: 2043 | AY43: 2044 | AZ43: 2045 | BA43: 2046 | BB43: 2047 | BC43: 2048 | BD43: 2049 | BE43: 2050
A44: ='Population Definitions'!$A$2 -> PWID_males | C44: Rate (per year) | F44: OR | G44: 0.0077922078 | H44: 0.0076736156 | I44: 0.007665593 | J44: 0.0075647264 | K44: 0.007554197 | L44: 0.0077061213 | M44: 0.0078153493 | N44: 0.0079744817 | O44: 0.00813881 | P44: 0.0084183541 | Q44: 0.008468864 | R44: 0.008492642 | S44: 0.008549493 | T44: 0.0085686598 | U44: 0.0087235841 | V44: 0.0086782489 | W44: 0.0086258776 | X44: 0.0085950852 | Y44: 0.0085630537 | Z44: 0.0085586398 | AA44: 0.0088722172 | AB44: 0.0087193284 | AC44: 0.0081973826 | AD44: 0.0080888489
A45: ='Population Definitions'!$A$3 -> PWID_females | C45: Rate (per year) | F45: OR | G45: 0.0047193602 | H45: 0.0045778771 | I45: 0.0049787003 | J45: 0.0046212648 | K45: 0.0046616022 | L45: 0.0046462004 | M45: 0.0048143054 | N45: 0.0048511956 | O45: 0.0049289949 | P45: 0.0050815819 | Q45: 0.0052415601 | R45: 0.0053063111 | S45: 0.0054401414 | T45: 0.0055710306 | U45: 0.0054685141 | V45: 0.0055942193 | W45: 0.0054740313 | X45: 0.0053911879 | Y45: 0.0051889087 | Z45: 0.0051659563 | AA45: 0.0050364905 | AB45: 0.0051867055 | AC45: 0.0047145185 | AD45: 0.0046514552
A46: ='Population Definitions'!$A$4 -> 0-9_males | C46: Rate (per year) | F46: OR | G46: 0.0057058597 | H46: 0.0054045359 | I46: 0.0059662776 | J46: 0.0049963842 | K46: 0.0049599517 | L46: 0.0048098396 | M46: 0.004810243 | N46: 0.0047443524 | O46: 0.0047484454 | P46: 0.0046650857 | Q46: 0.0045940594 | R46: 0.0045293814 | S46: 0.0042870753 | T46: 0.0042056816 | U46: 0.0039707751 | V46: 0.0039783577 | W46: 0.0038177046 | X46: 0.003730899 | Y46: 0.0035727045 | Z46: 0.0035027664 | AA46: 0.0034373876 | AB46: 0.0032893417 | AC46: 0.0032181504 | AD46: 0.0030635279 | AE46: 0.002992196 | AF46: 0.0030053202 | AG46: 0.0030175753 | AH46: 0.0030274516 | AI46: 0.002953725 | AJ46: 0.0029613787 | AK46: 0.0029682154 | AL46: 0.002892562 | AM46: 0.0028997514 | AN46: 0.0029074597 | AO46: 0.0028328612 | AP46: 0.0028428094 | AQ46: 0.0027712462 | AR46: 0.0027013338 | AS46: 0.00263292 | AT46: 0.0026516124 | AU46: 0.0025864299 | AV46: 0.0026086957 | AW46: 0.0026319253 | AX46: 0.002566826 | AY46: 0.0025900951 | AZ46: 0.0025238868 | BA46: 0.0024561084 | BB46: 0.0024783147 | BC46: 0.0024074074 | BD46: 0.0023341581 | BE46: 0.0023528305
A47: ='Population Definitions'!$A$5 -> 0-9_females | C47: Rate (per year) | F47: OR | G47: 0.0044536028 | H47: 0.0040710091 | I47: 0.0048514251 | J47: 0.0038957045 | K47: 0.0038231614 | L47: 0.0037550037 | M47: 0.0036889693 | N47: 0.0036378485 | O47: 0.0035997396 | P47: 0.0036199095 | Q47: 0.0035152193 | R47: 0.0034518744 | S47: 0.0032212603 | T47: 0.0031609661 | U47: 0.0031034342 | V47: 0.003131309 | W47: 0.0029110871 | X47: 0.0027604668 | Y47: 0.0026886238 | Z47: 0.0026214536 | AA47: 0.0025517799 | AB47: 0.0025611474 | AC47: 0.0024834083 | AD47: 0.0024030209 | AE47: 0.0024108834 | AF47: 0.0024222501 | AG47: 0.0023455825 | AH47: 0.0023538643 | AI47: 0.0022734228 | AJ47: 0.0022792023 | AK47: 0.0022843086 | AL47: 0.0021134202 | AM47: 0.0021185506 | AN47: 0.0019466443 | AO47: 0.0019518254 | AP47: 0.0018692421 | AQ47: 0.0017877095 | AR47: 0.0017067912 | AS47: 0.0017167382 | AT47: 0.0015466497 | AU47: 0.001558775 | AV47: 0.0015718909 | AW47: 0.0013989275 | AX47: 0.0014112334 | AY47: 0.0012341577 | AZ47: 0.0012453897 | BA47: 0.0012566457 | BB47: 0.0010726998 | BC47: 0.0010818785 | BD47: 0.0010909993 | BE47: 0.00099970009
A48: ='Population Definitions'!$A$6 -> 10-17_males | C48: Rate (per year) | F48: OR | G48: 0.0012594458 | H48: 0.0012007376 | I48: 0.0015847861 | J48: 0.0012627401 | K48: 0.0011940299 | L48: 0.0012047076 | M48: 0.0012070566 | N48: 0.0012099777 | O48: 0.0012157486 | P48: 0.0012232991 | Q48: 0.0011341619 | R48: 0.0011410098 | S48: 0.0011551235 | T48: 0.0011720467 | U48: 0.0011856536 | V48: 0.0011949811 | W48: 0.0012095555 | X48: 0.0012283755 | Y48: 0.0012454593 | Z48: 0.001147866 | AA48: 0.0010379366 | AB48: 0.0010317788 | AC48: 0.0010293891 | AD48: 0.0010291772 | AE48: 0.001026536 | AF48: 0.0010230179 | AG48: 0.0010236986 | AH48: 0.0010280662 | AI48: 0.0010358937 | AJ48: 0.0010443864 | AK48: 0.0010514142 | AL48: 0.0010570825 | AM48: 0.0010616838 | AN48: 0.0010660413 | AO48: 0.00096272129 | AP48: 0.00096514745 | AQ48: 0.0009672739 | AR48: 0.00096894009 | AS48: 0.00097014121 | AT48: 0.00097134531 | AU48: 0.00097239479 | AV48: 0.00097292038 | AW48: 0.00097392057 | AX48: 0.00097576842 | AY48: 0.00086942346 | AZ48: 0.00076319232 | BA48: 0.00065695828 | BB48: 0.00066046563 | BC48: 0.0005538632 | BD48: 0.00055784893 | BE48: 0.00056227158
A49: ='Population Definitions'!$A$7 -> 10-17_females | C49: Rate (per year) | F49: OR | G49: 0.0011555556 | H49: 0.0010029633 | I49: 0.0015857469 | J49: 0.0010439899 | K49: 0.001056524 | L49: 0.0010618273 | M49: 0.0010627506 | N49: 0.0010603943 | O49: 0.0010541952 | P49: 0.0010528331 | Q49: 0.0010588632 | R49: 0.0010698828 | S49: 0.0011810442 | T49: 0.0010915406 | U49: 0.0010977496 | V49: 0.0011051389 | W49: 0.0011181703 | X49: 0.0011332028 | Y49: 0.0011448793 | Z49: 0.0010437324 | AA49: 0.0010413955 | AB49: 0.0010443864 | AC49: 0.00094597435 | AD49: 0.00095429965 | AE49: 0.00085639351 | AF49: 0.00086114101 | AG49: 0.00086589458 | AH49: 0.00087379171 | AI49: 0.00088251517 | AJ49: 0.00088982815 | AK49: 0.00078413801 | AL49: 0.00067590402 | AM49: 0.00067900187 | AN49: 0.00056837558 | AO49: 0.00057051575 | AP49: 0.00057208238 | AQ49: 0.00057336162 | AR49: 0.00045945325 | AS49: 0.00046000805 | AT49: 0.00046051117 | AU49: 0.00046090914 | AV49: 0.00046106853 | AW49: 0.00046136101 | AX49: 0.00034650035 | AY49: 0.00034720213 | AZ49: 0.00034822983 | BA49: 0.0003496096 | BB49: 0.0003513292 | BC49: 0.00035339852 | BD49: 0.000237262 | BE49: 0.00023907716
A50: ='Population Definitions'!$A$8 -> 18-64_males | C50: Rate (per year) | F50: OR | G50: 0.0077922078 | H50: 0.0076736156 | I50: 0.007665593 | J50: 0.0075647264 | K50: 0.007554197 | L50: 0.0077061213 | M50: 0.0078153493 | N50: 0.0079744817 | O50: 0.00813881 | P50: 0.0084183541 | Q50: 0.008468864 | R50: 0.008492642 | S50: 0.008549493 | T50: 0.0085686598 | U50: 0.0087235841 | V50: 0.0086782489 | W50: 0.0086258776 | X50: 0.0085950852 | Y50: 0.0085630537 | Z50: 0.0085586398 | AA50: 0.0088722172 | AB50: 0.0087193284 | AC50: 0.0081973826 | AD50: 0.0080888489 | AE50: 0.0080795823 | AF50: 0.0079762302 | AG50: 0.0077999179 | AH50: 0.0077365198 | AI50: 0.0075709388 | AJ50: 0.007501691 | AK50: 0.0073453215 | AL50: 0.0071885949 | AM50: 0.0071490533 | AN50: 0.0071675034 | AO50: 0.0071589942 | AP50: 0.007035395 | AQ50: 0.0069686411 | AR50: 0.0070434584 | AS50: 0.0069196334 | AT50: 0.0069667888 | AU50: 0.0069590773 | AV50: 0.0069261214 | AW50: 0.0068938269 | AX50: 0.0067481847 | AY50: 0.0068166326 | AZ50: 0.0066996796 | BA50: 0.0067665919 | BB50: 0.0068561634 | BC50: 0.0068697576 | BD50: 0.0069128244 | BE50: 0.0068066802
A51: ='Population Definitions'!$A$9 -> 18-64_females | C51: Rate (per year) | F51: OR | G51: 0.0047193602 | H51: 0.0045778771 | I51: 0.0049787003 | J51: 0.0046212648 | K51: 0.0046616022 | L51: 0.0046462004 | M51: 0.0048143054 | N51: 0.0048511956 | O51: 0.0049289949 | P51: 0.0050815819 | Q51: 0.0052415601 | R51: 0.0053063111 | S51: 0.0054401414 | T51: 0.0055710306 | U51: 0.0054685141 | V51: 0.0055942193 | W51: 0.0054740313 | X51: 0.0053911879 | Y51: 0.0051889087 | Z51: 0.0051659563 | AA51: 0.0050364905 | AB51: 0.0051867055 | AC51: 0.0047145185 | AD51: 0.0046514552 | AE51: 0.0046486959 | AF51: 0.004527202 | AG51: 0.0044670364 | AH51: 0.0044013143 | AI51: 0.0042146756 | AJ51: 0.0041509377 | AK51: 0.003881466 | AL51: 0.0037359347 | AM51: 0.0037091551 | AN51: 0.003653849 | AO51: 0.0035416727 | AP51: 0.0035455882 | AQ51: 0.0036319959 | AR51: 0.0036304847 | AS51: 0.0035475969 | AT51: 0.0034116808 | AU51: 0.0034148644 | AV51: 0.003442009 | AW51: 0.0034382547 | AX51: 0.0034334068 | AY51: 0.0033767034 | AZ51: 0.0034019934 | BA51: 0.0034529113 | BB51: 0.0033981154 | BC51: 0.0033437881 | BD51: 0.0034441988 | BE51: 0.0034149263
A52: ='Population Definitions'!$A$10 -> 65+_males | C52: Rate (per year) | F52: OR | G52: 0.07846952 | H52: 0.077330839 | I52: 0.075584883 | J52: 0.077464789 | K52: 0.078569335 | L52: 0.080645161 | M52: 0.082639531 | N52: 0.083333333 | O52: 0.084582085 | P52: 0.084108928 | Q52: 0.081618416 | R52: 0.080821918 | S52: 0.078729739 | T52: 0.077669903 | U52: 0.076196102 | V52: 0.075208914 | W52: 0.074540682 | X52: 0.072745391 | Y52: 0.072761635 | Z52: 0.072969967 | AA52: 0.080083857 | AB52: 0.072937425 | AC52: 0.070498084 | AD52: 0.071455017 | AE52: 0.071517969 | AF52: 0.072056542 | AG52: 0.07272118 | AH52: 0.073587385 | AI52: 0.073716401 | AJ52: 0.075311171 | AK52: 0.075011576 | AL52: 0.076735688 | AM52: 0.077878788 | AN52: 0.07748184 | AO52: 0.077929893 | AP52: 0.078519182 | AQ52: 0.079320113 | AR52: 0.079402985 | AS52: 0.080560943 | AT52: 0.080835198 | AU52: 0.080630765 | AV52: 0.080295203 | AW52: 0.080338884 | AX52: 0.079406632 | AY52: 0.080139373 | AZ52: 0.079190751 | BA52: 0.07915947 | BB52: 0.079298951 | BC52: 0.078302961 | BD52: 0.078206027 | BE52: 0.077335902
A53: ='Population Definitions'!$A$11 -> 65+_females | C53: Rate (per year) | F53: OR | G53: 0.059236948 | H53: 0.058167717 | I53: 0.059057886 | J53: 0.05785124 | K53: 0.058783322 | L53: 0.059496568 | M53: 0.060296846 | N53: 0.061147695 | O53: 0.061501788 | P53: 0.061850689 | Q53: 0.060972659 | R53: 0.060375565 | S53: 0.059625607 | T53: 0.057563588 | U53: 0.058472044 | V53: 0.058106461 | W53: 0.05620155 | X53: 0.055771006 | Y53: 0.05359958 | Z53: 0.053050398 | AA53: 0.0544005 | AB53: 0.052755673 | AC53: 0.050866406 | AD53: 0.04954715 | AE53: 0.049288618 | AF53: 0.04941262 | AG53: 0.049866014 | AH53: 0.050259184 | AI53: 0.050103475 | AJ53: 0.051851852 | AK53: 0.051656719 | AL53: 0.052489232 | AM53: 0.053244592 | AN53: 0.053407351 | AO53: 0.05448928 | AP53: 0.054724084 | AQ53: 0.05554043 | AR53: 0.056629213 | AS53: 0.056894718 | AT53: 0.057117904 | AU53: 0.057473248 | AV53: 0.058015791 | AW53: 0.059045657 | AX53: 0.059732235 | AY53: 0.059989745 | AZ53: 0.060708835 | BA53: 0.060040363 | BB53: 0.060393727 | BC53: 0.060555923 | BD53: 0.060088655 | BE53: 0.059720976
A54: ='Population Definitions'!$A$12 -> Prisoners_males | C54: Rate (per year) | F54: OR | G54: 0.0077922078 | H54: 0.0076736156 | I54: 0.007665593 | J54: 0.0075647264 | K54: 0.007554197 | L54: 0.0077061213 | M54: 0.0078153493 | N54: 0.0079744817 | O54: 0.00813881 | P54: 0.0084183541 | Q54: 0.008468864 | R54: 0.008492642 | S54: 0.008549493 | T54: 0.0085686598 | U54: 0.0087235841 | V54: 0.0086782489 | W54: 0.0086258776 | X54: 0.0085950852 | Y54: 0.0085630537 | Z54: 0.0085586398 | AA54: 0.0088722172 | AB54: 0.0087193284 | AC54: 0.0081973826 | AD54: 0.0080888489 | AE54: 0.0077704722 | AF54: 0.0080338266 | AG54: 0.0085268709 | AH54: 0.0088179218 | AI54: 0.0091116173 | AJ54: 0.0093896714 | AK54: 0.0096018074 | AL54: 0.010038382 | AM54: 0.010096374 | AN54: 0.010241059 | AO54: 0.010217321 | AP54: 0.010198963 | AQ54: 0.010139199 | AR54: 0.010198699 | AS54: 0.010429779 | AT54: 0.010160724 | AU54: 0.010157148 | AV54: 0.0099920064 | AW54: 0.010279001 | AX54: 0.010240427 | AY54: 0.010326215 | AZ54: 0.01035503 | BA54: 0.010172144 | BB54: 0.010514665 | BC54: 0.010566481 | BD54: 0.010160099 | BE54: 0.010178117
A55: ='Population Definitions'!$A$13 -> Prisoners_females | C55: Rate (per year) | F55: OR | G55: 0.0047193602 | H55: 0.0045778771 | I55: 0.0049787003 | J55: 0.0046212648 | K55: 0.0046616022 | L55: 0.0046462004 | M55: 0.0048143054 | N55: 0.0048511956 | O55: 0.0049289949 | P55: 0.0050815819 | Q55: 0.0052415601 | R55: 0.0053063111 | S55: 0.0054401414 | T55: 0.0055710306 | U55: 0.0054685141 | V55: 0.0055942193 | W55: 0.0054740313 | X55: 0.0053911879 | Y55: 0.0051889087 | Z55: 0.0051659563 | AA55: 0.0050364905 | AB55: 0.0051867055 | AC55: 0.0047145185 | AD55: 0.0046514552 | AE55: 0.0054791688 | AF55: 0.0058012259 | AG55: 0.0060317829 | AH55: 0.0062661261 | AI55: 0.0062581486 | AJ55: 0.0066417601 | AK55: 0.0068453248 | AL55: 0.0069707531 | AM55: 0.0068728522 | AN55: 0.0068745004 | AO55: 0.0071836735 | AP55: 0.0070081762 | AQ55: 0.0071635681 | AR55: 0.0068086592 | AS55: 0.0068002863 | AT55: 0.006615215 | AU55: 0.0064479423 | AV55: 0.0063054187 | AW55: 0.0066129366 | AX55: 0.006805708 | AY55: 0.0071859064 | AZ55: 0.0068242749 | BA55: 0.0069803516 | BB55: 0.0068775791 | BC55: 0.0067310506 | BD55: 0.0070921986 | BE55: 0.0064184852

Sheet Infectiousness
A1: Force of Infection constant | B1: Provenance | C1: Units | D1: Uncertainty | E1: Constant | G1: 2000 | H1: 2001 | I1: 2002 | J1: 2003 | K1: 2004 | L1: 2005 | M1: 2006 | N1: 2007 | O1: 2008 | P1: 2009 | Q1: 2010 | R1: 2011 | S1: 2012 | T1: 2013 | U1: 2014 | V1: 2015 | W1: 2016 | X1: 2017 | Y1: 2018 | Z1: 2019 | AA1: 2020 | AB1: 2021 | AC1: 2022 | AD1: 2023 | AE1: 2024 | AF1: 2025 | AG1: 2026 | AH1: 2027 | AI1: 2028 | AJ1: 2029 | AK1: 2030 | AL1: 2031 | AM1: 2032 | AN1: 2033 | AO1: 2034 | AP1: 2035 | AQ1: 2036 | AR1: 2037 | AS1: 2038 | AT1: 2039 | AU1: 2040 | AV1: 2041 | AW1: 2042 | AX1: 2043 | AY1: 2044 | AZ1: 2045 | BA1: 2046 | BB1: 2047 | BC1: 2048 | BD1: 2049 | BE1: 2050
A2: ='Population Definitions'!$A$2 -> PWID_males | C2: N.A. | E2: 0.1 | F2: OR
A3: ='Population Definitions'!$A$3 -> PWID_females | C3: N.A. | E3: 0.1 | F3: OR
A4: ='Population Definitions'!$A$4 -> 0-9_males | C4: N.A. | E4: 0 | F4: OR
A5: ='Population Definitions'!$A$5 -> 0-9_females | C5: N.A. | E5: 0 | F5: OR
A6: ='Population Definitions'!$A$6 -> 10-17_males | C6: N.A. | E6: 0 | F6: OR
A7: ='Population Definitions'!$A$7 -> 10-17_females | C7: N.A. | E7: 0 | F7: OR
A8: ='Population Definitions'!$A$8 -> 18-64_males | C8: N.A. | E8: 0 | F8: OR
A9: ='Population Definitions'!$A$9 -> 18-64_females | C9: N.A. | E9: 0 | F9: OR
A10: ='Population Definitions'!$A$10 -> 65+_males | C10: N.A. | E10: 0 | F10: OR
A11: ='Population Definitions'!$A$11 -> 65+_females | C11: N.A. | E11: 0 | F11: OR
A12: ='Population Definitions'!$A$12 -> Prisoners_males | C12: N.A. | E12: 0.1 | F12: OR
A13: ='Population Definitions'!$A$13 -> Prisoners_females | C13: N.A. | E13: 0.1 | F13: OR
A15: Infectivity among the general population | B15: Provenance | C15: Units | D15: Uncertainty | E15: Constant | G15: 2000 | H15: 2001 | I15: 2002 | J15: 2003 | K15: 2004 | L15: 2005 | M15: 2006 | N15: 2007 | O15: 2008 | P15: 2009 | Q15: 2010 | R15: 2011 | S15: 2012 | T15: 2013 | U15: 2014 | V15: 2015 | W15: 2016 | X15: 2017 | Y15: 2018 | Z15: 2019 | AA15: 2020 | AB15: 2021 | AC15: 2022 | AD15: 2023 | AE15: 2024 | AF15: 2025 | AG15: 2026 | AH15: 2027 | AI15: 2028 | AJ15: 2029 | AK15: 2030 | AL15: 2031 | AM15: 2032 | AN15: 2033 | AO15: 2034 | AP15: 2035 | AQ15: 2036 | AR15: 2037 | AS15: 2038 | AT15: 2039 | AU15: 2040 | AV15: 2041 | AW15: 2042 | AX15: 2043 | AY15: 2044 | AZ15: 2045 | BA15: 2046 | BB15: 2047 | BC15: 2048 | BD15: 2049 | BE15: 2050
A16: ='Population Definitions'!$A$2 -> PWID_males | C16: Probability (per year) | E16: 0 | F16: OR
A17: ='Population Definitions'!$A$3 -> PWID_females | C17: Probability (per year) | E17: 0 | F17: OR
A18: ='Population Definitions'!$A$4 -> 0-9_males | C18: Probability (per year) | E18: 0 | F18: OR
A19: ='Population Definitions'!$A$5 -> 0-9_females | C19: Probability (per year) | E19: 0 | F19: OR
A20: ='Population Definitions'!$A$6 -> 10-17_males | C20: Probability (per year) | E20: 0 | F20: OR
A21: ='Population Definitions'!$A$7 -> 10-17_females | C21: Probability (per year) | E21: 0 | F21: OR
A22: ='Population Definitions'!$A$8 -> 18-64_males | C22: Probability (per year) | E22: 0 | F22: OR
A23: ='Population Definitions'!$A$9 -> 18-64_females | C23: Probability (per year) | E23: 0 | F23: OR
A24: ='Population Definitions'!$A$10 -> 65+_males | C24: Probability (per year) | E24: 0 | F24: OR
A25: ='Population Definitions'!$A$11 -> 65+_females | C25: Probability (per year) | E25: 0 | F25: OR
A26: ='Population Definitions'!$A$12 -> Prisoners_males | C26: Probability (per year) | E26: 0 | F26: OR
A27: ='Population Definitions'!$A$13 -> Prisoners_females | C27: Probability (per year) | E27: 0 | F27: OR

Sheet Disease Progression
A1: Proportion of HCV infections spontaneously clearing | B1: Provenance | C1: Units | D1: Uncertainty | E1: Constant | G1: 2000 | H1: 2001 | I1: 2002 | J1: 2003 | K1: 2004 | L1: 2005 | M1: 2006 | N1: 2007 | O1: 2008 | P1: 2009 | Q1: 2010 | R1: 2011 | S1: 2012 | T1: 2013 | U1: 2014 | V1: 2015 | W1: 2016 | X1: 2017 | Y1: 2018 | Z1: 2019 | AA1: 2020 | AB1: 2021 | AC1: 2022 | AD1: 2023 | AE1: 2024 | AF1: 2025 | AG1: 2026 | AH1: 2027 | AI1: 2028 | AJ1: 2029 | AK1: 2030 | AL1: 2031 | AM1: 2032 | AN1: 2033 | AO1: 2034 | AP1: 2035 | AQ1: 2036 | AR1: 2037 | AS1: 2038 | AT1: 2039 | AU1: 2040 | AV1: 2041 | AW1: 2042 | AX1: 2043 | AY1: 2044 | AZ1: 2045 | BA1: 2046 | BB1: 2047 | BC1: 2048 | BD1: 2049 | BE1: 2050
A2: ='Population Definitions'!$A$2 -> PWID_males | C2: Proportion | D2: 0.028061224 | E2: 0.19889503 | F2: OR
A3: ='Population Definitions'!$A$3 -> PWID_females | C3: Proportion | D3: 0.033163265 | E3: 0.42105263 | F3: OR
A4: ='Population Definitions'!$A$4 -> 0-9_males | C4: Proportion | D4: 0.028061224 | E4: 0.19889503 | F4: OR
A5: ='Population Definitions'!$A$5 -> 0-9_females | C5: Proportion | D5: 0.033163265 | E5: 0.42105263 | F5: OR
A6: ='Population Definitions'!$A$6 -> 10-17_males | C6: Proportion | D6: 0.028061224 | E6: 0.19889503 | F6: OR
A7: ='Population Definitions'!$A$7 -> 10-17_females | C7: Proportion | D7: 0.033163265 | E7: 0.42105263 | F7: OR
A8: ='Population Definitions'!$A$8 -> 18-64_males | C8: Proportion | D8: 0.028061224 | E8: 0.19889503 | F8: OR
A9: ='Population Definitions'!$A$9 -> 18-64_females | C9: Proportion | D9: 0.033163265 | E9: 0.42105263 | F9: OR
A10: ='Population Definitions'!$A$10 -> 65+_males | C10: Proportion | D10: 0.028061224 | E10: 0.19889503 | F10: OR
A11: ='Population Definitions'!$A$11 -> 65+_females | C11: Proportion | D11: 0.033163265 | E11: 0.42105263 | F11: OR
A12: ='Population Definitions'!$A$12 -> Prisoners_males | C12: Proportion | D12: 0.028061224 | E12: 0.19889503 | F12: OR
A13: ='Population Definitions'!$A$13 -> Prisoners_females | C13: Proportion | D13: 0.033163265 | E13: 0.42105263 | F13: OR
A15: Average duration for spontaneous viral clearance | B15: Provenance | C15: Units | D15: Uncertainty | E15: Constant | G15: 2000 | H15: 2001 | I15: 2002 | J15: 2003 | K15: 2004 | L15: 2005 | M15: 2006 | N15: 2007 | O15: 2008 | P15: 2009 | Q15: 2010 | R15: 2011 | S15: 2012 | T15: 2013 | U15: 2014 | V15: 2015 | W15: 2016 | X15: 2017 | Y15: 2018 | Z15: 2019 | AA15: 2020 | AB15: 2021 | AC15: 2022 | AD15: 2023 | AE15: 2024 | AF15: 2025 | AG15: 2026 | AH15: 2027 | AI15: 2028 | AJ15: 2029 | AK15: 2030 | AL15: 2031 | AM15: 2032 | AN15: 2033 | AO15: 2034 | AP15: 2035 | AQ15: 2036 | AR15: 2037 | AS15: 2038 | AT15: 2039 | AU15: 2040 | AV15: 2041 | AW15: 2042 | AX15: 2043 | AY15: 2044 | AZ15: 2045 | BA15: 2046 | BB15: 2047 | BC15: 2048 | BD15: 2049 | BE15: 2050
A16: ='Population Definitions'!$A$2 -> PWID_males | B16: Framework-supplied default | C16: Duration (years) | E16: 1 | F16: OR
A17: ='Population Definitions'!$A$3 -> PWID_females | B17: Framework-supplied default | C17: Duration (years) | E17: 1 | F17: OR
A18: ='Population Definitions'!$A$4 -> 0-9_males | B18: Framework-supplied default | C18: Duration (years) | E18: 1 | F18: OR
A19: ='Population Definitions'!$A$5 -> 0-9_females | B19: Framework-supplied default | C19: Duration (years) | E19: 1 | F19: OR
A20: ='Population Definitions'!$A$6 -> 10-17_males | B20: Framework-supplied default | C20: Duration (years) | E20: 1 | F20: OR
A21: ='Population Definitions'!$A$7 -> 10-17_females | B21: Framework-supplied default | C21: Duration (years) | E21: 1 | F21: OR
A22: ='Population Definitions'!$A$8 -> 18-64_males | B22: Framework-supplied default | C22: Duration (years) | E22: 1 | F22: OR
A23: ='Population Definitions'!$A$9 -> 18-64_females | B23: Framework-supplied default | C23: Duration (years) | E23: 1 | F23: OR
A24: ='Population Definitions'!$A$10 -> 65+_males | B24: Framework-supplied default | C24: Duration (years) | E24: 1 | F24: OR
A25: ='Population Definitions'!$A$11 -> 65+_females | B25: Framework-supplied default | C25: Duration (years) | E25: 1 | F25: OR
A26: ='Population Definitions'!$A$12 -> Prisoners_males | B26: Framework-supplied default | C26: Duration (years) | E26: 1 | F26: OR
A27: ='Population Definitions'!$A$13 -> Prisoners_females | B27: Framework-supplied default | C27: Duration (years) | E27: 1 | F27: OR
A29: F0 to F1 progression rate (intermediate step) | B29: Provenance | C29: Units | D29: Uncertainty | E29: Constant | G29: 2000 | H29: 2001 | I29: 2002 | J29: 2003 | K29: 2004 | L29: 2005 | M29: 2006 | N29: 2007 | O29: 2008 | P29: 2009 | Q29: 2010 | R29: 2011 | S29: 2012 | T29: 2013 | U29: 2014 | V29: 2015 | W29: 2016 | X29: 2017 | Y29: 2018 | Z29: 2019 | AA29: 2020 | AB29: 2021 | AC29: 2022 | AD29: 2023 | AE29: 2024 | AF29: 2025 | AG29: 2026 | AH29: 2027 | AI29: 2028 | AJ29: 2029 | AK29: 2030 | AL29: 2031 | AM29: 2032 | AN29: 2033 | AO29: 2034 | AP29: 2035 | AQ29: 2036 | AR29: 2037 | AS29: 2038 | AT29: 2039 | AU29: 2040 | AV29: 2041 | AW29: 2042 | AX29: 2043 | AY29: 2044 | AZ29: 2045 | BA29: 2046 | BB29: 2047 | BC29: 2048 | BD29: 2049 | BE29: 2050
A30: ='Population Definitions'!$A$2 -> PWID_males | C30: Rate (per year) | D30: 0.094387755 | E30: 0.39 | F30: OR
A31: ='Population Definitions'!$A$3 -> PWID_females | C31: Rate (per year) | D31: 0.094387755 | E31: 0.39 | F31: OR
A32: ='Population Definitions'!$A$4 -> 0-9_males | C32: Rate (per year) | D32: 0.094387755 | E32: 0.39 | F32: OR
A33: ='Population Definitions'!$A$5 -> 0-9_females | C33: Rate (per year) | D33: 0.094387755 | E33: 0.39 | F33: OR
A34: ='Population Definitions'!$A$6 -> 10-17_males | C34: Rate (per year) | D34: 0.094387755 | E34: 0.39 | F34: OR
A35: ='Population Definitions'!$A$7 -> 10-17_females | C35: Rate (per year) | D35: 0.094387755 | E35: 0.39 | F35: OR
A36: ='Population Definitions'!$A$8 -> 18-64_males | C36: Rate (per year) | D36: 0.094387755 | E36: 0.39 | F36: OR
A37: ='Population Definitions'!$A$9 -> 18-64_females | C37: Rate (per year) | D37: 0.094387755 | E37: 0.39 | F37: OR
A38: ='Population Definitions'!$A$10 -> 65+_males | C38: Rate (per year) | D38: 0.094387755 | E38: 0.39 | F38: OR
A39: ='Population Definitions'!$A$11 -> 65+_females | C39: Rate (per year) | D39: 0.094387755 | E39: 0.39 | F39: OR
A40: ='Population Definitions'!$A$12 -> Prisoners_males | C40: Rate (per year) | D40: 0.094387755 | E40: 0.39 | F40: OR
A41: ='Population Definitions'!$A$13 -> Prisoners_females | C41: Rate (per year) | D41: 0.094387755 | E41: 0.39 | F41: OR
A43: F1 to F2 progression rate (intermediate step) | B43: Provenance | C43: Units | D43: Uncertainty | E43: Constant | G43: 2000 | H43: 2001 | I43: 2002 | J43: 2003 | K43: 2004 | L43: 2005 | M43: 2006 | N43: 2007 | O43: 2008 | P43: 2009 | Q43: 2010 | R43: 2011 | S43: 2012 | T43: 2013 | U43: 2014 | V43: 2015 | W43: 2016 | X43: 2017 | Y43: 2018 | Z43: 2019 | AA43: 2020 | AB43: 2021 | AC43: 2022 | AD43: 2023 | AE43: 2024 | AF43: 2025 | AG43: 2026 | AH43: 2027 | AI43: 2028 | AJ43: 2029 | AK43: 2030 | AL43: 2031 | AM43: 2032 | AN43: 2033 | AO43: 2034 | AP43: 2035 | AQ43: 2036 | AR43: 2037 | AS43: 2038 | AT43: 2039 | AU43: 2040 | AV43: 2041 | AW43: 2042 | AX43: 2043 | AY43: 2044 | AZ43: 2045 | BA43: 2046 | BB43: 2047 | BC43: 2048 | BD43: 2049 | BE43: 2050
A44: ='Population Definitions'!$A$2 -> PWID_males | C44: Rate (per year) | D44: 0.030612245 | E44: 0.13 | F44: OR
A45: ='Population Definitions'!$A$3 -> PWID_females | C45: Rate (per year) | D45: 0.030612245 | E45: 0.13 | F45: OR
A46: ='Population Definitions'!$A$4 -> 0-9_males | C46: Rate (per year) | D46: 0.030612245 | E46: 0.13 | F46: OR
A47: ='Population Definitions'!$A$5 -> 0-9_females | C47: Rate (per year) | D47: 0.030612245 | E47: 0.13 | F47: OR
A48: ='Population Definitions'!$A$6 -> 10-17_males | C48: Rate (per year) | D48: 0.030612245 | E48: 0.13 | F48: OR
A49: ='Population Definitions'!$A$7 -> 10-17_females | C49: Rate (per year) | D49: 0.030612245 | E49: 0.13 | F49: OR
A50: ='Population Definitions'!$A$8 -> 18-64_males | C50: Rate (per year) | D50: 0.030612245 | E50: 0.13 | F50: OR
A51: ='Population Definitions'!$A$9 -> 18-64_females | C51: Rate (per year) | D51: 0.030612245 | E51: 0.13 | F51: OR
A52: ='Population Definitions'!$A$10 -> 65+_males | C52: Rate (per year) | D52: 0.030612245 | E52: 0.13 | F52: OR
A53: ='Population Definitions'!$A$11 -> 65+_females | C53: Rate (per year) | D53: 0.030612245 | E53: 0.13 | F53: OR
A54: ='Population Definitions'!$A$12 -> Prisoners_males | C54: Rate (per year) | D54: 0.030612245 | E54: 0.13 | F54: OR
A55: ='Population Definitions'!$A$13 -> Prisoners_females | C55: Rate (per year) | D55: 0.030612245 | E55: 0.13 | F55: OR
A57: F2 to F3 progression rate (intermediate step) | B57: Provenance | C57: Units | D57: Uncertainty | E57: Constant | G57: 2000 | H57: 2001 | I57: 2002 | J57: 2003 | K57: 2004 | L57: 2005 | M57: 2006 | N57: 2007 | O57: 2008 | P57: 2009 | Q57: 2010 | R57: 2011 | S57: 2012 | T57: 2013 | U57: 2014 | V57: 2015 | W57: 2016 | X57: 2017 | Y57: 2018 | Z57: 2019 | AA57: 2020 | AB57: 2021 | AC57: 2022 | AD57: 2023 | AE57: 2024 | AF57: 2025 | AG57: 2026 | AH57: 2027 | AI57: 2028 | AJ57: 2029 | AK57: 2030 | AL57: 2031 | AM57: 2032 | AN57: 2033 | AO57: 2034 | AP57: 2035 | AQ57: 2036 | AR57: 2037 | AS57: 2038 | AT57: 2039 | AU57: 2040 | AV57: 2041 | AW57: 2042 | AX57: 2043 | AY57: 2044 | AZ57: 2045 | BA57: 2046 | BB57: 2047 | BC57: 2048 | BD57: 2049 | BE57: 2050
A58: ='Population Definitions'!$A$2 -> PWID_males | C58: Rate (per year) | D58: 0.015306122 | E58: 0.05 | F58: OR
A59: ='Population Definitions'!$A$3 -> PWID_females | C59: Rate (per year) | D59: 0.015306122 | E59: 0.05 | F59: OR
A60: ='Population Definitions'!$A$4 -> 0-9_males | C60: Rate (per year) | D60: 0.015306122 | E60: 0.05 | F60: OR
A61: ='Population Definitions'!$A$5 -> 0-9_females | C61: Rate (per year) | D61: 0.015306122 | E61: 0.05 | F61: OR
A62: ='Population Definitions'!$A$6 -> 10-17_males | C62: Rate (per year) | D62: 0.015306122 | E62: 0.05 | F62: OR
A63: ='Population Definitions'!$A$7 -> 10-17_females | C63: Rate (per year) | D63: 0.015306122 | E63: 0.05 | F63: OR
A64: ='Population Definitions'!$A$8 -> 18-64_males | C64: Rate (per year) | D64: 0.015306122 | E64: 0.05 | F64: OR
A65: ='Population Definitions'!$A$9 -> 18-64_females | C65: Rate (per year) | D65: 0.015306122 | E65: 0.05 | F65: OR
A66: ='Population Definitions'!$A$10 -> 65+_males | C66: Rate (per year) | D66: 0.015306122 | E66: 0.05 | F66: OR
A67: ='Population Definitions'!$A$11 -> 65+_females | C67: Rate (per year) | D67: 0.015306122 | E67: 0.05 | F67: OR
A68: ='Population Definitions'!$A$12 -> Prisoners_males | C68: Rate (per year) | D68: 0.015306122 | E68: 0.05 | F68: OR
A69: ='Population Definitions'!$A$13 -> Prisoners_females | C69: Rate (per year) | D69: 0.015306122 | E69: 0.05 | F69: OR
A71: F3 to F4 progression rate (intermediate step) | B71: Provenance | C71: Units | D71: Uncertainty | E71: Constant | G71: 2000 | H71: 2001 | I71: 2002 | J71: 2003 | K71: 2004 | L71: 2005 | M71: 2006 | N71: 2007 | O71: 2008 | P71: 2009 | Q71: 2010 | R71: 2011 | S71: 2012 | T71: 2013 | U71: 2014 | V71: 2015 | W71: 2016 | X71: 2017 | Y71: 2018 | Z71: 2019 | AA71: 2020 | AB71: 2021 | AC71: 2022 | AD71: 2023 | AE71: 2024 | AF71: 2025 | AG71: 2026 | AH71: 2027 | AI71: 2028 | AJ71: 2029 | AK71: 2030 | AL71: 2031 | AM71: 2032 | AN71: 2033 | AO71: 2034 | AP71: 2035 | AQ71: 2036 | AR71: 2037 | AS71: 2038 | AT71: 2039 | AU71: 2040 | AV71: 2041 | AW71: 2042 | AX71: 2043 | AY71: 2044 | AZ71: 2045 | BA71: 2046 | BB71: 2047 | BC71: 2048 | BD71: 2049 | BE71: 2050
A72: ='Population Definitions'!$A$2 -> PWID_males | C72: Rate (per year) | D72: 0.051020408 | E72: 0.12 | F72: OR
A73: ='Population Definitions'!$A$3 -> PWID_females | C73: Rate (per year) | D73: 0.051020408 | E73: 0.12 | F73: OR
A74: ='Population Definitions'!$A$4 -> 0-9_males | C74: Rate (per year) | D74: 0.051020408 | E74: 0.12 | F74: OR
A75: ='Population Definitions'!$A$5 -> 0-9_females | C75: Rate (per year) | D75: 0.051020408 | E75: 0.12 | F75: OR
A76: ='Population Definitions'!$A$6 -> 10-17_males | C76: Rate (per year) | D76: 0.051020408 | E76: 0.12 | F76: OR
A77: ='Population Definitions'!$A$7 -> 10-17_females | C77: Rate (per year) | D77: 0.051020408 | E77: 0.12 | F77: OR
A78: ='Population Definitions'!$A$8 -> 18-64_males | C78: Rate (per year) | D78: 0.051020408 | E78: 0.12 | F78: OR
A79: ='Population Definitions'!$A$9 -> 18-64_females | C79: Rate (per year) | D79: 0.051020408 | E79: 0.12 | F79: OR
A80: ='Population Definitions'!$A$10 -> 65+_males | C80: Rate (per year) | D80: 0.051020408 | E80: 0.12 | F80: OR
A81: ='Population Definitions'!$A$11 -> 65+_females | C81: Rate (per year) | D81: 0.051020408 | E81: 0.12 | F81: OR
A82: ='Population Definitions'!$A$12 -> Prisoners_males | C82: Rate (per year) | D82: 0.051020408 | E82: 0.12 | F82: OR
A83: ='Population Definitions'!$A$13 -> Prisoners_females | C83: Rate (per year) | D83: 0.051020408 | E83: 0.12 | F83: OR
A85: F4 to DC progression rate (intermediate step) | B85: Provenance | C85: Units | D85: Uncertainty | E85: Constant | G85: 2000 | H85: 2001 | I85: 2002 | J85: 2003 | K85: 2004 | L85: 2005 | M85: 2006 | N85: 2007 | O85: 2008 | P85: 2009 | Q85: 2010 | R85: 2011 | S85: 2012 | T85: 2013 | U85: 2014 | V85: 2015 | W85: 2016 | X85: 2017 | Y85: 2018 | Z85: 2019 | AA85: 2020 | AB85: 2021 | AC85: 2022 | AD85: 2023 | AE85: 2024 | AF85: 2025 | AG85: 2026 | AH85: 2027 | AI85: 2028 | AJ85: 2029 | AK85: 2030 | AL85: 2031 | AM85: 2032 | AN85: 2033 | AO85: 2034 | AP85: 2035 | AQ85: 2036 | AR85: 2037 | AS85: 2038 | AT85: 2039 | AU85: 2040 | AV85: 2041 | AW85: 2042 | AX85: 2043 | AY85: 2044 | AZ85: 2045 | BA85: 2046 | BB85: 2047 | BC85: 2048 | BD85: 2049 | BE85: 2050
A86: ='Population Definitions'!$A$2 -> PWID_males | C86: Rate (per year) | D86: 0.0035714286 | E86: 0.055 | F86: OR
A87: ='Population Definitions'!$A$3 -> PWID_females | C87: Rate (per year) | D87: 0.0035714286 | E87: 0.055 | F87: OR
A88: ='Population Definitions'!$A$4 -> 0-9_males | C88: Rate (per year) | D88: 0.0035714286 | E88: 0.055 | F88: OR
A89: ='Population Definitions'!$A$5 -> 0-9_females | C89: Rate (per year) | D89: 0.0035714286 | E89: 0.055 | F89: OR
A90: ='Population Definitions'!$A$6 -> 10-17_males | C90: Rate (per year) | D90: 0.0035714286 | E90: 0.055 | F90: OR
A91: ='Population Definitions'!$A$7 -> 10-17_females | C91: Rate (per year) | D91: 0.0035714286 | E91: 0.055 | F91: OR
A92: ='Population Definitions'!$A$8 -> 18-64_males | C92: Rate (per year) | D92: 0.0035714286 | E92: 0.055 | F92: OR
A93: ='Population Definitions'!$A$9 -> 18-64_females | C93: Rate (per year) | D93: 0.0035714286 | E93: 0.055 | F93: OR
A94: ='Population Definitions'!$A$10 -> 65+_males | C94: Rate (per year) | D94: 0.0035714286 | E94: 0.055 | F94: OR
A95: ='Population Definitions'!$A$11 -> 65+_females | C95: Rate (per year) | D95: 0.0035714286 | E95: 0.055 | F95: OR
A96: ='Population Definitions'!$A$12 -> Prisoners_males | C96: Rate (per year) | D96: 0.0035714286 | E96: 0.055 | F96: OR
A97: ='Population Definitions'!$A$13 -> Prisoners_females | C97: Rate (per year) | D97: 0.0035714286 | E97: 0.055 | F97: OR
A99: F4 to HCC progression rate (intermediate step) | B99: Provenance | C99: Units | D99: Uncertainty | E99: Constant | G99: 2000 | H99: 2001 | I99: 2002 | J99: 2003 | K99: 2004 | L99: 2005 | M99: 2006 | N99: 2007 | O99: 2008 | P99: 2009 | Q99: 2010 | R99: 2011 | S99: 2012 | T99: 2013 | U99: 2014 | V99: 2015 | W99: 2016 | X99: 2017 | Y99: 2018 | Z99: 2019 | AA99: 2020 | AB99: 2021 | AC99: 2022 | AD99: 2023 | AE99: 2024 | AF99: 2025 | AG99: 2026 | AH99: 2027 | AI99: 2028 | AJ99: 2029 | AK99: 2030 | AL99: 2031 | AM99: 2032 | AN99: 2033 | AO99: 2034 | AP99: 2035 | AQ99: 2036 | AR99: 2037 | AS99: 2038 | AT99: 2039 | AU99: 2040 | AV99: 2041 | AW99: 2042 | AX99: 2043 | AY99: 2044 | AZ99: 2045 | BA99: 2046 | BB99: 2047 | BC99: 2048 | BD99: 2049 | BE99: 2050
A100: ='Population Definitions'!$A$2 -> PWID_males | C100: Rate (per year) | E100: 0.015 | F100: OR
A101: ='Population Definitions'!$A$3 -> PWID_females | C101: Rate (per year) | E101: 0.015 | F101: OR
A102: ='Population Definitions'!$A$4 -> 0-9_males | C102: Rate (per year) | E102: 0.015 | F102: OR
A103: ='Population Definitions'!$A$5 -> 0-9_females | C103: Rate (per year) | E103: 0.015 | F103: OR
A104: ='Population Definitions'!$A$6 -> 10-17_males | C104: Rate (per year) | E104: 0.015 | F104: OR
A105: ='Population Definitions'!$A$7 -> 10-17_females | C105: Rate (per year) | E105: 0.015 | F105: OR
A106: ='Population Definitions'!$A$8 -> 18-64_males | C106: Rate (per year) | E106: 0.015 | F106: OR
A107: ='Population Definitions'!$A$9 -> 18-64_females | C107: Rate (per year) | E107: 0.015 | F107: OR
...

Sheet Diagnosis
A1: Antibody testing rate in F0-F2, undiagnosed, in care (intermediate step) | B1: Provenance | C1: Units | D1: Uncertainty | E1: Constant | G1: 2000 | H1: 2001 | I1: 2002 | J1: 2003 | K1: 2004 | L1: 2005 | M1: 2006 | N1: 2007 | O1: 2008 | P1: 2009 | Q1: 2010 | R1: 2011 | S1: 2012 | T1: 2013 | U1: 2014 | V1: 2015 | W1: 2016 | X1: 2017 | Y1: 2018 | Z1: 2019 | AA1: 2020 | AB1: 2021 | AC1: 2022 | AD1: 2023 | AE1: 2024 | AF1: 2025 | AG1: 2026 | AH1: 2027 | AI1: 2028 | AJ1: 2029 | AK1: 2030 | AL1: 2031 | AM1: 2032 | AN1: 2033 | AO1: 2034 | AP1: 2035 | AQ1: 2036 | AR1: 2037 | AS1: 2038 | AT1: 2039 | AU1: 2040 | AV1: 2041 | AW1: 2042 | AX1: 2043 | AY1: 2044 | AZ1: 2045 | BA1: 2046 | BB1: 2047 | BC1: 2048 | BD1: 2049 | BE1: 2050
A2: ='Population Definitions'!$A$2 -> PWID_males | C2: Rate (per year) | D2: 0.025765306 | F2: OR | G2: 0.13 | V2: 0.26
A3: ='Population Definitions'!$A$3 -> PWID_females | C3: Rate (per year) | D3: 0.025765306 | F3: OR | G3: 0.13 | V3: 0.26
A4: ='Population Definitions'!$A$4 -> 0-9_males | C4: Rate (per year) | E4: 0 | F4: OR
A5: ='Population Definitions'!$A$5 -> 0-9_females | C5: Rate (per year) | E5: 0 | F5: OR
A6: ='Population Definitions'!$A$6 -> 10-17_males | C6: Rate (per year) | E6: 0 | F6: OR
A7: ='Population Definitions'!$A$7 -> 10-17_females | C7: Rate (per year) | E7: 0 | F7: OR
A8: ='Population Definitions'!$A$8 -> 18-64_males | C8: Rate (per year) | E8: 0.05 | F8: OR
A9: ='Population Definitions'!$A$9 -> 18-64_females | C9: Rate (per year) | E9: 0.05 | F9: OR
A10: ='Population Definitions'!$A$10 -> 65+_males | C10: Rate (per year) | E10: 0.05 | F10: OR
A11: ='Population Definitions'!$A$11 -> 65+_females | C11: Rate (per year) | E11: 0.05 | F11: OR
A12: ='Population Definitions'!$A$12 -> Prisoners_males | C12: Rate (per year) | E12: 0 | F12: OR
A13: ='Population Definitions'!$A$13 -> Prisoners_females | C13: Rate (per year) | E13: 0 | F13: OR
A15: Antibody testing rate in F3+, undiagnosed, in care (intermediate step) | B15: Provenance | C15: Units | D15: Uncertainty | E15: Constant | G15: 2000 | H15: 2001 | I15: 2002 | J15: 2003 | K15: 2004 | L15: 2005 | M15: 2006 | N15: 2007 | O15: 2008 | P15: 2009 | Q15: 2010 | R15: 2011 | S15: 2012 | T15: 2013 | U15: 2014 | V15: 2015 | W15: 2016 | X15: 2017 | Y15: 2018 | Z15: 2019 | AA15: 2020 | AB15: 2021 | AC15: 2022 | AD15: 2023 | AE15: 2024 | AF15: 2025 | AG15: 2026 | AH15: 2027 | AI15: 2028 | AJ15: 2029 | AK15: 2030 | AL15: 2031 | AM15: 2032 | AN15: 2033 | AO15: 2034 | AP15: 2035 | AQ15: 2036 | AR15: 2037 | AS15: 2038 | AT15: 2039 | AU15: 2040 | AV15: 2041 | AW15: 2042 | AX15: 2043 | AY15: 2044 | AZ15: 2045 | BA15: 2046 | BB15: 2047 | BC15: 2048 | BD15: 2049 | BE15: 2050
A16: ='Population Definitions'!$A$2 -> PWID_males | C16: Rate (per year) | D16: 0.025765306 | F16: OR | G16: 0.13 | V16: 0.26
A17: ='Population Definitions'!$A$3 -> PWID_females | C17: Rate (per year) | D17: 0.025765306 | F17: OR | G17: 0.13 | V17: 0.26
A18: ='Population Definitions'!$A$4 -> 0-9_males | C18: Rate (per year) | E18: 0 | F18: OR
A19: ='Population Definitions'!$A$5 -> 0-9_females | C19: Rate (per year) | E19: 0 | F19: OR
A20: ='Population Definitions'!$A$6 -> 10-17_males | C20: Rate (per year) | E20: 0 | F20: OR
A21: ='Population Definitions'!$A$7 -> 10-17_females | C21: Rate (per year) | E21: 0 | F21: OR
A22: ='Population Definitions'!$A$8 -> 18-64_males | C22: Rate (per year) | E22: 0.05 | F22: OR
A23: ='Population Definitions'!$A$9 -> 18-64_females | C23: Rate (per year) | E23: 0.05 | F23: OR
A24: ='Population Definitions'!$A$10 -> 65+_males | C24: Rate (per year) | E24: 0.05 | F24: OR
A25: ='Population Definitions'!$A$11 -> 65+_females | C25: Rate (per year) | E25: 0.05 | F25: OR
A26: ='Population Definitions'!$A$12 -> Prisoners_males | C26: Rate (per year) | E26: 0 | F26: OR
A27: ='Population Definitions'!$A$13 -> Prisoners_females | C27: Rate (per year) | E27: 0 | F27: OR
A29: RNA testing rate in F0-F2, Ab diagnosed, in care (intermediate step) | B29: Provenance | C29: Units | D29: Uncertainty | E29: Constant | G29: 2000 | H29: 2001 | I29: 2002 | J29: 2003 | K29: 2004 | L29: 2005 | M29: 2006 | N29: 2007 | O29: 2008 | P29: 2009 | Q29: 2010 | R29: 2011 | S29: 2012 | T29: 2013 | U29: 2014 | V29: 2015 | W29: 2016 | X29: 2017 | Y29: 2018 | Z29: 2019 | AA29: 2020 | AB29: 2021 | AC29: 2022 | AD29: 2023 | AE29: 2024 | AF29: 2025 | AG29: 2026 | AH29: 2027 | AI29: 2028 | AJ29: 2029 | AK29: 2030 | AL29: 2031 | AM29: 2032 | AN29: 2033 | AO29: 2034 | AP29: 2035 | AQ29: 2036 | AR29: 2037 | AS29: 2038 | AT29: 2039 | AU29: 2040 | AV29: 2041 | AW29: 2042 | AX29: 2043 | AY29: 2044 | AZ29: 2045 | BA29: 2046 | BB29: 2047 | BC29: 2048 | BD29: 2049 | BE29: 2050
A30: ='Population Definitions'!$A$2 -> PWID_males | C30: Rate (per year) | E30: 0.8 | F30: OR
A31: ='Population Definitions'!$A$3 -> PWID_females | C31: Rate (per year) | E31: 0.8 | F31: OR
A32: ='Population Definitions'!$A$4 -> 0-9_males | C32: Rate (per year) | E32: 0 | F32: OR
A33: ='Population Definitions'!$A$5 -> 0-9_females | C33: Rate (per year) | E33: 0 | F33: OR
A34: ='Population Definitions'!$A$6 -> 10-17_males | C34: Rate (per year) | E34: 0 | F34: OR
A35: ='Population Definitions'!$A$7 -> 10-17_females | C35: Rate (per year) | E35: 0 | F35: OR
A36: ='Population Definitions'!$A$8 -> 18-64_males | C36: Rate (per year) | E36: 0.3 | F36: OR
A37: ='Population Definitions'!$A$9 -> 18-64_females | C37: Rate (per year) | E37: 0.3 | F37: OR
A38: ='Population Definitions'!$A$10 -> 65+_males | C38: Rate (per year) | E38: 0.3 | F38: OR
A39: ='Population Definitions'!$A$11 -> 65+_females | C39: Rate (per year) | E39: 0.3 | F39: OR
A40: ='Population Definitions'!$A$12 -> Prisoners_males | C40: Rate (per year) | E40: 0 | F40: OR
A41: ='Population Definitions'!$A$13 -> Prisoners_females | C41: Rate (per year) | E41: 0 | F41: OR
A43: RNA testing rate in F3+, Ab diagnosed, in care (intermediate step) | B43: Provenance | C43: Units | D43: Uncertainty | E43: Constant | G43: 2000 | H43: 2001 | I43: 2002 | J43: 2003 | K43: 2004 | L43: 2005 | M43: 2006 | N43: 2007 | O43: 2008 | P43: 2009 | Q43: 2010 | R43: 2011 | S43: 2012 | T43: 2013 | U43: 2014 | V43: 2015 | W43: 2016 | X43: 2017 | Y43: 2018 | Z43: 2019 | AA43: 2020 | AB43: 2021 | AC43: 2022 | AD43: 2023 | AE43: 2024 | AF43: 2025 | AG43: 2026 | AH43: 2027 | AI43: 2028 | AJ43: 2029 | AK43: 2030 | AL43: 2031 | AM43: 2032 | AN43: 2033 | AO43: 2034 | AP43: 2035 | AQ43: 2036 | AR43: 2037 | AS43: 2038 | AT43: 2039 | AU43: 2040 | AV43: 2041 | AW43: 2042 | AX43: 2043 | AY43: 2044 | AZ43: 2045 | BA43: 2046 | BB43: 2047 | BC43: 2048 | BD43: 2049 | BE43: 2050
A44: ='Population Definitions'!$A$2 -> PWID_males | C44: Rate (per year) | E44: 0.8 | F44: OR
A45: ='Population Definitions'!$A$3 -> PWID_females | C45: Rate (per year) | E45: 0.8 | F45: OR
A46: ='Population Definitions'!$A$4 -> 0-9_males | C46: Rate (per year) | E46: 0 | F46: OR
A47: ='Population Definitions'!$A$5 -> 0-9_females | C47: Rate (per year) | E47: 0 | F47: OR
A48: ='Population Definitions'!$A$6 -> 10-17_males | C48: Rate (per year) | E48: 0 | F48: OR
A49: ='Population Definitions'!$A$7 -> 10-17_females | C49: Rate (per year) | E49: 0 | F49: OR
A50: ='Population Definitions'!$A$8 -> 18-64_males | C50: Rate (per year) | E50: 0.3 | F50: OR
A51: ='Population Definitions'!$A$9 -> 18-64_females | C51: Rate (per year) | E51: 0.3 | F51: OR
A52: ='Population Definitions'!$A$10 -> 65+_males | C52: Rate (per year) | E52: 0.3 | F52: OR
A53: ='Population Definitions'!$A$11 -> 65+_females | C53: Rate (per year) | E53: 0.3 | F53: OR
A54: ='Population Definitions'!$A$12 -> Prisoners_males | C54: Rate (per year) | E54: 0 | F54: OR
A55: ='Population Definitions'!$A$13 -> Prisoners_females | C55: Rate (per year) | E55: 0 | F55: OR

Sheet Loss to follow-up
A1: Loss to follow-up rate on antibody test in F0-F2 | B1: Provenance | C1: Units | D1: Uncertainty | E1: Constant | G1: 2000 | H1: 2001 | I1: 2002 | J1: 2003 | K1: 2004 | L1: 2005 | M1: 2006 | N1: 2007 | O1: 2008 | P1: 2009 | Q1: 2010 | R1: 2011 | S1: 2012 | T1: 2013 | U1: 2014 | V1: 2015 | W1: 2016 | X1: 2017 | Y1: 2018 | Z1: 2019 | AA1: 2020 | AB1: 2021 | AC1: 2022 | AD1: 2023 | AE1: 2024 | AF1: 2025 | AG1: 2026 | AH1: 2027 | AI1: 2028 | AJ1: 2029 | AK1: 2030 | AL1: 2031 | AM1: 2032 | AN1: 2033 | AO1: 2034 | AP1: 2035 | AQ1: 2036 | AR1: 2037 | AS1: 2038 | AT1: 2039 | AU1: 2040 | AV1: 2041 | AW1: 2042 | AX1: 2043 | AY1: 2044 | AZ1: 2045 | BA1: 2046 | BB1: 2047 | BC1: 2048 | BD1: 2049 | BE1: 2050
A2: ='Population Definitions'!$A$2 -> PWID_males | B2: Framework-supplied default | C2: Proportion | E2: 0 | F2: OR
A3: ='Population Definitions'!$A$3 -> PWID_females | B3: Framework-supplied default | C3: Proportion | E3: 0 | F3: OR
A4: ='Population Definitions'!$A$4 -> 0-9_males | B4: Framework-supplied default | C4: Proportion | E4: 0 | F4: OR
A5: ='Population Definitions'!$A$5 -> 0-9_females | B5: Framework-supplied default | C5: Proportion | E5: 0 | F5: OR
A6: ='Population Definitions'!$A$6 -> 10-17_males | B6: Framework-supplied default | C6: Proportion | E6: 0 | F6: OR
A7: ='Population Definitions'!$A$7 -> 10-17_females | B7: Framework-supplied default | C7: Proportion | E7: 0 | F7: OR
A8: ='Population Definitions'!$A$8 -> 18-64_males | B8: Framework-supplied default | C8: Proportion | E8: 0 | F8: OR
A9: ='Population Definitions'!$A$9 -> 18-64_females | B9: Framework-supplied default | C9: Proportion | E9: 0 | F9: OR
A10: ='Population Definitions'!$A$10 -> 65+_males | B10: Framework-supplied default | C10: Proportion | E10: 0 | F10: OR
A11: ='Population Definitions'!$A$11 -> 65+_females | B11: Framework-supplied default | C11: Proportion | E11: 0 | F11: OR
A12: ='Population Definitions'!$A$12 -> Prisoners_males | B12: Framework-supplied default | C12: Proportion | E12: 0 | F12: OR
A13: ='Population Definitions'!$A$13 -> Prisoners_females | B13: Framework-supplied default | C13: Proportion | E13: 0 | F13: OR
A15: Loss to follow-up rate on antibody test in F3+ | B15: Provenance | C15: Units | D15: Uncertainty | E15: Constant | G15: 2000 | H15: 2001 | I15: 2002 | J15: 2003 | K15: 2004 | L15: 2005 | M15: 2006 | N15: 2007 | O15: 2008 | P15: 2009 | Q15: 2010 | R15: 2011 | S15: 2012 | T15: 2013 | U15: 2014 | V15: 2015 | W15: 2016 | X15: 2017 | Y15: 2018 | Z15: 2019 | AA15: 2020 | AB15: 2021 | AC15: 2022 | AD15: 2023 | AE15: 2024 | AF15: 2025 | AG15: 2026 | AH15: 2027 | AI15: 2028 | AJ15: 2029 | AK15: 2030 | AL15: 2031 | AM15: 2032 | AN15: 2033 | AO15: 2034 | AP15: 2035 | AQ15: 2036 | AR15: 2037 | AS15: 2038 | AT15: 2039 | AU15: 2040 | AV15: 2041 | AW15: 2042 | AX15: 2043 | AY15: 2044 | AZ15: 2045 | BA15: 2046 | BB15: 2047 | BC15: 2048 | BD15: 2049 | BE15: 2050
A16: ='Population Definitions'!$A$2 -> PWID_males | B16: Framework-supplied default | C16: Proportion | E16: 0 | F16: OR
A17: ='Population Definitions'!$A$3 -> PWID_females | B17: Framework-supplied default | C17: Proportion | E17: 0 | F17: OR
A18: ='Population Definitions'!$A$4 -> 0-9_males | B18: Framework-supplied default | C18: Proportion | E18: 0 | F18: OR
A19: ='Population Definitions'!$A$5 -> 0-9_females | B19: Framework-supplied default | C19: Proportion | E19: 0 | F19: OR
A20: ='Population Definitions'!$A$6 -> 10-17_males | B20: Framework-supplied default | C20: Proportion | E20: 0 | F20: OR
A21: ='Population Definitions'!$A$7 -> 10-17_females | B21: Framework-supplied default | C21: Proportion | E21: 0 | F21: OR
A22: ='Population Definitions'!$A$8 -> 18-64_males | B22: Framework-supplied default | C22: Proportion | E22: 0 | F22: OR
A23: ='Population Definitions'!$A$9 -> 18-64_females | B23: Framework-supplied default | C23: Proportion | E23: 0 | F23: OR
A24: ='Population Definitions'!$A$10 -> 65+_males | B24: Framework-supplied default | C24: Proportion | E24: 0 | F24: OR
A25: ='Population Definitions'!$A$11 -> 65+_females | B25: Framework-supplied default | C25: Proportion | E25: 0 | F25: OR
A26: ='Population Definitions'!$A$12 -> Prisoners_males | B26: Framework-supplied default | C26: Proportion | E26: 0 | F26: OR
A27: ='Population Definitions'!$A$13 -> Prisoners_females | B27: Framework-supplied default | C27: Proportion | E27: 0 | F27: OR
A29: Loss to follow-up rate on PCR test in F0-F2 | B29: Provenance | C29: Units | D29: Uncertainty | E29: Constant | G29: 2000 | H29: 2001 | I29: 2002 | J29: 2003 | K29: 2004 | L29: 2005 | M29: 2006 | N29: 2007 | O29: 2008 | P29: 2009 | Q29: 2010 | R29: 2011 | S29: 2012 | T29: 2013 | U29: 2014 | V29: 2015 | W29: 2016 | X29: 2017 | Y29: 2018 | Z29: 2019 | AA29: 2020 | AB29: 2021 | AC29: 2022 | AD29: 2023 | AE29: 2024 | AF29: 2025 | AG29: 2026 | AH29: 2027 | AI29: 2028 | AJ29: 2029 | AK29: 2030 | AL29: 2031 | AM29: 2032 | AN29: 2033 | AO29: 2034 | AP29: 2035 | AQ29: 2036 | AR29: 2037 | AS29: 2038 | AT29: 2039 | AU29: 2040 | AV29: 2041 | AW29: 2042 | AX29: 2043 | AY29: 2044 | AZ29: 2045 | BA29: 2046 | BB29: 2047 | BC29: 2048 | BD29: 2049 | BE29: 2050
A30: ='Population Definitions'!$A$2 -> PWID_males | B30: Framework-supplied default | C30: Proportion | E30: 0 | F30: OR
A31: ='Population Definitions'!$A$3 -> PWID_females | B31: Framework-supplied default | C31: Proportion | E31: 0 | F31: OR
A32: ='Population Definitions'!$A$4 -> 0-9_males | B32: Framework-supplied default | C32: Proportion | E32: 0 | F32: OR
A33: ='Population Definitions'!$A$5 -> 0-9_females | B33: Framework-supplied default | C33: Proportion | E33: 0 | F33: OR
A34: ='Population Definitions'!$A$6 -> 10-17_males | B34: Framework-supplied default | C34: Proportion | E34: 0 | F34: OR
A35: ='Population Definitions'!$A$7 -> 10-17_females | B35: Framework-supplied default | C35: Proportion | E35: 0 | F35: OR
A36: ='Population Definitions'!$A$8 -> 18-64_males | B36: Framework-supplied default | C36: Proportion | E36: 0 | F36: OR
A37: ='Population Definitions'!$A$9 -> 18-64_females | B37: Framework-supplied default | C37: Proportion | E37: 0 | F37: OR
A38: ='Population Definitions'!$A$10 -> 65+_males | B38: Framework-supplied default | C38: Proportion | E38: 0 | F38: OR
A39: ='Population Definitions'!$A$11 -> 65+_females | B39: Framework-supplied default | C39: Proportion | E39: 0 | F39: OR
A40: ='Population Definitions'!$A$12 -> Prisoners_males | B40: Framework-supplied default | C40: Proportion | E40: 0 | F40: OR
A41: ='Population Definitions'!$A$13 -> Prisoners_females | B41: Framework-supplied default | C41: Proportion | E41: 0 | F41: OR
A43: Loss to follow-up rate on PCR test in F3+ | B43: Provenance | C43: Units | D43: Uncertainty | E43: Constant | G43: 2000 | H43: 2001 | I43: 2002 | J43: 2003 | K43: 2004 | L43: 2005 | M43: 2006 | N43: 2007 | O43: 2008 | P43: 2009 | Q43: 2010 | R43: 2011 | S43: 2012 | T43: 2013 | U43: 2014 | V43: 2015 | W43: 2016 | X43: 2017 | Y43: 2018 | Z43: 2019 | AA43: 2020 | AB43: 2021 | AC43: 2022 | AD43: 2023 | AE43: 2024 | AF43: 2025 | AG43: 2026 | AH43: 2027 | AI43: 2028 | AJ43: 2029 | AK43: 2030 | AL43: 2031 | AM43: 2032 | AN43: 2033 | AO43: 2034 | AP43: 2035 | AQ43: 2036 | AR43: 2037 | AS43: 2038 | AT43: 2039 | AU43: 2040 | AV43: 2041 | AW43: 2042 | AX43: 2043 | AY43: 2044 | AZ43: 2045 | BA43: 2046 | BB43: 2047 | BC43: 2048 | BD43: 2049 | BE43: 2050
A44: ='Population Definitions'!$A$2 -> PWID_males | B44: Framework-supplied default | C44: Proportion | E44: 0 | F44: OR
A45: ='Population Definitions'!$A$3 -> PWID_females | B45: Framework-supplied default | C45: Proportion | E45: 0 | F45: OR
A46: ='Population Definitions'!$A$4 -> 0-9_males | B46: Framework-supplied default | C46: Proportion | E46: 0 | F46: OR
A47: ='Population Definitions'!$A$5 -> 0-9_females | B47: Framework-supplied default | C47: Proportion | E47: 0 | F47: OR
A48: ='Population Definitions'!$A$6 -> 10-17_males | B48: Framework-supplied default | C48: Proportion | E48: 0 | F48: OR
A49: ='Population Definitions'!$A$7 -> 10-17_females | B49: Framework-supplied default | C49: Proportion | E49: 0 | F49: OR
A50: ='Population Definitions'!$A$8 -> 18-64_males | B50: Framework-supplied default | C50: Proportion | E50: 0 | F50: OR
A51: ='Population Definitions'!$A$9 -> 18-64_females | B51: Framework-supplied default | C51: Proportion | E51: 0 | F51: OR
A52: ='Population Definitions'!$A$10 -> 65+_males | B52: Framework-supplied default | C52: Proportion | E52: 0 | F52: OR
A53: ='Population Definitions'!$A$11 -> 65+_females | B53: Framework-supplied default | C53: Proportion | E53: 0 | F53: OR
A54: ='Population Definitions'!$A$12 -> Prisoners_males | B54: Framework-supplied default | C54: Proportion | E54: 0 | F54: OR
A55: ='Population Definitions'!$A$13 -> Prisoners_females | B55: Framework-supplied default | C55: Proportion | E55: 0 | F55: OR
A57: Loss to follow-up rate after treatment initiation in F0-F2 | B57: Provenance | C57: Units | D57: Uncertainty | E57: Constant | G57: 2000 | H57: 2001 | I57: 2002 | J57: 2003 | K57: 2004 | L57: 2005 | M57: 2006 | N57: 2007 | O57: 2008 | P57: 2009 | Q57: 2010 | R57: 2011 | S57: 2012 | T57: 2013 | U57: 2014 | V57: 2015 | W57: 2016 | X57: 2017 | Y57: 2018 | Z57: 2019 | AA57: 2020 | AB57: 2021 | AC57: 2022 | AD57: 2023 | AE57: 2024 | AF57: 2025 | AG57: 2026 | AH57: 2027 | AI57: 2028 | AJ57: 2029 | AK57: 2030 | AL57: 2031 | AM57: 2032 | AN57: 2033 | AO57: 2034 | AP57: 2035 | AQ57: 2036 | AR57: 2037 | AS57: 2038 | AT57: 2039 | AU57: 2040 | AV57: 2041 | AW57: 2042 | AX57: 2043 | AY57: 2044 | AZ57: 2045 | BA57: 2046 | BB57: 2047 | BC57: 2048 | BD57: 2049 | BE57: 2050
A58: ='Population Definitions'!$A$2 -> PWID_males | B58: Framework-supplied default | C58: Proportion | E58: 0 | F58: OR
A59: ='Population Definitions'!$A$3 -> PWID_females | B59: Framework-supplied default | C59: Proportion | E59: 0 | F59: OR
A60: ='Population Definitions'!$A$4 -> 0-9_males | B60: Framework-supplied default | C60: Proportion | E60: 0 | F60: OR
A61: ='Population Definitions'!$A$5 -> 0-9_females | B61: Framework-supplied default | C61: Proportion | E61: 0 | F61: OR
A62: ='Population Definitions'!$A$6 -> 10-17_males | B62: Framework-supplied default | C62: Proportion | E62: 0 | F62: OR
A63: ='Population Definitions'!$A$7 -> 10-17_females | B63: Framework-supplied default | C63: Proportion | E63: 0 | F63: OR
A64: ='Population Definitions'!$A$8 -> 18-64_males | B64: Framework-supplied default | C64: Proportion | E64: 0 | F64: OR
A65: ='Population Definitions'!$A$9 -> 18-64_females | B65: Framework-supplied default | C65: Proportion | E65: 0 | F65: OR
A66: ='Population Definitions'!$A$10 -> 65+_males | B66: Framework-supplied default | C66: Proportion | E66: 0 | F66: OR
A67: ='Population Definitions'!$A$11 -> 65+_females | B67: Framework-supplied default | C67: Proportion | E67: 0 | F67: OR
A68: ='Population Definitions'!$A$12 -> Prisoners_males | B68: Framework-supplied default | C68: Proportion | E68: 0 | F68: OR
A69: ='Population Definitions'!$A$13 -> Prisoners_females | B69: Framework-supplied default | C69: Proportion | E69: 0 | F69: OR
A71: Loss to follow-up rate after treatment initiation in F3+ | B71: Provenance | C71: Units | D71: Uncertainty | E71: Constant | G71: 2000 | H71: 2001 | I71: 2002 | J71: 2003 | K71: 2004 | L71: 2005 | M71: 2006 | N71: 2007 | O71: 2008 | P71: 2009 | Q71: 2010 | R71: 2011 | S71: 2012 | T71: 2013 | U71: 2014 | V71: 2015 | W71: 2016 | X71: 2017 | Y71: 2018 | Z71: 2019 | AA71: 2020 | AB71: 2021 | AC71: 2022 | AD71: 2023 | AE71: 2024 | AF71: 2025 | AG71: 2026 | AH71: 2027 | AI71: 2028 | AJ71: 2029 | AK71: 2030 | AL71: 2031 | AM71: 2032 | AN71: 2033 | AO71: 2034 | AP71: 2035 | AQ71: 2036 | AR71: 2037 | AS71: 2038 | AT71: 2039 | AU71: 2040 | AV71: 2041 | AW71: 2042 | AX71: 2043 | AY71: 2044 | AZ71: 2045 | BA71: 2046 | BB71: 2047 | BC71: 2048 | BD71: 2049 | BE71: 2050
A72: ='Population Definitions'!$A$2 -> PWID_males | B72: Framework-supplied default | C72: Proportion | E72: 0 | F72: OR
A73: ='Population Definitions'!$A$3 -> PWID_females | B73: Framework-supplied default | C73: Proportion | E73: 0 | F73: OR
A74: ='Population Definitions'!$A$4 -> 0-9_males | B74: Framework-supplied default | C74: Proportion | E74: 0 | F74: OR
A75: ='Population Definitions'!$A$5 -> 0-9_females | B75: Framework-supplied default | C75: Proportion | E75: 0 | F75: OR
A76: ='Population Definitions'!$A$6 -> 10-17_males | B76: Framework-supplied default | C76: Proportion | E76: 0 | F76: OR
A77: ='Population Definitions'!$A$7 -> 10-17_females | B77: Framework-supplied default | C77: Proportion | E77: 0 | F77: OR
A78: ='Population Definitions'!$A$8 -> 18-64_males | B78: Framework-supplied default | C78: Proportion | E78: 0 | F78: OR
A79: ='Population Definitions'!$A$9 -> 18-64_females | B79: Framework-supplied default | C79: Proportion | E79: 0 | F79: OR
A80: ='Population Definitions'!$A$10 -> 65+_males | B80: Framework-supplied default | C80: Proportion | E80: 0 | F80: OR
A81: ='Population Definitions'!$A$11 -> 65+_females | B81: Framework-supplied default | C81: Proportion | E81: 0 | F81: OR
A82: ='Population Definitions'!$A$12 -> Prisoners_males | B82: Framework-supplied default | C82: Proportion | E82: 0 | F82: OR
A83: ='Population Definitions'!$A$13 -> Prisoners_females | B83: Framework-supplied default | C83: Proportion | E83: 0 | F83: OR

Sheet Re-engagement
A1: Antibody re-engagement in care, F0-F2, lost to follow-up after Ab test | B1: Provenance | C1: Units | D1: Uncertainty | E1: Constant | G1: 2000 | H1: 2001 | I1: 2002 | J1: 2003 | K1: 2004 | L1: 2005 | M1: 2006 | N1: 2007 | O1: 2008 | P1: 2009 | Q1: 2010 | R1: 2011 | S1: 2012 | T1: 2013 | U1: 2014 | V1: 2015 | W1: 2016 | X1: 2017 | Y1: 2018 | Z1: 2019 | AA1: 2020 | AB1: 2021 | AC1: 2022 | AD1: 2023 | AE1: 2024 | AF1: 2025 | AG1: 2026 | AH1: 2027 | AI1: 2028 | AJ1: 2029 | AK1: 2030 | AL1: 2031 | AM1: 2032 | AN1: 2033 | AO1: 2034 | AP1: 2035 | AQ1: 2036 | AR1: 2037 | AS1: 2038 | AT1: 2039 | AU1: 2040 | AV1: 2041 | AW1: 2042 | AX1: 2043 | AY1: 2044 | AZ1: 2045 | BA1: 2046 | BB1: 2047 | BC1: 2048 | BD1: 2049 | BE1: 2050
A2: ='Population Definitions'!$A$2 -> PWID_males | B2: Framework-supplied default | C2: Rate (per year) | E2: 0 | F2: OR
A3: ='Population Definitions'!$A$3 -> PWID_females | B3: Framework-supplied default | C3: Rate (per year) | E3: 0 | F3: OR
A4: ='Population Definitions'!$A$4 -> 0-9_males | B4: Framework-supplied default | C4: Rate (per year) | E4: 0 | F4: OR
A5: ='Population Definitions'!$A$5 -> 0-9_females | B5: Framework-supplied default | C5: Rate (per year) | E5: 0 | F5: OR
A6: ='Population Definitions'!$A$6 -> 10-17_males | B6: Framework-supplied default | C6: Rate (per year) | E6: 0 | F6: OR
A7: ='Population Definitions'!$A$7 -> 10-17_females | B7: Framework-supplied default | C7: Rate (per year) | E7: 0 | F7: OR
A8: ='Population Definitions'!$A$8 -> 18-64_males | B8: Framework-supplied default | C8: Rate (per year) | E8: 0 | F8: OR
A9: ='Population Definitions'!$A$9 -> 18-64_females | B9: Framework-supplied default | C9: Rate (per year) | E9: 0 | F9: OR
A10: ='Population Definitions'!$A$10 -> 65+_males | B10: Framework-supplied default | C10: Rate (per year) | E10: 0 | F10: OR
A11: ='Population Definitions'!$A$11 -> 65+_females | B11: Framework-supplied default | C11: Rate (per year) | E11: 0 | F11: OR
A12: ='Population Definitions'!$A$12 -> Prisoners_males | B12: Framework-supplied default | C12: Rate (per year) | E12: 0 | F12: OR
A13: ='Population Definitions'!$A$13 -> Prisoners_females | B13: Framework-supplied default | C13: Rate (per year) | E13: 0 | F13: OR
A15: Antibody re-engagement in care, F3+, lost to follow-up after Ab test | B15: Provenance | C15: Units | D15: Uncertainty | E15: Constant | G15: 2000 | H15: 2001 | I15: 2002 | J15: 2003 | K15: 2004 | L15: 2005 | M15: 2006 | N15: 2007 | O15: 2008 | P15: 2009 | Q15: 2010 | R15: 2011 | S15: 2012 | T15: 2013 | U15: 2014 | V15: 2015 | W15: 2016 | X15: 2017 | Y15: 2018 | Z15: 2019 | AA15: 2020 | AB15: 2021 | AC15: 2022 | AD15: 2023 | AE15: 2024 | AF15: 2025 | AG15: 2026 | AH15: 2027 | AI15: 2028 | AJ15: 2029 | AK15: 2030 | AL15: 2031 | AM15: 2032 | AN15: 2033 | AO15: 2034 | AP15: 2035 | AQ15: 2036 | AR15: 2037 | AS15: 2038 | AT15: 2039 | AU15: 2040 | AV15: 2041 | AW15: 2042 | AX15: 2043 | AY15: 2044 | AZ15: 2045 | BA15: 2046 | BB15: 2047 | BC15: 2048 | BD15: 2049 | BE15: 2050
A16: ='Population Definitions'!$A$2 -> PWID_males | B16: Framework-supplied default | C16: Rate (per year) | E16: 0 | F16: OR
A17: ='Population Definitions'!$A$3 -> PWID_females | B17: Framework-supplied default | C17: Rate (per year) | E17: 0 | F17: OR
A18: ='Population Definitions'!$A$4 -> 0-9_males | B18: Framework-supplied default | C18: Rate (per year) | E18: 0 | F18: OR
A19: ='Population Definitions'!$A$5 -> 0-9_females | B19: Framework-supplied default | C19: Rate (per year) | E19: 0 | F19: OR
A20: ='Population Definitions'!$A$6 -> 10-17_males | B20: Framework-supplied default | C20: Rate (per year) | E20: 0 | F20: OR
A21: ='Population Definitions'!$A$7 -> 10-17_females | B21: Framework-supplied default | C21: Rate (per year) | E21: 0 | F21: OR
A22: ='Population Definitions'!$A$8 -> 18-64_males | B22: Framework-supplied default | C22: Rate (per year) | E22: 0 | F22: OR
A23: ='Population Definitions'!$A$9 -> 18-64_females | B23: Framework-supplied default | C23: Rate (per year) | E23: 0 | F23: OR
A24: ='Population Definitions'!$A$10 -> 65+_males | B24: Framework-supplied default | C24: Rate (per year) | E24: 0 | F24: OR
A25: ='Population Definitions'!$A$11 -> 65+_females | B25: Framework-supplied default | C25: Rate (per year) | E25: 0 | F25: OR
A26: ='Population Definitions'!$A$12 -> Prisoners_males | B26: Framework-supplied default | C26: Rate (per year) | E26: 0 | F26: OR
A27: ='Population Definitions'!$A$13 -> Prisoners_females | B27: Framework-supplied default | C27: Rate (per year) | E27: 0 | F27: OR
A29: RNA re-engagement in care, F0-F2, lost to follow up after RNA test | B29: Provenance | C29: Units | D29: Uncertainty | E29: Constant | G29: 2000 | H29: 2001 | I29: 2002 | J29: 2003 | K29: 2004 | L29: 2005 | M29: 2006 | N29: 2007 | O29: 2008 | P29: 2009 | Q29: 2010 | R29: 2011 | S29: 2012 | T29: 2013 | U29: 2014 | V29: 2015 | W29: 2016 | X29: 2017 | Y29: 2018 | Z29: 2019 | AA29: 2020 | AB29: 2021 | AC29: 2022 | AD29: 2023 | AE29: 2024 | AF29: 2025 | AG29: 2026 | AH29: 2027 | AI29: 2028 | AJ29: 2029 | AK29: 2030 | AL29: 2031 | AM29: 2032 | AN29: 2033 | AO29: 2034 | AP29: 2035 | AQ29: 2036 | AR29: 2037 | AS29: 2038 | AT29: 2039 | AU29: 2040 | AV29: 2041 | AW29: 2042 | AX29: 2043 | AY29: 2044 | AZ29: 2045 | BA29: 2046 | BB29: 2047 | BC29: 2048 | BD29: 2049 | BE29: 2050
A30: ='Population Definitions'!$A$2 -> PWID_males | B30: Framework-supplied default | C30: Rate (per year) | E30: 0 | F30: OR
A31: ='Population Definitions'!$A$3 -> PWID_females | B31: Framework-supplied default | C31: Rate (per year) | E31: 0 | F31: OR
A32: ='Population Definitions'!$A$4 -> 0-9_males | B32: Framework-supplied default | C32: Rate (per year) | E32: 0 | F32: OR
A33: ='Population Definitions'!$A$5 -> 0-9_females | B33: Framework-supplied default | C33: Rate (per year) | E33: 0 | F33: OR
A34: ='Population Definitions'!$A$6 -> 10-17_males | B34: Framework-supplied default | C34: Rate (per year) | E34: 0 | F34: OR
A35: ='Population Definitions'!$A$7 -> 10-17_females | B35: Framework-supplied default | C35: Rate (per year) | E35: 0 | F35: OR
A36: ='Population Definitions'!$A$8 -> 18-64_males | B36: Framework-supplied default | C36: Rate (per year) | E36: 0 | F36: OR
A37: ='Population Definitions'!$A$9 -> 18-64_females | B37: Framework-supplied default | C37: Rate (per year) | E37: 0 | F37: OR
A38: ='Population Definitions'!$A$10 -> 65+_males | B38: Framework-supplied default | C38: Rate (per year) | E38: 0 | F38: OR
A39: ='Population Definitions'!$A$11 -> 65+_females | B39: Framework-supplied default | C39: Rate (per year) | E39: 0 | F39: OR
A40: ='Population Definitions'!$A$12 -> Prisoners_males | B40: Framework-supplied default | C40: Rate (per year) | E40: 0 | F40: OR
A41: ='Population Definitions'!$A$13 -> Prisoners_females | B41: Framework-supplied default | C41: Rate (per year) | E41: 0 | F41: OR
A43: RNA re-engagement in care, F3+, lost to follow up after RNA test | B43: Provenance | C43: Units | D43: Uncertainty | E43: Constant | G43: 2000 | H43: 2001 | I43: 2002 | J43: 2003 | K43: 2004 | L43: 2005 | M43: 2006 | N43: 2007 | O43: 2008 | P43: 2009 | Q43: 2010 | R43: 2011 | S43: 2012 | T43: 2013 | U43: 2014 | V43: 2015 | W43: 2016 | X43: 2017 | Y43: 2018 | Z43: 2019 | AA43: 2020 | AB43: 2021 | AC43: 2022 | AD43: 2023 | AE43: 2024 | AF43: 2025 | AG43: 2026 | AH43: 2027 | AI43: 2028 | AJ43: 2029 | AK43: 2030 | AL43: 2031 | AM43: 2032 | AN43: 2033 | AO43: 2034 | AP43: 2035 | AQ43: 2036 | AR43: 2037 | AS43: 2038 | AT43: 2039 | AU43: 2040 | AV43: 2041 | AW43: 2042 | AX43: 2043 | AY43: 2044 | AZ43: 2045 | BA43: 2046 | BB43: 2047 | BC43: 2048 | BD43: 2049 | BE43: 2050
A44: ='Population Definitions'!$A$2 -> PWID_males | B44: Framework-supplied default | C44: Rate (per year) | E44: 0 | F44: OR
A45: ='Population Definitions'!$A$3 -> PWID_females | B45: Framework-supplied default | C45: Rate (per year) | E45: 0 | F45: OR
A46: ='Population Definitions'!$A$4 -> 0-9_males | B46: Framework-supplied default | C46: Rate (per year) | E46: 0 | F46: OR
A47: ='Population Definitions'!$A$5 -> 0-9_females | B47: Framework-supplied default | C47: Rate (per year) | E47: 0 | F47: OR
A48: ='Population Definitions'!$A$6 -> 10-17_males | B48: Framework-supplied default | C48: Rate (per year) | E48: 0 | F48: OR
A49: ='Population Definitions'!$A$7 -> 10-17_females | B49: Framework-supplied default | C49: Rate (per year) | E49: 0 | F49: OR
A50: ='Population Definitions'!$A$8 -> 18-64_males | B50: Framework-supplied default | C50: Rate (per year) | E50: 0 | F50: OR
A51: ='Population Definitions'!$A$9 -> 18-64_females | B51: Framework-supplied default | C51: Rate (per year) | E51: 0 | F51: OR
A52: ='Population Definitions'!$A$10 -> 65+_males | B52: Framework-supplied default | C52: Rate (per year) | E52: 0 | F52: OR
A53: ='Population Definitions'!$A$11 -> 65+_females | B53: Framework-supplied default | C53: Rate (per year) | E53: 0 | F53: OR
A54: ='Population Definitions'!$A$12 -> Prisoners_males | B54: Framework-supplied default | C54: Rate (per year) | E54: 0 | F54: OR
A55: ='Population Definitions'!$A$13 -> Prisoners_females | B55: Framework-supplied default | C55: Rate (per year) | E55: 0 | F55: OR
A57: Re-engagement in care after treatment initiation, F0-F2 | B57: Provenance | C57: Units | D57: Uncertainty | E57: Constant | G57: 2000 | H57: 2001 | I57: 2002 | J57: 2003 | K57: 2004 | L57: 2005 | M57: 2006 | N57: 2007 | O57: 2008 | P57: 2009 | Q57: 2010 | R57: 2011 | S57: 2012 | T57: 2013 | U57: 2014 | V57: 2015 | W57: 2016 | X57: 2017 | Y57: 2018 | Z57: 2019 | AA57: 2020 | AB57: 2021 | AC57: 2022 | AD57: 2023 | AE57: 2024 | AF57: 2025 | AG57: 2026 | AH57: 2027 | AI57: 2028 | AJ57: 2029 | AK57: 2030 | AL57: 2031 | AM57: 2032 | AN57: 2033 | AO57: 2034 | AP57: 2035 | AQ57: 2036 | AR57: 2037 | AS57: 2038 | AT57: 2039 | AU57: 2040 | AV57: 2041 | AW57: 2042 | AX57: 2043 | AY57: 2044 | AZ57: 2045 | BA57: 2046 | BB57: 2047 | BC57: 2048 | BD57: 2049 | BE57: 2050
A58: ='Population Definitions'!$A$2 -> PWID_males | B58: Framework-supplied default | C58: Rate (per year) | E58: 0 | F58: OR
A59: ='Population Definitions'!$A$3 -> PWID_females | B59: Framework-supplied default | C59: Rate (per year) | E59: 0 | F59: OR
A60: ='Population Definitions'!$A$4 -> 0-9_males | B60: Framework-supplied default | C60: Rate (per year) | E60: 0 | F60: OR
A61: ='Population Definitions'!$A$5 -> 0-9_females | B61: Framework-supplied default | C61: Rate (per year) | E61: 0 | F61: OR
A62: ='Population Definitions'!$A$6 -> 10-17_males | B62: Framework-supplied default | C62: Rate (per year) | E62: 0 | F62: OR
A63: ='Population Definitions'!$A$7 -> 10-17_females | B63: Framework-supplied default | C63: Rate (per year) | E63: 0 | F63: OR
A64: ='Population Definitions'!$A$8 -> 18-64_males | B64: Framework-supplied default | C64: Rate (per year) | E64: 0 | F64: OR
A65: ='Population Definitions'!$A$9 -> 18-64_females | B65: Framework-supplied default | C65: Rate (per year) | E65: 0 | F65: OR
A66: ='Population Definitions'!$A$10 -> 65+_males | B66: Framework-supplied default | C66: Rate (per year) | E66: 0 | F66: OR
A67: ='Population Definitions'!$A$11 -> 65+_females | B67: Framework-supplied default | C67: Rate (per year) | E67: 0 | F67: OR
A68: ='Population Definitions'!$A$12 -> Prisoners_males | B68: Framework-supplied default | C68: Rate (per year) | E68: 0 | F68: OR
A69: ='Population Definitions'!$A$13 -> Prisoners_females | B69: Framework-supplied default | C69: Rate (per year) | E69: 0 | F69: OR
A71: Re-engagement in care after treatment initiation, F3+ | B71: Provenance | C71: Units | D71: Uncertainty | E71: Constant | G71: 2000 | H71: 2001 | I71: 2002 | J71: 2003 | K71: 2004 | L71: 2005 | M71: 2006 | N71: 2007 | O71: 2008 | P71: 2009 | Q71: 2010 | R71: 2011 | S71: 2012 | T71: 2013 | U71: 2014 | V71: 2015 | W71: 2016 | X71: 2017 | Y71: 2018 | Z71: 2019 | AA71: 2020 | AB71: 2021 | AC71: 2022 | AD71: 2023 | AE71: 2024 | AF71: 2025 | AG71: 2026 | AH71: 2027 | AI71: 2028 | AJ71: 2029 | AK71: 2030 | AL71: 2031 | AM71: 2032 | AN71: 2033 | AO71: 2034 | AP71: 2035 | AQ71: 2036 | AR71: 2037 | AS71: 2038 | AT71: 2039 | AU71: 2040 | AV71: 2041 | AW71: 2042 | AX71: 2043 | AY71: 2044 | AZ71: 2045 | BA71: 2046 | BB71: 2047 | BC71: 2048 | BD71: 2049 | BE71: 2050
A72: ='Population Definitions'!$A$2 -> PWID_males | B72: Framework-supplied default | C72: Rate (per year) | E72: 0 | F72: OR
A73: ='Population Definitions'!$A$3 -> PWID_females | B73: Framework-supplied default | C73: Rate (per year) | E73: 0 | F73: OR
A74: ='Population Definitions'!$A$4 -> 0-9_males | B74: Framework-supplied default | C74: Rate (per year) | E74: 0 | F74: OR
A75: ='Population Definitions'!$A$5 -> 0-9_females | B75: Framework-supplied default | C75: Rate (per year) | E75: 0 | F75: OR
A76: ='Population Definitions'!$A$6 -> 10-17_males | B76: Framework-supplied default | C76: Rate (per year) | E76: 0 | F76: OR
A77: ='Population Definitions'!$A$7 -> 10-17_females | B77: Framework-supplied default | C77: Rate (per year) | E77: 0 | F77: OR
A78: ='Population Definitions'!$A$8 -> 18-64_males | B78: Framework-supplied default | C78: Rate (per year) | E78: 0 | F78: OR
A79: ='Population Definitions'!$A$9 -> 18-64_females | B79: Framework-supplied default | C79: Rate (per year) | E79: 0 | F79: OR
A80: ='Population Definitions'!$A$10 -> 65+_males | B80: Framework-supplied default | C80: Rate (per year) | E80: 0 | F80: OR
A81: ='Population Definitions'!$A$11 -> 65+_females | B81: Framework-supplied default | C81: Rate (per year) | E81: 0 | F81: OR
A82: ='Population Definitions'!$A$12 -> Prisoners_males | B82: Framework-supplied default | C82: Rate (per year) | E82: 0 | F82: OR
A83: ='Population Definitions'!$A$13 -> Prisoners_females | B83: Framework-supplied default | C83: Rate (per year) | E83: 0 | F83: OR
A85: RNA re-engagement in care, F0-F2, lost to follow up after Ab test | B85: Provenance | C85: Units | D85: Uncertainty | E85: Constant | G85: 2000 | H85: 2001 | I85: 2002 | J85: 2003 | K85: 2004 | L85: 2005 | M85: 2006 | N85: 2007 | O85: 2008 | P85: 2009 | Q85: 2010 | R85: 2011 | S85: 2012 | T85: 2013 | U85: 2014 | V85: 2015 | W85: 2016 | X85: 2017 | Y85: 2018 | Z85: 2019 | AA85: 2020 | AB85: 2021 | AC85: 2022 | AD85: 2023 | AE85: 2024 | AF85: 2025 | AG85: 2026 | AH85: 2027 | AI85: 2028 | AJ85: 2029 | AK85: 2030 | AL85: 2031 | AM85: 2032 | AN85: 2033 | AO85: 2034 | AP85: 2035 | AQ85: 2036 | AR85: 2037 | AS85: 2038 | AT85: 2039 | AU85: 2040 | AV85: 2041 | AW85: 2042 | AX85: 2043 | AY85: 2044 | AZ85: 2045 | BA85: 2046 | BB85: 2047 | BC85: 2048 | BD85: 2049 | BE85: 2050
A86: ='Population Definitions'!$A$2 -> PWID_males | B86: Framework-supplied default | C86: Rate (per year) | E86: 0 | F86: OR
A87: ='Population Definitions'!$A$3 -> PWID_females | B87: Framework-supplied default | C87: Rate (per year) | E87: 0 | F87: OR
A88: ='Population Definitions'!$A$4 -> 0-9_males | B88: Framework-supplied default | C88: Rate (per year) | E88: 0 | F88: OR
A89: ='Population Definitions'!$A$5 -> 0-9_females | B89: Framework-supplied default | C89: Rate (per year) | E89: 0 | F89: OR
A90: ='Population Definitions'!$A$6 -> 10-17_males | B90: Framework-supplied default | C90: Rate (per year) | E90: 0 | F90: OR
A91: ='Population Definitions'!$A$7 -> 10-17_females | B91: Framework-supplied default | C91: Rate (per year) | E91: 0 | F91: OR
A92: ='Population Definitions'!$A$8 -> 18-64_males | B92: Framework-supplied default | C92: Rate (per year) | E92: 0 | F92: OR
A93: ='Population Definitions'!$A$9 -> 18-64_females | B93: Framework-supplied default | C93: Rate (per year) | E93: 0 | F93: OR
A94: ='Population Definitions'!$A$10 -> 65+_males | B94: Framework-supplied default | C94: Rate (per year) | E94: 0 | F94: OR
A95: ='Population Definitions'!$A$11 -> 65+_females | B95: Framework-supplied default | C95: Rate (per year) | E95: 0 | F95: OR
A96: ='Population Definitions'!$A$12 -> Prisoners_males | B96: Framework-supplied default | C96: Rate (per year) | E96: 0 | F96: OR
A97: ='Population Definitions'!$A$13 -> Prisoners_females | B97: Framework-supplied default | C97: Rate (per year) | E97: 0 | F97: OR
A99: RNA re-engagement in care, F3+, lost to follow up after Ab test | B99: Provenance | C99: Units | D99: Uncertainty | E99: Constant | G99: 2000 | H99: 2001 | I99: 2002 | J99: 2003 | K99: 2004 | L99: 2005 | M99: 2006 | N99: 2007 | O99: 2008 | P99: 2009 | Q99: 2010 | R99: 2011 | S99: 2012 | T99: 2013 | U99: 2014 | V99: 2015 | W99: 2016 | X99: 2017 | Y99: 2018 | Z99: 2019 | AA99: 2020 | AB99: 2021 | AC99: 2022 | AD99: 2023 | AE99: 2024 | AF99: 2025 | AG99: 2026 | AH99: 2027 | AI99: 2028 | AJ99: 2029 | AK99: 2030 | AL99: 2031 | AM99: 2032 | AN99: 2033 | AO99: 2034 | AP99: 2035 | AQ99: 2036 | AR99: 2037 | AS99: 2038 | AT99: 2039 | AU99: 2040 | AV99: 2041 | AW99: 2042 | AX99: 2043 | AY99: 2044 | AZ99: 2045 | BA99: 2046 | BB99: 2047 | BC99: 2048 | BD99: 2049 | BE99: 2050
A100: ='Population Definitions'!$A$2 -> PWID_males | B100: Framework-supplied default | C100: Rate (per year) | E100: 0 | F100: OR
A101: ='Population Definitions'!$A$3 -> PWID_females | B101: Framework-supplied default | C101: Rate (per year) | E101: 0 | F101: OR
A102: ='Population Definitions'!$A$4 -> 0-9_males | B102: Framework-supplied default | C102: Rate (per year) | E102: 0 | F102: OR
A103: ='Population Definitions'!$A$5 -> 0-9_females | B103: Framework-supplied default | C103: Rate (per year) | E103: 0 | F103: OR
A104: ='Population Definitions'!$A$6 -> 10-17_males | B104: Framework-supplied default | C104: Rate (per year) | E104: 0 | F104: OR
A105: ='Population Definitions'!$A$7 -> 10-17_females | B105: Framework-supplied default | C105: Rate (per year) | E105: 0 | F105: OR
A106: ='Population Definitions'!$A$8 -> 18-64_males | B106: Framework-supplied default | C106: Rate (per year) | E106: 0 | F106: OR
A107: ='Population Definitions'!$A$9 -> 18-64_females | B107: Framework-supplied default | C107: Rate (per year) | E107: 0 | F107: OR
...

Sheet Treatment
A1: Proportion of treatments allocated to each population pre-DAA | B1: Provenance | C1: Units | D1: Uncertainty | E1: Constant | G1: 2000 | H1: 2001 | I1: 2002 | J1: 2003 | K1: 2004 | L1: 2005 | M1: 2006 | N1: 2007 | O1: 2008 | P1: 2009 | Q1: 2010 | R1: 2011 | S1: 2012 | T1: 2013 | U1: 2014 | V1: 2015 | W1: 2016 | X1: 2017 | Y1: 2018 | Z1: 2019 | AA1: 2020 | AB1: 2021 | AC1: 2022 | AD1: 2023 | AE1: 2024 | AF1: 2025 | AG1: 2026 | AH1: 2027 | AI1: 2028 | AJ1: 2029 | AK1: 2030 | AL1: 2031 | AM1: 2032 | AN1: 2033 | AO1: 2034 | AP1: 2035 | AQ1: 2036 | AR1: 2037 | AS1: 2038 | AT1: 2039 | AU1: 2040 | AV1: 2041 | AW1: 2042 | AX1: 2043 | AY1: 2044 | AZ1: 2045 | BA1: 2046 | BB1: 2047 | BC1: 2048 | BD1: 2049 | BE1: 2050
A2: ='Population Definitions'!$A$2 -> PWID_males | C2: N.A. | E2: 0 | F2: OR
A3: ='Population Definitions'!$A$3 -> PWID_females | C3: N.A. | E3: 0 | F3: OR
A4: ='Population Definitions'!$A$4 -> 0-9_males | C4: N.A. | F4: OR | G4: 0 | U4: 0 | V4: 0
A5: ='Population Definitions'!$A$5 -> 0-9_females | C5: N.A. | F5: OR | G5: 0 | U5: 0 | V5: 0
A6: ='Population Definitions'!$A$6 -> 10-17_males | C6: N.A. | F6: OR | G6: 0 | U6: 0 | V6: 0
A7: ='Population Definitions'!$A$7 -> 10-17_females | C7: N.A. | F7: OR | G7: 0 | U7: 0 | V7: 0
A8: ='Population Definitions'!$A$8 -> 18-64_males | C8: N.A. | F8: OR | G8: 0 | U8: 0 | V8: 0
A9: ='Population Definitions'!$A$9 -> 18-64_females | C9: N.A. | F9: OR | G9: 0 | U9: 0 | V9: 0
A10: ='Population Definitions'!$A$10 -> 65+_males | C10: N.A. | F10: OR | G10: 0 | U10: 0 | V10: 0
A11: ='Population Definitions'!$A$11 -> 65+_females | C11: N.A. | F11: OR | G11: 0 | U11: 0 | V11: 0
A12: ='Population Definitions'!$A$12 -> Prisoners_males | C12: N.A. | E12: 0 | F12: OR
A13: ='Population Definitions'!$A$13 -> Prisoners_females | C13: N.A. | E13: 0 | F13: OR
A15: Proportion of treatments allocated to each population post-DAA | B15: Provenance | C15: Units | D15: Uncertainty | E15: Constant | G15: 2000 | H15: 2001 | I15: 2002 | J15: 2003 | K15: 2004 | L15: 2005 | M15: 2006 | N15: 2007 | O15: 2008 | P15: 2009 | Q15: 2010 | R15: 2011 | S15: 2012 | T15: 2013 | U15: 2014 | V15: 2015 | W15: 2016 | X15: 2017 | Y15: 2018 | Z15: 2019 | AA15: 2020 | AB15: 2021 | AC15: 2022 | AD15: 2023 | AE15: 2024 | AF15: 2025 | AG15: 2026 | AH15: 2027 | AI15: 2028 | AJ15: 2029 | AK15: 2030 | AL15: 2031 | AM15: 2032 | AN15: 2033 | AO15: 2034 | AP15: 2035 | AQ15: 2036 | AR15: 2037 | AS15: 2038 | AT15: 2039 | AU15: 2040 | AV15: 2041 | AW15: 2042 | AX15: 2043 | AY15: 2044 | AZ15: 2045 | BA15: 2046 | BB15: 2047 | BC15: 2048 | BD15: 2049 | BE15: 2050
A16: ='Population Definitions'!$A$2 -> PWID_males | C16: N.A. | E16: 0 | F16: OR
A17: ='Population Definitions'!$A$3 -> PWID_females | C17: N.A. | E17: 0 | F17: OR
A18: ='Population Definitions'!$A$4 -> 0-9_males | C18: N.A. | F18: OR | G18: 0 | U18: 0 | V18: 0
A19: ='Population Definitions'!$A$5 -> 0-9_females | C19: N.A. | F19: OR | G19: 0 | U19: 0 | V19: 0
A20: ='Population Definitions'!$A$6 -> 10-17_males | C20: N.A. | F20: OR | G20: 0 | U20: 0 | V20: 0
A21: ='Population Definitions'!$A$7 -> 10-17_females | C21: N.A. | F21: OR | G21: 0 | U21: 0 | V21: 0
A22: ='Population Definitions'!$A$8 -> 18-64_males | C22: N.A. | F22: OR | G22: 0 | U22: 0 | V22: 0
A23: ='Population Definitions'!$A$9 -> 18-64_females | C23: N.A. | F23: OR | G23: 0 | U23: 0 | V23: 0
A24: ='Population Definitions'!$A$10 -> 65+_males | C24: N.A. | F24: OR | G24: 0 | U24: 0 | V24: 0
A25: ='Population Definitions'!$A$11 -> 65+_females | C25: N.A. | F25: OR | G25: 0 | U25: 0 | V25: 0
A26: ='Population Definitions'!$A$12 -> Prisoners_males | C26: N.A. | E26: 0 | F26: OR
A27: ='Population Definitions'!$A$13 -> Prisoners_females | C27: N.A. | E27: 0 | F27: OR
A29: Proportion of treatments allocated to each population pre-DAA (PWID and Prisoners) | B29: Provenance | C29: Units | D29: Uncertainty | E29: Constant | G29: 2000 | H29: 2001 | I29: 2002 | J29: 2003 | K29: 2004 | L29: 2005 | M29: 2006 | N29: 2007 | O29: 2008 | P29: 2009 | Q29: 2010 | R29: 2011 | S29: 2012 | T29: 2013 | U29: 2014 | V29: 2015 | W29: 2016 | X29: 2017 | Y29: 2018 | Z29: 2019 | AA29: 2020 | AB29: 2021 | AC29: 2022 | AD29: 2023 | AE29: 2024 | AF29: 2025 | AG29: 2026 | AH29: 2027 | AI29: 2028 | AJ29: 2029 | AK29: 2030 | AL29: 2031 | AM29: 2032 | AN29: 2033 | AO29: 2034 | AP29: 2035 | AQ29: 2036 | AR29: 2037 | AS29: 2038 | AT29: 2039 | AU29: 2040 | AV29: 2041 | AW29: 2042 | AX29: 2043 | AY29: 2044 | AZ29: 2045 | BA29: 2046 | BB29: 2047 | BC29: 2048 | BD29: 2049 | BE29: 2050
A30: ='Population Definitions'!$A$2 -> PWID_males | C30: N.A. | F30: OR | G30: 0.76556611 | U30: 0.76556611 | V30: 0
A31: ='Population Definitions'!$A$3 -> PWID_females | C31: N.A. | F31: OR | G31: 0.23443389 | U31: 0.23443389 | V31: 0
A32: ='Population Definitions'!$A$4 -> 0-9_males | C32: N.A. | E32: 0 | F32: OR
A33: ='Population Definitions'!$A$5 -> 0-9_females | C33: N.A. | E33: 0 | F33: OR
A34: ='Population Definitions'!$A$6 -> 10-17_males | C34: N.A. | E34: 0 | F34: OR
A35: ='Population Definitions'!$A$7 -> 10-17_females | C35: N.A. | E35: 0 | F35: OR
A36: ='Population Definitions'!$A$8 -> 18-64_males | C36: N.A. | E36: 0 | F36: OR
A37: ='Population Definitions'!$A$9 -> 18-64_females | C37: N.A. | E37: 0 | F37: OR
A38: ='Population Definitions'!$A$10 -> 65+_males | C38: N.A. | E38: 0 | F38: OR
A39: ='Population Definitions'!$A$11 -> 65+_females | C39: N.A. | E39: 0 | F39: OR
A40: ='Population Definitions'!$A$12 -> Prisoners_males | C40: N.A. | E40: 0 | F40: OR
A41: ='Population Definitions'!$A$13 -> Prisoners_females | C41: N.A. | E41: 0 | F41: OR
A43: Proportion of treatments allocated to each population post-DAA (PWID and Prisoners) | B43: Provenance | C43: Units | D43: Uncertainty | E43: Constant | G43: 2000 | H43: 2001 | I43: 2002 | J43: 2003 | K43: 2004 | L43: 2005 | M43: 2006 | N43: 2007 | O43: 2008 | P43: 2009 | Q43: 2010 | R43: 2011 | S43: 2012 | T43: 2013 | U43: 2014 | V43: 2015 | W43: 2016 | X43: 2017 | Y43: 2018 | Z43: 2019 | AA43: 2020 | AB43: 2021 | AC43: 2022 | AD43: 2023 | AE43: 2024 | AF43: 2025 | AG43: 2026 | AH43: 2027 | AI43: 2028 | AJ43: 2029 | AK43: 2030 | AL43: 2031 | AM43: 2032 | AN43: 2033 | AO43: 2034 | AP43: 2035 | AQ43: 2036 | AR43: 2037 | AS43: 2038 | AT43: 2039 | AU43: 2040 | AV43: 2041 | AW43: 2042 | AX43: 2043 | AY43: 2044 | AZ43: 2045 | BA43: 2046 | BB43: 2047 | BC43: 2048 | BD43: 2049 | BE43: 2050
A44: ='Population Definitions'!$A$2 -> PWID_males | C44: N.A. | F44: OR | G44: 0 | U44: 0 | V44: 0.76556611
A45: ='Population Definitions'!$A$3 -> PWID_females | C45: N.A. | F45: OR | G45: 0 | U45: 0 | V45: 0.23443389
A46: ='Population Definitions'!$A$4 -> 0-9_males | C46: N.A. | E46: 0 | F46: OR
A47: ='Population Definitions'!$A$5 -> 0-9_females | C47: N.A. | E47: 0 | F47: OR
A48: ='Population Definitions'!$A$6 -> 10-17_males | C48: N.A. | E48: 0 | F48: OR
A49: ='Population Definitions'!$A$7 -> 10-17_females | C49: N.A. | E49: 0 | F49: OR
A50: ='Population Definitions'!$A$8 -> 18-64_males | C50: N.A. | E50: 0 | F50: OR
A51: ='Population Definitions'!$A$9 -> 18-64_females | C51: N.A. | E51: 0 | F51: OR
A52: ='Population Definitions'!$A$10 -> 65+_males | C52: N.A. | E52: 0 | F52: OR
A53: ='Population Definitions'!$A$11 -> 65+_females | C53: N.A. | E53: 0 | F53: OR
A54: ='Population Definitions'!$A$12 -> Prisoners_males | C54: N.A. | E54: 0 | F54: OR
A55: ='Population Definitions'!$A$13 -> Prisoners_females | C55: N.A. | E55: 0 | F55: OR
A57: Average treatment duration | B57: Provenance | C57: Units | D57: Uncertainty | E57: Constant | G57: 2000 | H57: 2001 | I57: 2002 | J57: 2003 | K57: 2004 | L57: 2005 | M57: 2006 | N57: 2007 | O57: 2008 | P57: 2009 | Q57: 2010 | R57: 2011 | S57: 2012 | T57: 2013 | U57: 2014 | V57: 2015 | W57: 2016 | X57: 2017 | Y57: 2018 | Z57: 2019 | AA57: 2020 | AB57: 2021 | AC57: 2022 | AD57: 2023 | AE57: 2024 | AF57: 2025 | AG57: 2026 | AH57: 2027 | AI57: 2028 | AJ57: 2029 | AK57: 2030 | AL57: 2031 | AM57: 2032 | AN57: 2033 | AO57: 2034 | AP57: 2035 | AQ57: 2036 | AR57: 2037 | AS57: 2038 | AT57: 2039 | AU57: 2040 | AV57: 2041 | AW57: 2042 | AX57: 2043 | AY57: 2044 | AZ57: 2045 | BA57: 2046 | BB57: 2047 | BC57: 2048 | BD57: 2049 | BE57: 2050
A58: ='Population Definitions'!$A$2 -> PWID_males | C58: Duration (years) | F58: OR | V58: 0.46 | W58: 0.23
A59: ='Population Definitions'!$A$3 -> PWID_females | C59: Duration (years) | F59: OR | V59: 0.46 | W59: 0.23
A60: ='Population Definitions'!$A$4 -> 0-9_males | C60: Duration (years) | F60: OR | V60: 0.46 | W60: 0.23
A61: ='Population Definitions'!$A$5 -> 0-9_females | C61: Duration (years) | F61: OR | V61: 0.46 | W61: 0.23
A62: ='Population Definitions'!$A$6 -> 10-17_males | C62: Duration (years) | F62: OR | V62: 0.46 | W62: 0.23
A63: ='Population Definitions'!$A$7 -> 10-17_females | C63: Duration (years) | F63: OR | V63: 0.46 | W63: 0.23
A64: ='Population Definitions'!$A$8 -> 18-64_males | C64: Duration (years) | F64: OR | V64: 0.46 | W64: 0.23
A65: ='Population Definitions'!$A$9 -> 18-64_females | C65: Duration (years) | F65: OR | V65: 0.46 | W65: 0.23
A66: ='Population Definitions'!$A$10 -> 65+_males | C66: Duration (years) | F66: OR | V66: 0.46 | W66: 0.23
A67: ='Population Definitions'!$A$11 -> 65+_females | C67: Duration (years) | F67: OR | V67: 0.46 | W67: 0.23
A68: ='Population Definitions'!$A$12 -> Prisoners_males | C68: Duration (years) | F68: OR | V68: 0.46 | W68: 0.23
A69: ='Population Definitions'!$A$13 -> Prisoners_females | C69: Duration (years) | F69: OR | V69: 0.46 | W69: 0.23
A71: Probability of achieving SVR | B71: Provenance | C71: Units | D71: Uncertainty | E71: Constant | G71: 2000 | H71: 2001 | I71: 2002 | J71: 2003 | K71: 2004 | L71: 2005 | M71: 2006 | N71: 2007 | O71: 2008 | P71: 2009 | Q71: 2010 | R71: 2011 | S71: 2012 | T71: 2013 | U71: 2014 | V71: 2015 | W71: 2016 | X71: 2017 | Y71: 2018 | Z71: 2019 | AA71: 2020 | AB71: 2021 | AC71: 2022 | AD71: 2023 | AE71: 2024 | AF71: 2025 | AG71: 2026 | AH71: 2027 | AI71: 2028 | AJ71: 2029 | AK71: 2030 | AL71: 2031 | AM71: 2032 | AN71: 2033 | AO71: 2034 | AP71: 2035 | AQ71: 2036 | AR71: 2037 | AS71: 2038 | AT71: 2039 | AU71: 2040 | AV71: 2041 | AW71: 2042 | AX71: 2043 | AY71: 2044 | AZ71: 2045 | BA71: 2046 | BB71: 2047 | BC71: 2048 | BD71: 2049 | BE71: 2050
A72: ='Population Definitions'!$A$2 -> PWID_males | C72: Proportion | F72: OR | V72: 0.5 | W72: 0.95
A73: ='Population Definitions'!$A$3 -> PWID_females | C73: Proportion | F73: OR | V73: 0.5 | W73: 0.95
A74: ='Population Definitions'!$A$4 -> 0-9_males | C74: Proportion | F74: OR | V74: 0.5 | W74: 0.95
A75: ='Population Definitions'!$A$5 -> 0-9_females | C75: Proportion | F75: OR | V75: 0.5 | W75: 0.95
A76: ='Population Definitions'!$A$6 -> 10-17_males | C76: Proportion | F76: OR | V76: 0.5 | W76: 0.95
A77: ='Population Definitions'!$A$7 -> 10-17_females | C77: Proportion | F77: OR | V77: 0.5 | W77: 0.95
A78: ='Population Definitions'!$A$8 -> 18-64_males | C78: Proportion | F78: OR | V78: 0.5 | W78: 0.95
A79: ='Population Definitions'!$A$9 -> 18-64_females | C79: Proportion | F79: OR | V79: 0.5 | W79: 0.95
A80: ='Population Definitions'!$A$10 -> 65+_males | C80: Proportion | F80: OR | V80: 0.5 | W80: 0.95
A81: ='Population Definitions'!$A$11 -> 65+_females | C81: Proportion | F81: OR | V81: 0.5 | W81: 0.95
A82: ='Population Definitions'!$A$12 -> Prisoners_males | C82: Proportion | F82: OR | V82: 0.5 | W82: 0.95
A83: ='Population Definitions'!$A$13 -> Prisoners_females | C83: Proportion | F83: OR | V83: 0.5 | W83: 0.95
A85: Proportion of treatments that are retreatments due to failure | B85: Provenance | C85: Units | D85: Uncertainty | E85: Constant | G85: 2000 | H85: 2001 | I85: 2002 | J85: 2003 | K85: 2004 | L85: 2005 | M85: 2006 | N85: 2007 | O85: 2008 | P85: 2009 | Q85: 2010 | R85: 2011 | S85: 2012 | T85: 2013 | U85: 2014 | V85: 2015 | W85: 2016 | X85: 2017 | Y85: 2018 | Z85: 2019 | AA85: 2020 | AB85: 2021 | AC85: 2022 | AD85: 2023 | AE85: 2024 | AF85: 2025 | AG85: 2026 | AH85: 2027 | AI85: 2028 | AJ85: 2029 | AK85: 2030 | AL85: 2031 | AM85: 2032 | AN85: 2033 | AO85: 2034 | AP85: 2035 | AQ85: 2036 | AR85: 2037 | AS85: 2038 | AT85: 2039 | AU85: 2040 | AV85: 2041 | AW85: 2042 | AX85: 2043 | AY85: 2044 | AZ85: 2045 | BA85: 2046 | BB85: 2047 | BC85: 2048 | BD85: 2049 | BE85: 2050
A86: ='Population Definitions'!$A$2 -> PWID_males | B86: Framework-supplied default | C86: Proportion | E86: 0 | F86: OR
A87: ='Population Definitions'!$A$3 -> PWID_females | B87: Framework-supplied default | C87: Proportion | E87: 0 | F87: OR
A88: ='Population Definitions'!$A$4 -> 0-9_males | B88: Framework-supplied default | C88: Proportion | E88: 0 | F88: OR
A89: ='Population Definitions'!$A$5 -> 0-9_females | B89: Framework-supplied default | C89: Proportion | E89: 0 | F89: OR
A90: ='Population Definitions'!$A$6 -> 10-17_males | B90: Framework-supplied default | C90: Proportion | E90: 0 | F90: OR
A91: ='Population Definitions'!$A$7 -> 10-17_females | B91: Framework-supplied default | C91: Proportion | E91: 0 | F91: OR
A92: ='Population Definitions'!$A$8 -> 18-64_males | B92: Framework-supplied default | C92: Proportion | E92: 0 | F92: OR
A93: ='Population Definitions'!$A$9 -> 18-64_females | B93: Framework-supplied default | C93: Proportion | E93: 0 | F93: OR
A94: ='Population Definitions'!$A$10 -> 65+_males | B94: Framework-supplied default | C94: Proportion | E94: 0 | F94: OR
A95: ='Population Definitions'!$A$11 -> 65+_females | B95: Framework-supplied default | C95: Proportion | E95: 0 | F95: OR
A96: ='Population Definitions'!$A$12 -> Prisoners_males | B96: Framework-supplied default | C96: Proportion | E96: 0 | F96: OR
A97: ='Population Definitions'!$A$13 -> Prisoners_females | B97: Framework-supplied default | C97: Proportion | E97: 0 | F97: OR

Sheet Liver Transplant
A1: DC to liver transplant rate | B1: Provenance | C1: Units | D1: Uncertainty | E1: Constant | G1: 2000 | H1: 2001 | I1: 2002 | J1: 2003 | K1: 2004 | L1: 2005 | M1: 2006 | N1: 2007 | O1: 2008 | P1: 2009 | Q1: 2010 | R1: 2011 | S1: 2012 | T1: 2013 | U1: 2014 | V1: 2015 | W1: 2016 | X1: 2017 | Y1: 2018 | Z1: 2019 | AA1: 2020 | AB1: 2021 | AC1: 2022 | AD1: 2023 | AE1: 2024 | AF1: 2025 | AG1: 2026 | AH1: 2027 | AI1: 2028 | AJ1: 2029 | AK1: 2030 | AL1: 2031 | AM1: 2032 | AN1: 2033 | AO1: 2034 | AP1: 2035 | AQ1: 2036 | AR1: 2037 | AS1: 2038 | AT1: 2039 | AU1: 2040 | AV1: 2041 | AW1: 2042 | AX1: 2043 | AY1: 2044 | AZ1: 2045 | BA1: 2046 | BB1: 2047 | BC1: 2048 | BD1: 2049 | BE1: 2050
A2: ='Population Definitions'!$A$2 -> PWID_males | C2: Rate (per year) | E2: 0.45 | F2: OR
A3: ='Population Definitions'!$A$3 -> PWID_females | C3: Rate (per year) | E3: 0.45 | F3: OR
A4: ='Population Definitions'!$A$4 -> 0-9_males | C4: Rate (per year) | E4: 0.45 | F4: OR
A5: ='Population Definitions'!$A$5 -> 0-9_females | C5: Rate (per year) | E5: 0.45 | F5: OR
A6: ='Population Definitions'!$A$6 -> 10-17_males | C6: Rate (per year) | E6: 0.45 | F6: OR
A7: ='Population Definitions'!$A$7 -> 10-17_females | C7: Rate (per year) | E7: 0.45 | F7: OR
A8: ='Population Definitions'!$A$8 -> 18-64_males | C8: Rate (per year) | E8: 0.45 | F8: OR
A9: ='Population Definitions'!$A$9 -> 18-64_females | C9: Rate (per year) | E9: 0.45 | F9: OR
A10: ='Population Definitions'!$A$10 -> 65+_males | C10: Rate (per year) | E10: 0.45 | F10: OR
A11: ='Population Definitions'!$A$11 -> 65+_females | C11: Rate (per year) | E11: 0.45 | F11: OR
A12: ='Population Definitions'!$A$12 -> Prisoners_males | C12: Rate (per year) | E12: 0.45 | F12: OR
A13: ='Population Definitions'!$A$13 -> Prisoners_females | C13: Rate (per year) | E13: 0.45 | F13: OR
A15: HCC to liver transplant rate | B15: Provenance | C15: Units | D15: Uncertainty | E15: Constant | G15: 2000 | H15: 2001 | I15: 2002 | J15: 2003 | K15: 2004 | L15: 2005 | M15: 2006 | N15: 2007 | O15: 2008 | P15: 2009 | Q15: 2010 | R15: 2011 | S15: 2012 | T15: 2013 | U15: 2014 | V15: 2015 | W15: 2016 | X15: 2017 | Y15: 2018 | Z15: 2019 | AA15: 2020 | AB15: 2021 | AC15: 2022 | AD15: 2023 | AE15: 2024 | AF15: 2025 | AG15: 2026 | AH15: 2027 | AI15: 2028 | AJ15: 2029 | AK15: 2030 | AL15: 2031 | AM15: 2032 | AN15: 2033 | AO15: 2034 | AP15: 2035 | AQ15: 2036 | AR15: 2037 | AS15: 2038 | AT15: 2039 | AU15: 2040 | AV15: 2041 | AW15: 2042 | AX15: 2043 | AY15: 2044 | AZ15: 2045 | BA15: 2046 | BB15: 2047 | BC15: 2048 | BD15: 2049 | BE15: 2050
A16: ='Population Definitions'!$A$2 -> PWID_males | C16: Rate (per year) | E16: 0.328548 | F16: OR
A17: ='Population Definitions'!$A$3 -> PWID_females | C17: Rate (per year) | E17: 0.328548 | F17: OR
A18: ='Population Definitions'!$A$4 -> 0-9_males | C18: Rate (per year) | E18: 0.328548 | F18: OR
A19: ='Population Definitions'!$A$5 -> 0-9_females | C19: Rate (per year) | E19: 0.328548 | F19: OR
A20: ='Population Definitions'!$A$6 -> 10-17_males | C20: Rate (per year) | E20: 0.328548 | F20: OR
A21: ='Population Definitions'!$A$7 -> 10-17_females | C21: Rate (per year) | E21: 0.328548 | F21: OR
A22: ='Population Definitions'!$A$8 -> 18-64_males | C22: Rate (per year) | E22: 0.328548 | F22: OR
A23: ='Population Definitions'!$A$9 -> 18-64_females | C23: Rate (per year) | E23: 0.328548 | F23: OR
A24: ='Population Definitions'!$A$10 -> 65+_males | C24: Rate (per year) | E24: 0.328548 | F24: OR
A25: ='Population Definitions'!$A$11 -> 65+_females | C25: Rate (per year) | E25: 0.328548 | F25: OR
A26: ='Population Definitions'!$A$12 -> Prisoners_males | C26: Rate (per year) | E26: 0.328548 | F26: OR
A27: ='Population Definitions'!$A$13 -> Prisoners_females | C27: Rate (per year) | E27: 0.328548 | F27: OR
A29: DC liver transplant 1 to 2+ years ago rate | B29: Provenance | C29: Units | D29: Uncertainty | E29: Constant | G29: 2000 | H29: 2001 | I29: 2002 | J29: 2003 | K29: 2004 | L29: 2005 | M29: 2006 | N29: 2007 | O29: 2008 | P29: 2009 | Q29: 2010 | R29: 2011 | S29: 2012 | T29: 2013 | U29: 2014 | V29: 2015 | W29: 2016 | X29: 2017 | Y29: 2018 | Z29: 2019 | AA29: 2020 | AB29: 2021 | AC29: 2022 | AD29: 2023 | AE29: 2024 | AF29: 2025 | AG29: 2026 | AH29: 2027 | AI29: 2028 | AJ29: 2029 | AK29: 2030 | AL29: 2031 | AM29: 2032 | AN29: 2033 | AO29: 2034 | AP29: 2035 | AQ29: 2036 | AR29: 2037 | AS29: 2038 | AT29: 2039 | AU29: 2040 | AV29: 2041 | AW29: 2042 | AX29: 2043 | AY29: 2044 | AZ29: 2045 | BA29: 2046 | BB29: 2047 | BC29: 2048 | BD29: 2049 | BE29: 2050
A30: ='Population Definitions'!$A$2 -> PWID_males | B30: Framework-supplied default | C30: Duration (years) | E30: 1 | F30: OR
A31: ='Population Definitions'!$A$3 -> PWID_females | B31: Framework-supplied default | C31: Duration (years) | E31: 1 | F31: OR
A32: ='Population Definitions'!$A$4 -> 0-9_males | B32: Framework-supplied default | C32: Duration (years) | E32: 1 | F32: OR
A33: ='Population Definitions'!$A$5 -> 0-9_females | B33: Framework-supplied default | C33: Duration (years) | E33: 1 | F33: OR
A34: ='Population Definitions'!$A$6 -> 10-17_males | B34: Framework-supplied default | C34: Duration (years) | E34: 1 | F34: OR
A35: ='Population Definitions'!$A$7 -> 10-17_females | B35: Framework-supplied default | C35: Duration (years) | E35: 1 | F35: OR
A36: ='Population Definitions'!$A$8 -> 18-64_males | B36: Framework-supplied default | C36: Duration (years) | E36: 1 | F36: OR
A37: ='Population Definitions'!$A$9 -> 18-64_females | B37: Framework-supplied default | C37: Duration (years) | E37: 1 | F37: OR
A38: ='Population Definitions'!$A$10 -> 65+_males | B38: Framework-supplied default | C38: Duration (years) | E38: 1 | F38: OR
A39: ='Population Definitions'!$A$11 -> 65+_females | B39: Framework-supplied default | C39: Duration (years) | E39: 1 | F39: OR
A40: ='Population Definitions'!$A$12 -> Prisoners_males | B40: Framework-supplied default | C40: Duration (years) | E40: 1 | F40: OR
A41: ='Population Definitions'!$A$13 -> Prisoners_females | B41: Framework-supplied default | C41: Duration (years) | E41: 1 | F41: OR
A43: HCC liver transplant 1 to 2+ years ago rate | B43: Provenance | C43: Units | D43: Uncertainty | E43: Constant | G43: 2000 | H43: 2001 | I43: 2002 | J43: 2003 | K43: 2004 | L43: 2005 | M43: 2006 | N43: 2007 | O43: 2008 | P43: 2009 | Q43: 2010 | R43: 2011 | S43: 2012 | T43: 2013 | U43: 2014 | V43: 2015 | W43: 2016 | X43: 2017 | Y43: 2018 | Z43: 2019 | AA43: 2020 | AB43: 2021 | AC43: 2022 | AD43: 2023 | AE43: 2024 | AF43: 2025 | AG43: 2026 | AH43: 2027 | AI43: 2028 | AJ43: 2029 | AK43: 2030 | AL43: 2031 | AM43: 2032 | AN43: 2033 | AO43: 2034 | AP43: 2035 | AQ43: 2036 | AR43: 2037 | AS43: 2038 | AT43: 2039 | AU43: 2040 | AV43: 2041 | AW43: 2042 | AX43: 2043 | AY43: 2044 | AZ43: 2045 | BA43: 2046 | BB43: 2047 | BC43: 2048 | BD43: 2049 | BE43: 2050
A44: ='Population Definitions'!$A$2 -> PWID_males | B44: Framework-supplied default | C44: Duration (years) | E44: 1 | F44: OR
A45: ='Population Definitions'!$A$3 -> PWID_females | B45: Framework-supplied default | C45: Duration (years) | E45: 1 | F45: OR
A46: ='Population Definitions'!$A$4 -> 0-9_males | B46: Framework-supplied default | C46: Duration (years) | E46: 1 | F46: OR
A47: ='Population Definitions'!$A$5 -> 0-9_females | B47: Framework-supplied default | C47: Duration (years) | E47: 1 | F47: OR
A48: ='Population Definitions'!$A$6 -> 10-17_males | B48: Framework-supplied default | C48: Duration (years) | E48: 1 | F48: OR
A49: ='Population Definitions'!$A$7 -> 10-17_females | B49: Framework-supplied default | C49: Duration (years) | E49: 1 | F49: OR
A50: ='Population Definitions'!$A$8 -> 18-64_males | B50: Framework-supplied default | C50: Duration (years) | E50: 1 | F50: OR
A51: ='Population Definitions'!$A$9 -> 18-64_females | B51: Framework-supplied default | C51: Duration (years) | E51: 1 | F51: OR
A52: ='Population Definitions'!$A$10 -> 65+_males | B52: Framework-supplied default | C52: Duration (years) | E52: 1 | F52: OR
A53: ='Population Definitions'!$A$11 -> 65+_females | B53: Framework-supplied default | C53: Duration (years) | E53: 1 | F53: OR
A54: ='Population Definitions'!$A$12 -> Prisoners_males | B54: Framework-supplied default | C54: Duration (years) | E54: 1 | F54: OR
A55: ='Population Definitions'!$A$13 -> Prisoners_females | B55: Framework-supplied default | C55: Duration (years) | E55: 1 | F55: OR

Sheet Overall Indicators
A1: Percent diagnosed Ab or RNA (ever) | B1: Provenance | C1: Units | D1: Uncertainty | E1: 2000 | F1: 2001 | G1: 2002 | H1: 2003 | I1: 2004 | J1: 2005 | K1: 2006 | L1: 2007 | M1: 2008 | N1: 2009 | O1: 2010 | P1: 2011 | Q1: 2012 | R1: 2013 | S1: 2014 | T1: 2015 | U1: 2016 | V1: 2017 | W1: 2018 | X1: 2019 | Y1: 2020 | Z1: 2021 | AA1: 2022 | AB1: 2023 | AC1: 2024 | AD1: 2025 | AE1: 2026 | AF1: 2027 | AG1: 2028 | AH1: 2029 | AI1: 2030 | AJ1: 2031 | AK1: 2032 | AL1: 2033 | AM1: 2034 | AN1: 2035 | AO1: 2036 | AP1: 2037 | AQ1: 2038 | AR1: 2039 | AS1: 2040 | AT1: 2041 | AU1: 2042 | AV1: 2043 | AW1: 2044 | AX1: 2045 | AY1: 2046 | AZ1: 2047 | BA1: 2048 | BB1: 2049 | BC1: 2050
A2: ='Population Definitions'!$A$2 -> PWID_males | C2: Fraction | E2: 0
A3: ='Population Definitions'!$A$3 -> PWID_females | C3: Fraction | E3: 0
A4: ='Population Definitions'!$A$4 -> 0-9_males | C4: Fraction | E4: 0
A5: ='Population Definitions'!$A$5 -> 0-9_females | C5: Fraction | E5: 0
A6: ='Population Definitions'!$A$6 -> 10-17_males | C6: Fraction | E6: 0
A7: ='Population Definitions'!$A$7 -> 10-17_females | C7: Fraction | E7: 0
A8: ='Population Definitions'!$A$8 -> 18-64_males | C8: Fraction | E8: 0
A9: ='Population Definitions'!$A$9 -> 18-64_females | C9: Fraction | E9: 0
A10: ='Population Definitions'!$A$10 -> 65+_males | C10: Fraction | E10: 0
A11: ='Population Definitions'!$A$11 -> 65+_females | C11: Fraction | E11: 0
A12: ='Population Definitions'!$A$12 -> Prisoners_males | C12: Fraction | E12: 0
A13: ='Population Definitions'!$A$13 -> Prisoners_females | C13: Fraction | E13: 0
A14: Total | C14: Fraction | E14: 0.0016666667 | T14: 0.005 | U14: 0.005 | V14: 0.005 | W14: 0.005 | X14: 0.005 | Y14: 0.005 | Z14: 0.005 | AA14: 0.005 | AB14: 0.005
A16: Number of treatments | B16: Provenance | C16: Units | D16: Uncertainty | E16: Constant | G16: 2000 | H16: 2001 | I16: 2002 | J16: 2003 | K16: 2004 | L16: 2005 | M16: 2006 | N16: 2007 | O16: 2008 | P16: 2009 | Q16: 2010 | R16: 2011 | S16: 2012 | T16: 2013 | U16: 2014 | V16: 2015 | W16: 2016 | X16: 2017 | Y16: 2018 | Z16: 2019 | AA16: 2020 | AB16: 2021 | AC16: 2022 | AD16: 2023 | AE16: 2024 | AF16: 2025 | AG16: 2026 | AH16: 2027 | AI16: 2028 | AJ16: 2029 | AK16: 2030 | AL16: 2031 | AM16: 2032 | AN16: 2033 | AO16: 2034 | AP16: 2035 | AQ16: 2036 | AR16: 2037 | AS16: 2038 | AT16: 2039 | AU16: 2040 | AV16: 2041 | AW16: 2042 | AX16: 2043 | AY16: 2044 | AZ16: 2045 | BA16: 2046 | BB16: 2047 | BC16: 2048 | BD16: 2049 | BE16: 2050
A17: ='Population Definitions'!$A$2 -> PWID_males | C17: Number | F17: OR | G17: 0
A18: ='Population Definitions'!$A$3 -> PWID_females | C18: Number | F18: OR | G18: 0
A19: ='Population Definitions'!$A$4 -> 0-9_males | C19: Number | F19: OR | G19: 0
A20: ='Population Definitions'!$A$5 -> 0-9_females | C20: Number | F20: OR | G20: 0
A21: ='Population Definitions'!$A$6 -> 10-17_males | C21: Number | F21: OR | G21: 0
A22: ='Population Definitions'!$A$7 -> 10-17_females | C22: Number | F22: OR | G22: 0
A23: ='Population Definitions'!$A$8 -> 18-64_males | C23: Number | F23: OR | G23: 0
A24: ='Population Definitions'!$A$9 -> 18-64_females | C24: Number | F24: OR | G24: 0
A25: ='Population Definitions'!$A$10 -> 65+_males | C25: Number | F25: OR | G25: 0
A26: ='Population Definitions'!$A$11 -> 65+_females | C26: Number | F26: OR | G26: 0
A27: ='Population Definitions'!$A$12 -> Prisoners_males | C27: Number | F27: OR | G27: 0
A28: ='Population Definitions'!$A$13 -> Prisoners_females | C28: Number | F28: OR | G28: 0
A29: Total | C29: Number | F29: OR | G29: 10
A31: Chronic HCV infections | B31: Provenance | C31: Units | D31: Uncertainty | E31: Constant | G31: 2000 | H31: 2001 | I31: 2002 | J31: 2003 | K31: 2004 | L31: 2005 | M31: 2006 | N31: 2007 | O31: 2008 | P31: 2009 | Q31: 2010 | R31: 2011 | S31: 2012 | T31: 2013 | U31: 2014 | V31: 2015 | W31: 2016 | X31: 2017 | Y31: 2018 | Z31: 2019 | AA31: 2020 | AB31: 2021 | AC31: 2022 | AD31: 2023 | AE31: 2024 | AF31: 2025 | AG31: 2026 | AH31: 2027 | AI31: 2028 | AJ31: 2029 | AK31: 2030 | AL31: 2031 | AM31: 2032 | AN31: 2033 | AO31: 2034 | AP31: 2035 | AQ31: 2036 | AR31: 2037 | AS31: 2038 | AT31: 2039 | AU31: 2040 | AV31: 2041 | AW31: 2042 | AX31: 2043 | AY31: 2044 | AZ31: 2045 | BA31: 2046 | BB31: 2047 | BC31: 2048 | BD31: 2049 | BE31: 2050
A32: ='Population Definitions'!$A$2 -> PWID_males | C32: Number | F32: OR | G32: 0
A33: ='Population Definitions'!$A$3 -> PWID_females | C33: Number | F33: OR | G33: 0
A34: ='Population Definitions'!$A$4 -> 0-9_males | C34: Number | F34: OR | G34: 0
A35: ='Population Definitions'!$A$5 -> 0-9_females | C35: Number | F35: OR | G35: 0
A36: ='Population Definitions'!$A$6 -> 10-17_males | C36: Number | F36: OR | G36: 0
A37: ='Population Definitions'!$A$7 -> 10-17_females | C37: Number | F37: OR | G37: 0
A38: ='Population Definitions'!$A$8 -> 18-64_males | C38: Number | F38: OR | G38: 0
A39: ='Population Definitions'!$A$9 -> 18-64_females | C39: Number | F39: OR | G39: 0
A40: ='Population Definitions'!$A$10 -> 65+_males | C40: Number | F40: OR | G40: 0
A41: ='Population Definitions'!$A$11 -> 65+_females | C41: Number | F41: OR | G41: 0
A42: ='Population Definitions'!$A$12 -> Prisoners_males | C42: Number | F42: OR | G42: 0
A43: ='Population Definitions'!$A$13 -> Prisoners_females | C43: Number | F43: OR | G43: 0
A44: Total | C44: Number | F44: OR | G44: 0
A46: Total number of people living with HCV | B46: Provenance | C46: Units | D46: Uncertainty | E46: Constant | G46: 2000 | H46: 2001 | I46: 2002 | J46: 2003 | K46: 2004 | L46: 2005 | M46: 2006 | N46: 2007 | O46: 2008 | P46: 2009 | Q46: 2010 | R46: 2011 | S46: 2012 | T46: 2013 | U46: 2014 | V46: 2015 | W46: 2016 | X46: 2017 | Y46: 2018 | Z46: 2019 | AA46: 2020 | AB46: 2021 | AC46: 2022 | AD46: 2023 | AE46: 2024 | AF46: 2025 | AG46: 2026 | AH46: 2027 | AI46: 2028 | AJ46: 2029 | AK46: 2030 | AL46: 2031 | AM46: 2032 | AN46: 2033 | AO46: 2034 | AP46: 2035 | AQ46: 2036 | AR46: 2037 | AS46: 2038 | AT46: 2039 | AU46: 2040 | AV46: 2041 | AW46: 2042 | AX46: 2043 | AY46: 2044 | AZ46: 2045 | BA46: 2046 | BB46: 2047 | BC46: 2048 | BD46: 2049 | BE46: 2050
A47: ='Population Definitions'!$A$2 -> PWID_males | C47: Number | F47: OR | G47: 0
A48: ='Population Definitions'!$A$3 -> PWID_females | C48: Number | F48: OR | G48: 0
A49: ='Population Definitions'!$A$4 -> 0-9_males | C49: Number | F49: OR | G49: 0
A50: ='Population Definitions'!$A$5 -> 0-9_females | C50: Number | F50: OR | G50: 0
A51: ='Population Definitions'!$A$6 -> 10-17_males | C51: Number | F51: OR | G51: 0
A52: ='Population Definitions'!$A$7 -> 10-17_females | C52: Number | F52: OR | G52: 0
A53: ='Population Definitions'!$A$8 -> 18-64_males | C53: Number | F53: OR | G53: 0
A54: ='Population Definitions'!$A$9 -> 18-64_females | C54: Number | F54: OR | G54: 0
A55: ='Population Definitions'!$A$10 -> 65+_males | C55: Number | F55: OR | G55: 0
A56: ='Population Definitions'!$A$11 -> 65+_females | C56: Number | F56: OR | G56: 0
A57: ='Population Definitions'!$A$12 -> Prisoners_males | C57: Number | F57: OR | G57: 0
A58: ='Population Definitions'!$A$13 -> Prisoners_females | C58: Number | F58: OR | G58: 0
A59: Total | C59: Number | F59: OR | G59: 0 | V59: 0 | W59: 0 | X59: 0 | Y59: 0 | Z59: 0 | AA59: 0 | AB59: 0 | AC59: 0 | AD59: 0
A61: Positive antibody tests | B61: Provenance | C61: Units | D61: Uncertainty | E61: Constant | G61: 2000 | H61: 2001 | I61: 2002 | J61: 2003 | K61: 2004 | L61: 2005 | M61: 2006 | N61: 2007 | O61: 2008 | P61: 2009 | Q61: 2010 | R61: 2011 | S61: 2012 | T61: 2013 | U61: 2014 | V61: 2015 | W61: 2016 | X61: 2017 | Y61: 2018 | Z61: 2019 | AA61: 2020 | AB61: 2021 | AC61: 2022 | AD61: 2023 | AE61: 2024 | AF61: 2025 | AG61: 2026 | AH61: 2027 | AI61: 2028 | AJ61: 2029 | AK61: 2030 | AL61: 2031 | AM61: 2032 | AN61: 2033 | AO61: 2034 | AP61: 2035 | AQ61: 2036 | AR61: 2037 | AS61: 2038 | AT61: 2039 | AU61: 2040 | AV61: 2041 | AW61: 2042 | AX61: 2043 | AY61: 2044 | AZ61: 2045 | BA61: 2046 | BB61: 2047 | BC61: 2048 | BD61: 2049 | BE61: 2050
A62: ='Population Definitions'!$A$2 -> PWID_males | C62: Number | F62: OR | G62: 0
A63: ='Population Definitions'!$A$3 -> PWID_females | C63: Number | F63: OR | G63: 0
A64: ='Population Definitions'!$A$4 -> 0-9_males | C64: Number | F64: OR | G64: 0
A65: ='Population Definitions'!$A$5 -> 0-9_females | C65: Number | F65: OR | G65: 0
A66: ='Population Definitions'!$A$6 -> 10-17_males | C66: Number | F66: OR | G66: 0
A67: ='Population Definitions'!$A$7 -> 10-17_females | C67: Number | F67: OR | G67: 0
A68: ='Population Definitions'!$A$8 -> 18-64_males | C68: Number | F68: OR | G68: 0
A69: ='Population Definitions'!$A$9 -> 18-64_females | C69: Number | F69: OR | G69: 0
A70: ='Population Definitions'!$A$10 -> 65+_males | C70: Number | F70: OR | G70: 0
A71: ='Population Definitions'!$A$11 -> 65+_females | C71: Number | F71: OR | G71: 0
A72: ='Population Definitions'!$A$12 -> Prisoners_males | C72: Number | F72: OR | G72: 0
A73: ='Population Definitions'!$A$13 -> Prisoners_females | C73: Number | F73: OR | G73: 0
A74: Total | C74: Number | F74: OR | G74: 0
A76: Total number of diagnoses | B76: Provenance | C76: Units | D76: Uncertainty | E76: Constant | G76: 2000 | H76: 2001 | I76: 2002 | J76: 2003 | K76: 2004 | L76: 2005 | M76: 2006 | N76: 2007 | O76: 2008 | P76: 2009 | Q76: 2010 | R76: 2011 | S76: 2012 | T76: 2013 | U76: 2014 | V76: 2015 | W76: 2016 | X76: 2017 | Y76: 2018 | Z76: 2019 | AA76: 2020 | AB76: 2021 | AC76: 2022 | AD76: 2023 | AE76: 2024 | AF76: 2025 | AG76: 2026 | AH76: 2027 | AI76: 2028 | AJ76: 2029 | AK76: 2030 | AL76: 2031 | AM76: 2032 | AN76: 2033 | AO76: 2034 | AP76: 2035 | AQ76: 2036 | AR76: 2037 | AS76: 2038 | AT76: 2039 | AU76: 2040 | AV76: 2041 | AW76: 2042 | AX76: 2043 | AY76: 2044 | AZ76: 2045 | BA76: 2046 | BB76: 2047 | BC76: 2048 | BD76: 2049 | BE76: 2050
A77: ='Population Definitions'!$A$2 -> PWID_males | C77: Number | F77: OR | G77: 0
A78: ='Population Definitions'!$A$3 -> PWID_females | C78: Number | F78: OR | G78: 0
A79: ='Population Definitions'!$A$4 -> 0-9_males | C79: Number | F79: OR | G79: 0
A80: ='Population Definitions'!$A$5 -> 0-9_females | C80: Number | F80: OR | G80: 0
A81: ='Population Definitions'!$A$6 -> 10-17_males | C81: Number | F81: OR | G81: 0
A82: ='Population Definitions'!$A$7 -> 10-17_females | C82: Number | F82: OR | G82: 0
A83: ='Population Definitions'!$A$8 -> 18-64_males | C83: Number | F83: OR | G83: 0
A84: ='Population Definitions'!$A$9 -> 18-64_females | C84: Number | F84: OR | G84: 0
A85: ='Population Definitions'!$A$10 -> 65+_males | C85: Number | F85: OR | G85: 0
A86: ='Population Definitions'!$A$11 -> 65+_females | C86: Number | F86: OR | G86: 0
A87: ='Population Definitions'!$A$12 -> Prisoners_males | C87: Number | F87: OR | G87: 0
A88: ='Population Definitions'!$A$13 -> Prisoners_females | C88: Number | F88: OR | G88: 0
A89: Total | C89: Number | F89: OR | G89: 10
A91: Chronic HCV infections in F0-F2 | B91: Provenance | C91: Units | D91: Uncertainty | E91: Constant | G91: 2000 | H91: 2001 | I91: 2002 | J91: 2003 | K91: 2004 | L91: 2005 | M91: 2006 | N91: 2007 | O91: 2008 | P91: 2009 | Q91: 2010 | R91: 2011 | S91: 2012 | T91: 2013 | U91: 2014 | V91: 2015 | W91: 2016 | X91: 2017 | Y91: 2018 | Z91: 2019 | AA91: 2020 | AB91: 2021 | AC91: 2022 | AD91: 2023 | AE91: 2024 | AF91: 2025 | AG91: 2026 | AH91: 2027 | AI91: 2028 | AJ91: 2029 | AK91: 2030 | AL91: 2031 | AM91: 2032 | AN91: 2033 | AO91: 2034 | AP91: 2035 | AQ91: 2036 | AR91: 2037 | AS91: 2038 | AT91: 2039 | AU91: 2040 | AV91: 2041 | AW91: 2042 | AX91: 2043 | AY91: 2044 | AZ91: 2045 | BA91: 2046 | BB91: 2047 | BC91: 2048 | BD91: 2049 | BE91: 2050
A92: ='Population Definitions'!$A$2 -> PWID_males | C92: Number | F92: OR | G92: 0
A93: ='Population Definitions'!$A$3 -> PWID_females | C93: Number | F93: OR | G93: 0
A94: ='Population Definitions'!$A$4 -> 0-9_males | C94: Number | F94: OR | G94: 0
A95: ='Population Definitions'!$A$5 -> 0-9_females | C95: Number | F95: OR | G95: 0
A96: ='Population Definitions'!$A$6 -> 10-17_males | C96: Number | F96: OR | G96: 0
A97: ='Population Definitions'!$A$7 -> 10-17_females | C97: Number | F97: OR | G97: 0
A98: ='Population Definitions'!$A$8 -> 18-64_males | C98: Number | F98: OR | G98: 0
A99: ='Population Definitions'!$A$9 -> 18-64_females | C99: Number | F99: OR | G99: 0
A100: ='Population Definitions'!$A$10 -> 65+_males | C100: Number | F100: OR | G100: 0
A101: ='Population Definitions'!$A$11 -> 65+_females | C101: Number | F101: OR | G101: 0
A102: ='Population Definitions'!$A$12 -> Prisoners_males | C102: Number | F102: OR | G102: 0
A103: ='Population Definitions'!$A$13 -> Prisoners_females | C103: Number | F103: OR | G103: 0
A104: Total | C104: Number | F104: OR | G104: 0
A106: Chronic HCV infections in F3 | B106: Provenance | C106: Units | D106: Uncertainty | E106: Constant | G106: 2000 | H106: 2001 | I106: 2002 | J106: 2003 | K106: 2004 | L106: 2005 | M106: 2006 | N106: 2007 | O106: 2008 | P106: 2009 | Q106: 2010 | R106: 2011 | S106: 2012 | T106: 2013 | U106: 2014 | V106: 2015 | W106: 2016 | X106: 2017 | Y106: 2018 | Z106: 2019 | AA106: 2020 | AB106: 2021 | AC106: 2022 | AD106: 2023 | AE106: 2024 | AF106: 2025 | AG106: 2026 | AH106: 2027 | AI106: 2028 | AJ106: 2029 | AK106: 2030 | AL106: 2031 | AM106: 2032 | AN106: 2033 | AO106: 2034 | AP106: 2035 | AQ106: 2036 | AR106: 2037 | AS106: 2038 | AT106: 2039 | AU106: 2040 | AV106: 2041 | AW106: 2042 | AX106: 2043 | AY106: 2044 | AZ106: 2045 | BA106: 2046 | BB106: 2047 | BC106: 2048 | BD106: 2049 | BE106: 2050
A107: ='Population Definitions'!$A$2 -> PWID_males | C107: Number | F107: OR | G107: 0
...

Sheet Initialization
A1: Population living with acute HCV | B1: Provenance | C1: Units | D1: Uncertainty | E1: 2000 | F1: 2001 | G1: 2002 | H1: 2003 | I1: 2004 | J1: 2005 | K1: 2006 | L1: 2007 | M1: 2008 | N1: 2009 | O1: 2010 | P1: 2011 | Q1: 2012 | R1: 2013 | S1: 2014 | T1: 2015 | U1: 2016 | V1: 2017 | W1: 2018 | X1: 2019 | Y1: 2020 | Z1: 2021 | AA1: 2022 | AB1: 2023 | AC1: 2024 | AD1: 2025 | AE1: 2026 | AF1: 2027 | AG1: 2028 | AH1: 2029 | AI1: 2030 | AJ1: 2031 | AK1: 2032 | AL1: 2033 | AM1: 2034 | AN1: 2035 | AO1: 2036 | AP1: 2037 | AQ1: 2038 | AR1: 2039 | AS1: 2040 | AT1: 2041 | AU1: 2042 | AV1: 2043 | AW1: 2044 | AX1: 2045 | AY1: 2046 | AZ1: 2047 | BA1: 2048 | BB1: 2049 | BC1: 2050
A2: ='Population Definitions'!$A$2 -> PWID_males | C2: Number | E2: 0
A3: ='Population Definitions'!$A$3 -> PWID_females | C3: Number | E3: 0
A4: ='Population Definitions'!$A$4 -> 0-9_males | C4: Number | E4: 0
A5: ='Population Definitions'!$A$5 -> 0-9_females | C5: Number | E5: 0
A6: ='Population Definitions'!$A$6 -> 10-17_males | C6: Number | E6: 0
A7: ='Population Definitions'!$A$7 -> 10-17_females | C7: Number | E7: 0
A8: ='Population Definitions'!$A$8 -> 18-64_males | C8: Number | E8: 0
A9: ='Population Definitions'!$A$9 -> 18-64_females | C9: Number | E9: 0
A10: ='Population Definitions'!$A$10 -> 65+_males | C10: Number | E10: 0
A11: ='Population Definitions'!$A$11 -> 65+_females | C11: Number | E11: 0
A12: ='Population Definitions'!$A$12 -> Prisoners_males | C12: Number | E12: 0
A13: ='Population Definitions'!$A$13 -> Prisoners_females | C13: Number | E13: 0
A15: Susceptible, antibody positive (aware, unaware, treated) | B15: Provenance | C15: Units | D15: Uncertainty | E15: Constant | G15: 2000 | H15: 2001 | I15: 2002 | J15: 2003 | K15: 2004 | L15: 2005 | M15: 2006 | N15: 2007 | O15: 2008 | P15: 2009 | Q15: 2010 | R15: 2011 | S15: 2012 | T15: 2013 | U15: 2014 | V15: 2015 | W15: 2016 | X15: 2017 | Y15: 2018 | Z15: 2019 | AA15: 2020 | AB15: 2021 | AC15: 2022 | AD15: 2023 | AE15: 2024 | AF15: 2025 | AG15: 2026 | AH15: 2027 | AI15: 2028 | AJ15: 2029 | AK15: 2030 | AL15: 2031 | AM15: 2032 | AN15: 2033 | AO15: 2034 | AP15: 2035 | AQ15: 2036 | AR15: 2037 | AS15: 2038 | AT15: 2039 | AU15: 2040 | AV15: 2041 | AW15: 2042 | AX15: 2043 | AY15: 2044 | AZ15: 2045 | BA15: 2046 | BB15: 2047 | BC15: 2048 | BD15: 2049 | BE15: 2050
A16: ='Population Definitions'!$A$2 -> PWID_males | C16: Number | E16: 0.30511572 | F16: OR
A17: ='Population Definitions'!$A$3 -> PWID_females | C17: Number | E17: 0.093433428 | F17: OR
A18: ='Population Definitions'!$A$4 -> 0-9_males | C18: Number | E18: 0 | F18: OR
A19: ='Population Definitions'!$A$5 -> 0-9_females | C19: Number | E19: 0 | F19: OR
A20: ='Population Definitions'!$A$6 -> 10-17_males | C20: Number | E20: 0 | F20: OR
A21: ='Population Definitions'!$A$7 -> 10-17_females | C21: Number | E21: 0 | F21: OR
A22: ='Population Definitions'!$A$8 -> 18-64_males | C22: Number | E22: 134.295 | F22: OR
A23: ='Population Definitions'!$A$9 -> 18-64_females | C23: Number | E23: 138.79 | F23: OR
A24: ='Population Definitions'!$A$10 -> 65+_males | C24: Number | E24: 7.71 | F24: OR
A25: ='Population Definitions'!$A$11 -> 65+_females | C25: Number | E25: 9.96 | F25: OR
A26: ='Population Definitions'!$A$12 -> Prisoners_males | C26: Number | E26: 0.24661 | F26: OR
A27: ='Population Definitions'!$A$13 -> Prisoners_females | C27: Number | E27: 0 | F27: OR
A29: Susceptible (all) | B29: Provenance | C29: Units | D29: Uncertainty | E29: Constant | G29: 2000 | H29: 2001 | I29: 2002 | J29: 2003 | K29: 2004 | L29: 2005 | M29: 2006 | N29: 2007 | O29: 2008 | P29: 2009 | Q29: 2010 | R29: 2011 | S29: 2012 | T29: 2013 | U29: 2014 | V29: 2015 | W29: 2016 | X29: 2017 | Y29: 2018 | Z29: 2019 | AA29: 2020 | AB29: 2021 | AC29: 2022 | AD29: 2023 | AE29: 2024 | AF29: 2025 | AG29: 2026 | AH29: 2027 | AI29: 2028 | AJ29: 2029 | AK29: 2030 | AL29: 2031 | AM29: 2032 | AN29: 2033 | AO29: 2034 | AP29: 2035 | AQ29: 2036 | AR29: 2037 | AS29: 2038 | AT29: 2039 | AU29: 2040 | AV29: 2041 | AW29: 2042 | AX29: 2043 | AY29: 2044 | AZ29: 2045 | BA29: 2046 | BB29: 2047 | BC29: 2048 | BD29: 2049 | BE29: 2050
A30: ='Population Definitions'!$A$2 -> PWID_males | C30: Number | E30: 61.023144 | F30: OR
A31: ='Population Definitions'!$A$3 -> PWID_females | C31: Number | E31: 18.686686 | F31: OR
A32: ='Population Definitions'!$A$4 -> 0-9_males | C32: Number | E32: 15598 | F32: OR
A33: ='Population Definitions'!$A$5 -> 0-9_females | C33: Number | E33: 15044 | F33: OR
A34: ='Population Definitions'!$A$6 -> 10-17_males | C34: Number | E34: 11910 | F34: OR
A35: ='Population Definitions'!$A$7 -> 10-17_females | C35: Number | E35: 11250 | F35: OR
A36: ='Population Definitions'!$A$8 -> 18-64_males | C36: Number | E36: 26859 | F36: OR
A37: ='Population Definitions'!$A$9 -> 18-64_females | C37: Number | E37: 27758 | F37: OR
A38: ='Population Definitions'!$A$10 -> 65+_males | C38: Number | E38: 1542 | F38: OR
A39: ='Population Definitions'!$A$11 -> 65+_females | C39: Number | E39: 1992 | F39: OR
A40: ='Population Definitions'!$A$12 -> Prisoners_males | C40: Number | E40: 49.322 | F40: OR
A41: ='Population Definitions'!$A$13 -> Prisoners_females | C41: Number | E41: 0 | F41: OR
A43: Liver Fibrosis F0 (Chronic) (vaccinated) | B43: Provenance | C43: Units | D43: Uncertainty | E43: Constant | G43: 2000 | H43: 2001 | I43: 2002 | J43: 2003 | K43: 2004 | L43: 2005 | M43: 2006 | N43: 2007 | O43: 2008 | P43: 2009 | Q43: 2010 | R43: 2011 | S43: 2012 | T43: 2013 | U43: 2014 | V43: 2015 | W43: 2016 | X43: 2017 | Y43: 2018 | Z43: 2019 | AA43: 2020 | AB43: 2021 | AC43: 2022 | AD43: 2023 | AE43: 2024 | AF43: 2025 | AG43: 2026 | AH43: 2027 | AI43: 2028 | AJ43: 2029 | AK43: 2030 | AL43: 2031 | AM43: 2032 | AN43: 2033 | AO43: 2034 | AP43: 2035 | AQ43: 2036 | AR43: 2037 | AS43: 2038 | AT43: 2039 | AU43: 2040 | AV43: 2041 | AW43: 2042 | AX43: 2043 | AY43: 2044 | AZ43: 2045 | BA43: 2046 | BB43: 2047 | BC43: 2048 | BD43: 2049 | BE43: 2050
A44: ='Population Definitions'!$A$2 -> PWID_males | B44: Framework-supplied default | C44: Number | E44: 0 | F44: OR
A45: ='Population Definitions'!$A$3 -> PWID_females | B45: Framework-supplied default | C45: Number | E45: 0 | F45: OR
A46: ='Population Definitions'!$A$4 -> 0-9_males | B46: Framework-supplied default | C46: Number | E46: 0 | F46: OR
A47: ='Population Definitions'!$A$5 -> 0-9_females | B47: Framework-supplied default | C47: Number | E47: 0 | F47: OR
A48: ='Population Definitions'!$A$6 -> 10-17_males | B48: Framework-supplied default | C48: Number | E48: 0 | F48: OR
A49: ='Population Definitions'!$A$7 -> 10-17_females | B49: Framework-supplied default | C49: Number | E49: 0 | F49: OR
A50: ='Population Definitions'!$A$8 -> 18-64_males | B50: Framework-supplied default | C50: Number | E50: 0 | F50: OR
A51: ='Population Definitions'!$A$9 -> 18-64_females | B51: Framework-supplied default | C51: Number | E51: 0 | F51: OR
A52: ='Population Definitions'!$A$10 -> 65+_males | B52: Framework-supplied default | C52: Number | E52: 0 | F52: OR
A53: ='Population Definitions'!$A$11 -> 65+_females | B53: Framework-supplied default | C53: Number | E53: 0 | F53: OR
A54: ='Population Definitions'!$A$12 -> Prisoners_males | B54: Framework-supplied default | C54: Number | E54: 0 | F54: OR
A55: ='Population Definitions'!$A$13 -> Prisoners_females | B55: Framework-supplied default | C55: Number | E55: 0 | F55: OR
A57: Liver Fibrosis F1 (Chronic) (vaccinated) | B57: Provenance | C57: Units | D57: Uncertainty | E57: Constant | G57: 2000 | H57: 2001 | I57: 2002 | J57: 2003 | K57: 2004 | L57: 2005 | M57: 2006 | N57: 2007 | O57: 2008 | P57: 2009 | Q57: 2010 | R57: 2011 | S57: 2012 | T57: 2013 | U57: 2014 | V57: 2015 | W57: 2016 | X57: 2017 | Y57: 2018 | Z57: 2019 | AA57: 2020 | AB57: 2021 | AC57: 2022 | AD57: 2023 | AE57: 2024 | AF57: 2025 | AG57: 2026 | AH57: 2027 | AI57: 2028 | AJ57: 2029 | AK57: 2030 | AL57: 2031 | AM57: 2032 | AN57: 2033 | AO57: 2034 | AP57: 2035 | AQ57: 2036 | AR57: 2037 | AS57: 2038 | AT57: 2039 | AU57: 2040 | AV57: 2041 | AW57: 2042 | AX57: 2043 | AY57: 2044 | AZ57: 2045 | BA57: 2046 | BB57: 2047 | BC57: 2048 | BD57: 2049 | BE57: 2050
A58: ='Population Definitions'!$A$2 -> PWID_males | B58: Framework-supplied default | C58: Number | E58: 0 | F58: OR
A59: ='Population Definitions'!$A$3 -> PWID_females | B59: Framework-supplied default | C59: Number | E59: 0 | F59: OR
A60: ='Population Definitions'!$A$4 -> 0-9_males | B60: Framework-supplied default | C60: Number | E60: 0 | F60: OR
A61: ='Population Definitions'!$A$5 -> 0-9_females | B61: Framework-supplied default | C61: Number | E61: 0 | F61: OR
A62: ='Population Definitions'!$A$6 -> 10-17_males | B62: Framework-supplied default | C62: Number | E62: 0 | F62: OR
A63: ='Population Definitions'!$A$7 -> 10-17_females | B63: Framework-supplied default | C63: Number | E63: 0 | F63: OR
A64: ='Population Definitions'!$A$8 -> 18-64_males | B64: Framework-supplied default | C64: Number | E64: 0 | F64: OR
A65: ='Population Definitions'!$A$9 -> 18-64_females | B65: Framework-supplied default | C65: Number | E65: 0 | F65: OR
A66: ='Population Definitions'!$A$10 -> 65+_males | B66: Framework-supplied default | C66: Number | E66: 0 | F66: OR
A67: ='Population Definitions'!$A$11 -> 65+_females | B67: Framework-supplied default | C67: Number | E67: 0 | F67: OR
A68: ='Population Definitions'!$A$12 -> Prisoners_males | B68: Framework-supplied default | C68: Number | E68: 0 | F68: OR
A69: ='Population Definitions'!$A$13 -> Prisoners_females | B69: Framework-supplied default | C69: Number | E69: 0 | F69: OR
A71: Liver Fibrosis F2 (Chronic) (vaccinated) | B71: Provenance | C71: Units | D71: Uncertainty | E71: Constant | G71: 2000 | H71: 2001 | I71: 2002 | J71: 2003 | K71: 2004 | L71: 2005 | M71: 2006 | N71: 2007 | O71: 2008 | P71: 2009 | Q71: 2010 | R71: 2011 | S71: 2012 | T71: 2013 | U71: 2014 | V71: 2015 | W71: 2016 | X71: 2017 | Y71: 2018 | Z71: 2019 | AA71: 2020 | AB71: 2021 | AC71: 2022 | AD71: 2023 | AE71: 2024 | AF71: 2025 | AG71: 2026 | AH71: 2027 | AI71: 2028 | AJ71: 2029 | AK71: 2030 | AL71: 2031 | AM71: 2032 | AN71: 2033 | AO71: 2034 | AP71: 2035 | AQ71: 2036 | AR71: 2037 | AS71: 2038 | AT71: 2039 | AU71: 2040 | AV71: 2041 | AW71: 2042 | AX71: 2043 | AY71: 2044 | AZ71: 2045 | BA71: 2046 | BB71: 2047 | BC71: 2048 | BD71: 2049 | BE71: 2050
A72: ='Population Definitions'!$A$2 -> PWID_males | B72: Framework-supplied default | C72: Number | E72: 0 | F72: OR
A73: ='Population Definitions'!$A$3 -> PWID_females | B73: Framework-supplied default | C73: Number | E73: 0 | F73: OR
A74: ='Population Definitions'!$A$4 -> 0-9_males | B74: Framework-supplied default | C74: Number | E74: 0 | F74: OR
A75: ='Population Definitions'!$A$5 -> 0-9_females | B75: Framework-supplied default | C75: Number | E75: 0 | F75: OR
A76: ='Population Definitions'!$A$6 -> 10-17_males | B76: Framework-supplied default | C76: Number | E76: 0 | F76: OR
A77: ='Population Definitions'!$A$7 -> 10-17_females | B77: Framework-supplied default | C77: Number | E77: 0 | F77: OR
A78: ='Population Definitions'!$A$8 -> 18-64_males | B78: Framework-supplied default | C78: Number | E78: 0 | F78: OR
A79: ='Population Definitions'!$A$9 -> 18-64_females | B79: Framework-supplied default | C79: Number | E79: 0 | F79: OR
A80: ='Population Definitions'!$A$10 -> 65+_males | B80: Framework-supplied default | C80: Number | E80: 0 | F80: OR
A81: ='Population Definitions'!$A$11 -> 65+_females | B81: Framework-supplied default | C81: Number | E81: 0 | F81: OR
A82: ='Population Definitions'!$A$12 -> Prisoners_males | B82: Framework-supplied default | C82: Number | E82: 0 | F82: OR
A83: ='Population Definitions'!$A$13 -> Prisoners_females | B83: Framework-supplied default | C83: Number | E83: 0 | F83: OR
A85: Liver Fibrosis F0-2 (Chronic) (vaccinated) | B85: Provenance | C85: Units | D85: Uncertainty | E85: Constant | G85: 2000 | H85: 2001 | I85: 2002 | J85: 2003 | K85: 2004 | L85: 2005 | M85: 2006 | N85: 2007 | O85: 2008 | P85: 2009 | Q85: 2010 | R85: 2011 | S85: 2012 | T85: 2013 | U85: 2014 | V85: 2015 | W85: 2016 | X85: 2017 | Y85: 2018 | Z85: 2019 | AA85: 2020 | AB85: 2021 | AC85: 2022 | AD85: 2023 | AE85: 2024 | AF85: 2025 | AG85: 2026 | AH85: 2027 | AI85: 2028 | AJ85: 2029 | AK85: 2030 | AL85: 2031 | AM85: 2032 | AN85: 2033 | AO85: 2034 | AP85: 2035 | AQ85: 2036 | AR85: 2037 | AS85: 2038 | AT85: 2039 | AU85: 2040 | AV85: 2041 | AW85: 2042 | AX85: 2043 | AY85: 2044 | AZ85: 2045 | BA85: 2046 | BB85: 2047 | BC85: 2048 | BD85: 2049 | BE85: 2050
A86: ='Population Definitions'!$A$2 -> PWID_males | B86: Framework-supplied default | C86: Number | E86: 0 | F86: OR
A87: ='Population Definitions'!$A$3 -> PWID_females | B87: Framework-supplied default | C87: Number | E87: 0 | F87: OR
A88: ='Population Definitions'!$A$4 -> 0-9_males | B88: Framework-supplied default | C88: Number | E88: 0 | F88: OR
A89: ='Population Definitions'!$A$5 -> 0-9_females | B89: Framework-supplied default | C89: Number | E89: 0 | F89: OR
A90: ='Population Definitions'!$A$6 -> 10-17_males | B90: Framework-supplied default | C90: Number | E90: 0 | F90: OR
A91: ='Population Definitions'!$A$7 -> 10-17_females | B91: Framework-supplied default | C91: Number | E91: 0 | F91: OR
A92: ='Population Definitions'!$A$8 -> 18-64_males | B92: Framework-supplied default | C92: Number | E92: 0 | F92: OR
A93: ='Population Definitions'!$A$9 -> 18-64_females | B93: Framework-supplied default | C93: Number | E93: 0 | F93: OR
A94: ='Population Definitions'!$A$10 -> 65+_males | B94: Framework-supplied default | C94: Number | E94: 0 | F94: OR
A95: ='Population Definitions'!$A$11 -> 65+_females | B95: Framework-supplied default | C95: Number | E95: 0 | F95: OR
A96: ='Population Definitions'!$A$12 -> Prisoners_males | B96: Framework-supplied default | C96: Number | E96: 0 | F96: OR
A97: ='Population Definitions'!$A$13 -> Prisoners_females | B97: Framework-supplied default | C97: Number | E97: 0 | F97: OR
A99: Liver Fibrosis F3 (Chronic) (vaccinated) | B99: Provenance | C99: Units | D99: Uncertainty | E99: Constant | G99: 2000 | H99: 2001 | I99: 2002 | J99: 2003 | K99: 2004 | L99: 2005 | M99: 2006 | N99: 2007 | O99: 2008 | P99: 2009 | Q99: 2010 | R99: 2011 | S99: 2012 | T99: 2013 | U99: 2014 | V99: 2015 | W99: 2016 | X99: 2017 | Y99: 2018 | Z99: 2019 | AA99: 2020 | AB99: 2021 | AC99: 2022 | AD99: 2023 | AE99: 2024 | AF99: 2025 | AG99: 2026 | AH99: 2027 | AI99: 2028 | AJ99: 2029 | AK99: 2030 | AL99: 2031 | AM99: 2032 | AN99: 2033 | AO99: 2034 | AP99: 2035 | AQ99: 2036 | AR99: 2037 | AS99: 2038 | AT99: 2039 | AU99: 2040 | AV99: 2041 | AW99: 2042 | AX99: 2043 | AY99: 2044 | AZ99: 2045 | BA99: 2046 | BB99: 2047 | BC99: 2048 | BD99: 2049 | BE99: 2050
A100: ='Population Definitions'!$A$2 -> PWID_males | B100: Framework-supplied default | C100: Number | E100: 0 | F100: OR
A101: ='Population Definitions'!$A$3 -> PWID_females | B101: Framework-supplied default | C101: Number | E101: 0 | F101: OR
A102: ='Population Definitions'!$A$4 -> 0-9_males | B102: Framework-supplied default | C102: Number | E102: 0 | F102: OR
A103: ='Population Definitions'!$A$5 -> 0-9_females | B103: Framework-supplied default | C103: Number | E103: 0 | F103: OR
A104: ='Population Definitions'!$A$6 -> 10-17_males | B104: Framework-supplied default | C104: Number | E104: 0 | F104: OR
A105: ='Population Definitions'!$A$7 -> 10-17_females | B105: Framework-supplied default | C105: Number | E105: 0 | F105: OR
A106: ='Population Definitions'!$A$8 -> 18-64_males | B106: Framework-supplied default | C106: Number | E106: 0 | F106: OR
A107: ='Population Definitions'!$A$9 -> 18-64_females | B107: Framework-supplied default | C107: Number | E107: 0 | F107: OR
...

Sheet Care Cascade

Sheet Other intermediate pars
A1: Multiplier for progression rates (intermediate step for calibration) | B1: Provenance | C1: Units | D1: Uncertainty | E1: Constant | G1: 2000 | H1: 2001 | I1: 2002 | J1: 2003 | K1: 2004 | L1: 2005 | M1: 2006 | N1: 2007 | O1: 2008 | P1: 2009 | Q1: 2010 | R1: 2011 | S1: 2012 | T1: 2013 | U1: 2014 | V1: 2015 | W1: 2016 | X1: 2017 | Y1: 2018 | Z1: 2019 | AA1: 2020 | AB1: 2021 | AC1: 2022 | AD1: 2023 | AE1: 2024 | AF1: 2025 | AG1: 2026 | AH1: 2027 | AI1: 2028 | AJ1: 2029 | AK1: 2030 | AL1: 2031 | AM1: 2032 | AN1: 2033 | AO1: 2034 | AP1: 2035 | AQ1: 2036 | AR1: 2037 | AS1: 2038 | AT1: 2039 | AU1: 2040 | AV1: 2041 | AW1: 2042 | AX1: 2043 | AY1: 2044 | AZ1: 2045 | BA1: 2046 | BB1: 2047 | BC1: 2048 | BD1: 2049 | BE1: 2050
A2: ='Population Definitions'!$A$2 -> PWID_males | B2: Framework-supplied default | C2: N.A. | E2: 1 | F2: OR
A3: ='Population Definitions'!$A$3 -> PWID_females | B3: Framework-supplied default | C3: N.A. | E3: 1 | F3: OR
A4: ='Population Definitions'!$A$4 -> 0-9_males | B4: Framework-supplied default | C4: N.A. | E4: 1 | F4: OR
A5: ='Population Definitions'!$A$5 -> 0-9_females | B5: Framework-supplied default | C5: N.A. | E5: 1 | F5: OR
A6: ='Population Definitions'!$A$6 -> 10-17_males | B6: Framework-supplied default | C6: N.A. | E6: 1 | F6: OR
A7: ='Population Definitions'!$A$7 -> 10-17_females | B7: Framework-supplied default | C7: N.A. | E7: 1 | F7: OR
A8: ='Population Definitions'!$A$8 -> 18-64_males | B8: Framework-supplied default | C8: N.A. | E8: 1 | F8: OR
A9: ='Population Definitions'!$A$9 -> 18-64_females | B9: Framework-supplied default | C9: N.A. | E9: 1 | F9: OR
A10: ='Population Definitions'!$A$10 -> 65+_males | B10: Framework-supplied default | C10: N.A. | E10: 1 | F10: OR
A11: ='Population Definitions'!$A$11 -> 65+_females | B11: Framework-supplied default | C11: N.A. | E11: 1 | F11: OR
A12: ='Population Definitions'!$A$12 -> Prisoners_males | B12: Framework-supplied default | C12: N.A. | E12: 1 | F12: OR
A13: ='Population Definitions'!$A$13 -> Prisoners_females | B13: Framework-supplied default | C13: N.A. | E13: 1 | F13: OR
A15: Multiplier for death rates (intermediate step for calibration) | B15: Provenance | C15: Units | D15: Uncertainty | E15: Constant | G15: 2000 | H15: 2001 | I15: 2002 | J15: 2003 | K15: 2004 | L15: 2005 | M15: 2006 | N15: 2007 | O15: 2008 | P15: 2009 | Q15: 2010 | R15: 2011 | S15: 2012 | T15: 2013 | U15: 2014 | V15: 2015 | W15: 2016 | X15: 2017 | Y15: 2018 | Z15: 2019 | AA15: 2020 | AB15: 2021 | AC15: 2022 | AD15: 2023 | AE15: 2024 | AF15: 2025 | AG15: 2026 | AH15: 2027 | AI15: 2028 | AJ15: 2029 | AK15: 2030 | AL15: 2031 | AM15: 2032 | AN15: 2033 | AO15: 2034 | AP15: 2035 | AQ15: 2036 | AR15: 2037 | AS15: 2038 | AT15: 2039 | AU15: 2040 | AV15: 2041 | AW15: 2042 | AX15: 2043 | AY15: 2044 | AZ15: 2045 | BA15: 2046 | BB15: 2047 | BC15: 2048 | BD15: 2049 | BE15: 2050
A16: ='Population Definitions'!$A$2 -> PWID_males | B16: Framework-supplied default | C16: N.A. | E16: 1 | F16: OR
A17: ='Population Definitions'!$A$3 -> PWID_females | B17: Framework-supplied default | C17: N.A. | E17: 1 | F17: OR
A18: ='Population Definitions'!$A$4 -> 0-9_males | B18: Framework-supplied default | C18: N.A. | E18: 1 | F18: OR
A19: ='Population Definitions'!$A$5 -> 0-9_females | B19: Framework-supplied default | C19: N.A. | E19: 1 | F19: OR
A20: ='Population Definitions'!$A$6 -> 10-17_males | B20: Framework-supplied default | C20: N.A. | E20: 1 | F20: OR
A21: ='Population Definitions'!$A$7 -> 10-17_females | B21: Framework-supplied default | C21: N.A. | E21: 1 | F21: OR
A22: ='Population Definitions'!$A$8 -> 18-64_males | B22: Framework-supplied default | C22: N.A. | E22: 1 | F22: OR
A23: ='Population Definitions'!$A$9 -> 18-64_females | B23: Framework-supplied default | C23: N.A. | E23: 1 | F23: OR
A24: ='Population Definitions'!$A$10 -> 65+_males | B24: Framework-supplied default | C24: N.A. | E24: 1 | F24: OR
A25: ='Population Definitions'!$A$11 -> 65+_females | B25: Framework-supplied default | C25: N.A. | E25: 1 | F25: OR
A26: ='Population Definitions'!$A$12 -> Prisoners_males | B26: Framework-supplied default | C26: N.A. | E26: 1 | F26: OR
A27: ='Population Definitions'!$A$13 -> Prisoners_females | B27: Framework-supplied default | C27: N.A. | E27: 1 | F27: OR
A29: Testing rate multiplier non-PWID (intermediate calculation/calibration step) | B29: Provenance | C29: Units | D29: Uncertainty | E29: Constant | G29: 2000 | H29: 2001 | I29: 2002 | J29: 2003 | K29: 2004 | L29: 2005 | M29: 2006 | N29: 2007 | O29: 2008 | P29: 2009 | Q29: 2010 | R29: 2011 | S29: 2012 | T29: 2013 | U29: 2014 | V29: 2015 | W29: 2016 | X29: 2017 | Y29: 2018 | Z29: 2019 | AA29: 2020 | AB29: 2021 | AC29: 2022 | AD29: 2023 | AE29: 2024 | AF29: 2025 | AG29: 2026 | AH29: 2027 | AI29: 2028 | AJ29: 2029 | AK29: 2030 | AL29: 2031 | AM29: 2032 | AN29: 2033 | AO29: 2034 | AP29: 2035 | AQ29: 2036 | AR29: 2037 | AS29: 2038 | AT29: 2039 | AU29: 2040 | AV29: 2041 | AW29: 2042 | AX29: 2043 | AY29: 2044 | AZ29: 2045 | BA29: 2046 | BB29: 2047 | BC29: 2048 | BD29: 2049 | BE29: 2050
A30: ='Population Definitions'!$A$2 -> PWID_males | C30: N.A. | E30: 0 | F30: OR
A31: ='Population Definitions'!$A$3 -> PWID_females | C31: N.A. | E31: 0 | F31: OR
A32: ='Population Definitions'!$A$4 -> 0-9_males | C32: N.A. | E32: 1 | F32: OR
A33: ='Population Definitions'!$A$5 -> 0-9_females | C33: N.A. | E33: 1 | F33: OR
A34: ='Population Definitions'!$A$6 -> 10-17_males | C34: N.A. | E34: 1 | F34: OR
A35: ='Population Definitions'!$A$7 -> 10-17_females | C35: N.A. | E35: 1 | F35: OR
A36: ='Population Definitions'!$A$8 -> 18-64_males | C36: N.A. | E36: 1 | F36: OR
A37: ='Population Definitions'!$A$9 -> 18-64_females | C37: N.A. | E37: 1 | F37: OR
A38: ='Population Definitions'!$A$10 -> 65+_males | C38: N.A. | E38: 1 | F38: OR
A39: ='Population Definitions'!$A$11 -> 65+_females | C39: N.A. | E39: 1 | F39: OR
A40: ='Population Definitions'!$A$12 -> Prisoners_males | C40: N.A. | E40: 0 | F40: OR
A41: ='Population Definitions'!$A$13 -> Prisoners_females | C41: N.A. | E41: 0 | F41: OR
A43: Separate test multiplier for PWID and Prisoners (no need to calibrate it) | B43: Provenance | C43: Units | D43: Uncertainty | E43: Constant | G43: 2000 | H43: 2001 | I43: 2002 | J43: 2003 | K43: 2004 | L43: 2005 | M43: 2006 | N43: 2007 | O43: 2008 | P43: 2009 | Q43: 2010 | R43: 2011 | S43: 2012 | T43: 2013 | U43: 2014 | V43: 2015 | W43: 2016 | X43: 2017 | Y43: 2018 | Z43: 2019 | AA43: 2020 | AB43: 2021 | AC43: 2022 | AD43: 2023 | AE43: 2024 | AF43: 2025 | AG43: 2026 | AH43: 2027 | AI43: 2028 | AJ43: 2029 | AK43: 2030 | AL43: 2031 | AM43: 2032 | AN43: 2033 | AO43: 2034 | AP43: 2035 | AQ43: 2036 | AR43: 2037 | AS43: 2038 | AT43: 2039 | AU43: 2040 | AV43: 2041 | AW43: 2042 | AX43: 2043 | AY43: 2044 | AZ43: 2045 | BA43: 2046 | BB43: 2047 | BC43: 2048 | BD43: 2049 | BE43: 2050
A44: ='Population Definitions'!$A$2 -> PWID_males | C44: N.A. | E44: 1 | F44: OR
A45: ='Population Definitions'!$A$3 -> PWID_females | C45: N.A. | E45: 1 | F45: OR
A46: ='Population Definitions'!$A$4 -> 0-9_males | C46: N.A. | E46: 0 | F46: OR
A47: ='Population Definitions'!$A$5 -> 0-9_females | C47: N.A. | E47: 0 | F47: OR
A48: ='Population Definitions'!$A$6 -> 10-17_males | C48: N.A. | E48: 0 | F48: OR
A49: ='Population Definitions'!$A$7 -> 10-17_females | C49: N.A. | E49: 0 | F49: OR
A50: ='Population Definitions'!$A$8 -> 18-64_males | C50: N.A. | E50: 0 | F50: OR
A51: ='Population Definitions'!$A$9 -> 18-64_females | C51: N.A. | E51: 0 | F51: OR
A52: ='Population Definitions'!$A$10 -> 65+_males | C52: N.A. | E52: 0 | F52: OR
A53: ='Population Definitions'!$A$11 -> 65+_females | C53: N.A. | E53: 0 | F53: OR
A54: ='Population Definitions'!$A$12 -> Prisoners_males | C54: N.A. | E54: 1 | F54: OR
A55: ='Population Definitions'!$A$13 -> Prisoners_females | C55: N.A. | E55: 1 | F55: OR
A57: Number of treatments per population group (intermediate calculation step) | B57: Provenance | C57: Units | D57: Uncertainty | E57: Constant | G57: 2000 | H57: 2001 | I57: 2002 | J57: 2003 | K57: 2004 | L57: 2005 | M57: 2006 | N57: 2007 | O57: 2008 | P57: 2009 | Q57: 2010 | R57: 2011 | S57: 2012 | T57: 2013 | U57: 2014 | V57: 2015 | W57: 2016 | X57: 2017 | Y57: 2018 | Z57: 2019 | AA57: 2020 | AB57: 2021 | AC57: 2022 | AD57: 2023 | AE57: 2024 | AF57: 2025 | AG57: 2026 | AH57: 2027 | AI57: 2028 | AJ57: 2029 | AK57: 2030 | AL57: 2031 | AM57: 2032 | AN57: 2033 | AO57: 2034 | AP57: 2035 | AQ57: 2036 | AR57: 2037 | AS57: 2038 | AT57: 2039 | AU57: 2040 | AV57: 2041 | AW57: 2042 | AX57: 2043 | AY57: 2044 | AZ57: 2045 | BA57: 2046 | BB57: 2047 | BC57: 2048 | BD57: 2049 | BE57: 2050
A58: ='Population Definitions'!$A$2 -> PWID_males | C58: Number (per year) | D58: 139.30632 | F58: OR | G58: 10
A59: ='Population Definitions'!$A$3 -> PWID_females | C59: Number (per year) | D59: 42.658787 | F59: OR | G59: 10
A60: ='Population Definitions'!$A$4 -> 0-9_males | C60: Number (per year) | D60: 0 | F60: OR | G60: 10
A61: ='Population Definitions'!$A$5 -> 0-9_females | C61: Number (per year) | D61: 0 | F61: OR | G61: 10
A62: ='Population Definitions'!$A$6 -> 10-17_males | C62: Number (per year) | D62: 0 | F62: OR | G62: 10
A63: ='Population Definitions'!$A$7 -> 10-17_females | C63: Number (per year) | D63: 0 | F63: OR | G63: 10
A64: ='Population Definitions'!$A$8 -> 18-64_males | C64: Number (per year) | D64: 0 | F64: OR | G64: 10
A65: ='Population Definitions'!$A$9 -> 18-64_females | C65: Number (per year) | D65: 0 | F65: OR | G65: 10
A66: ='Population Definitions'!$A$10 -> 65+_males | C66: Number (per year) | D66: 0 | F66: OR | G66: 10
A67: ='Population Definitions'!$A$11 -> 65+_females | C67: Number (per year) | D67: 0 | F67: OR | G67: 10
A68: ='Population Definitions'!$A$12 -> Prisoners_males | C68: Number (per year) | D68: 0 | F68: OR | G68: 10
A69: ='Population Definitions'!$A$13 -> Prisoners_females | C69: Number (per year) | D69: 0 | F69: OR | G69: 10
A71: Prevalence (intermediate calibration step) | B71: Provenance | C71: Units | D71: Uncertainty | E71: Constant | G71: 2000 | H71: 2001 | I71: 2002 | J71: 2003 | K71: 2004 | L71: 2005 | M71: 2006 | N71: 2007 | O71: 2008 | P71: 2009 | Q71: 2010 | R71: 2011 | S71: 2012 | T71: 2013 | U71: 2014 | V71: 2015 | W71: 2016 | X71: 2017 | Y71: 2018 | Z71: 2019 | AA71: 2020 | AB71: 2021 | AC71: 2022 | AD71: 2023 | AE71: 2024 | AF71: 2025 | AG71: 2026 | AH71: 2027 | AI71: 2028 | AJ71: 2029 | AK71: 2030 | AL71: 2031 | AM71: 2032 | AN71: 2033 | AO71: 2034 | AP71: 2035 | AQ71: 2036 | AR71: 2037 | AS71: 2038 | AT71: 2039 | AU71: 2040 | AV71: 2041 | AW71: 2042 | AX71: 2043 | AY71: 2044 | AZ71: 2045 | BA71: 2046 | BB71: 2047 | BC71: 2048 | BD71: 2049 | BE71: 2050
A72: ='Population Definitions'!$A$2 -> PWID_males | C72: Number (per year) | F72: OR | G72: 0.388 | Q72: 0.388
A73: ='Population Definitions'!$A$3 -> PWID_females | C73: Number (per year) | F73: OR | G73: 0.388 | Q73: 0.388
A74: ='Population Definitions'!$A$4 -> 0-9_males | C74: Number (per year) | F74: OR | G74: 0 | Q74: 0
A75: ='Population Definitions'!$A$5 -> 0-9_females | C75: Number (per year) | F75: OR | G75: 0 | Q75: 0
A76: ='Population Definitions'!$A$6 -> 10-17_males | C76: Number (per year) | F76: OR | G76: 0 | Q76: 0
A77: ='Population Definitions'!$A$7 -> 10-17_females | C77: Number (per year) | F77: OR | G77: 0 | Q77: 0
A78: ='Population Definitions'!$A$8 -> 18-64_males | C78: Number (per year) | F78: OR | G78: 0 | Q78: 0
A79: ='Population Definitions'!$A$9 -> 18-64_females | C79: Number (per year) | F79: OR | G79: 0 | Q79: 0
A80: ='Population Definitions'!$A$10 -> 65+_males | C80: Number (per year) | F80: OR | G80: 0 | Q80: 0
A81: ='Population Definitions'!$A$11 -> 65+_females | C81: Number (per year) | F81: OR | G81: 0 | Q81: 0
A82: ='Population Definitions'!$A$12 -> Prisoners_males | C82: Number (per year) | F82: OR | G82: 0.458 | L82: 0.458 | Q82: 0.458
A83: ='Population Definitions'!$A$13 -> Prisoners_females | C83: Number (per year) | F83: OR | G83: 0.458 | L83: 0.458 | Q83: 0.458

Sheet Vaccine parameters
A1: Vaccine: vaccination uptake | B1: Provenance | C1: Units | D1: Uncertainty | E1: Constant | G1: 2000 | H1: 2001 | I1: 2002 | J1: 2003 | K1: 2004 | L1: 2005 | M1: 2006 | N1: 2007 | O1: 2008 | P1: 2009 | Q1: 2010 | R1: 2011 | S1: 2012 | T1: 2013 | U1: 2014 | V1: 2015 | W1: 2016 | X1: 2017 | Y1: 2018 | Z1: 2019 | AA1: 2020 | AB1: 2021 | AC1: 2022 | AD1: 2023 | AE1: 2024 | AF1: 2025 | AG1: 2026 | AH1: 2027 | AI1: 2028 | AJ1: 2029 | AK1: 2030 | AL1: 2031 | AM1: 2032 | AN1: 2033 | AO1: 2034 | AP1: 2035 | AQ1: 2036 | AR1: 2037 | AS1: 2038 | AT1: 2039 | AU1: 2040 | AV1: 2041 | AW1: 2042 | AX1: 2043 | AY1: 2044 | AZ1: 2045 | BA1: 2046 | BB1: 2047 | BC1: 2048 | BD1: 2049 | BE1: 2050
A2: ='Population Definitions'!$A$2 -> PWID_males | B2: Framework-supplied default | C2: Probability (per year) | E2: 0 | F2: OR
A3: ='Population Definitions'!$A$3 -> PWID_females | B3: Framework-supplied default | C3: Probability (per year) | E3: 0 | F3: OR
A4: ='Population Definitions'!$A$4 -> 0-9_males | B4: Framework-supplied default | C4: Probability (per year) | E4: 0 | F4: OR
A5: ='Population Definitions'!$A$5 -> 0-9_females | B5: Framework-supplied default | C5: Probability (per year) | E5: 0 | F5: OR
A6: ='Population Definitions'!$A$6 -> 10-17_males | B6: Framework-supplied default | C6: Probability (per year) | E6: 0 | F6: OR
A7: ='Population Definitions'!$A$7 -> 10-17_females | B7: Framework-supplied default | C7: Probability (per year) | E7: 0 | F7: OR
A8: ='Population Definitions'!$A$8 -> 18-64_males | B8: Framework-supplied default | C8: Probability (per year) | E8: 0 | F8: OR
A9: ='Population Definitions'!$A$9 -> 18-64_females | B9: Framework-supplied default | C9: Probability (per year) | E9: 0 | F9: OR
A10: ='Population Definitions'!$A$10 -> 65+_males | B10: Framework-supplied default | C10: Probability (per year) | E10: 0 | F10: OR
A11: ='Population Definitions'!$A$11 -> 65+_females | B11: Framework-supplied default | C11: Probability (per year) | E11: 0 | F11: OR
A12: ='Population Definitions'!$A$12 -> Prisoners_males | B12: Framework-supplied default | C12: Probability (per year) | E12: 0 | F12: OR
A13: ='Population Definitions'!$A$13 -> Prisoners_females | B13: Framework-supplied default | C13: Probability (per year) | E13: 0 | F13: OR
A15: Vaccine: duration for waning effectiveness | B15: Provenance | C15: Units | D15: Uncertainty | E15: Constant | G15: 2000 | H15: 2001 | I15: 2002 | J15: 2003 | K15: 2004 | L15: 2005 | M15: 2006 | N15: 2007 | O15: 2008 | P15: 2009 | Q15: 2010 | R15: 2011 | S15: 2012 | T15: 2013 | U15: 2014 | V15: 2015 | W15: 2016 | X15: 2017 | Y15: 2018 | Z15: 2019 | AA15: 2020 | AB15: 2021 | AC15: 2022 | AD15: 2023 | AE15: 2024 | AF15: 2025 | AG15: 2026 | AH15: 2027 | AI15: 2028 | AJ15: 2029 | AK15: 2030 | AL15: 2031 | AM15: 2032 | AN15: 2033 | AO15: 2034 | AP15: 2035 | AQ15: 2036 | AR15: 2037 | AS15: 2038 | AT15: 2039 | AU15: 2040 | AV15: 2041 | AW15: 2042 | AX15: 2043 | AY15: 2044 | AZ15: 2045 | BA15: 2046 | BB15: 2047 | BC15: 2048 | BD15: 2049 | BE15: 2050
A16: ='Population Definitions'!$A$2 -> PWID_males | B16: Framework-supplied default | C16: Duration (years) | E16: 5 | F16: OR
A17: ='Population Definitions'!$A$3 -> PWID_females | B17: Framework-supplied default | C17: Duration (years) | E17: 5 | F17: OR
A18: ='Population Definitions'!$A$4 -> 0-9_males | B18: Framework-supplied default | C18: Duration (years) | E18: 5 | F18: OR
A19: ='Population Definitions'!$A$5 -> 0-9_females | B19: Framework-supplied default | C19: Duration (years) | E19: 5 | F19: OR
A20: ='Population Definitions'!$A$6 -> 10-17_males | B20: Framework-supplied default | C20: Duration (years) | E20: 5 | F20: OR
A21: ='Population Definitions'!$A$7 -> 10-17_females | B21: Framework-supplied default | C21: Duration (years) | E21: 5 | F21: OR
A22: ='Population Definitions'!$A$8 -> 18-64_males | B22: Framework-supplied default | C22: Duration (years) | E22: 5 | F22: OR
A23: ='Population Definitions'!$A$9 -> 18-64_females | B23: Framework-supplied default | C23: Duration (years) | E23: 5 | F23: OR
A24: ='Population Definitions'!$A$10 -> 65+_males | B24: Framework-supplied default | C24: Duration (years) | E24: 5 | F24: OR
A25: ='Population Definitions'!$A$11 -> 65+_females | B25: Framework-supplied default | C25: Duration (years) | E25: 5 | F25: OR
A26: ='Population Definitions'!$A$12 -> Prisoners_males | B26: Framework-supplied default | C26: Duration (years) | E26: 5 | F26: OR
A27: ='Population Definitions'!$A$13 -> Prisoners_females | B27: Framework-supplied default | C27: Duration (years) | E27: 5 | F27: OR
A29: Vaccine: proportion of HCV infections spontaneously clearing | B29: Provenance | C29: Units | D29: Uncertainty | E29: Constant | G29: 2000 | H29: 2001 | I29: 2002 | J29: 2003 | K29: 2004 | L29: 2005 | M29: 2006 | N29: 2007 | O29: 2008 | P29: 2009 | Q29: 2010 | R29: 2011 | S29: 2012 | T29: 2013 | U29: 2014 | V29: 2015 | W29: 2016 | X29: 2017 | Y29: 2018 | Z29: 2019 | AA29: 2020 | AB29: 2021 | AC29: 2022 | AD29: 2023 | AE29: 2024 | AF29: 2025 | AG29: 2026 | AH29: 2027 | AI29: 2028 | AJ29: 2029 | AK29: 2030 | AL29: 2031 | AM29: 2032 | AN29: 2033 | AO29: 2034 | AP29: 2035 | AQ29: 2036 | AR29: 2037 | AS29: 2038 | AT29: 2039 | AU29: 2040 | AV29: 2041 | AW29: 2042 | AX29: 2043 | AY29: 2044 | AZ29: 2045 | BA29: 2046 | BB29: 2047 | BC29: 2048 | BD29: 2049 | BE29: 2050
A30: ='Population Definitions'!$A$2 -> PWID_males | B30: Framework-supplied default | C30: Proportion | E30: 0.8 | F30: OR
A31: ='Population Definitions'!$A$3 -> PWID_females | B31: Framework-supplied default | C31: Proportion | E31: 0.8 | F31: OR
A32: ='Population Definitions'!$A$4 -> 0-9_males | B32: Framework-supplied default | C32: Proportion | E32: 0.8 | F32: OR
A33: ='Population Definitions'!$A$5 -> 0-9_females | B33: Framework-supplied default | C33: Proportion | E33: 0.8 | F33: OR
A34: ='Population Definitions'!$A$6 -> 10-17_males | B34: Framework-supplied default | C34: Proportion | E34: 0.8 | F34: OR
A35: ='Population Definitions'!$A$7 -> 10-17_females | B35: Framework-supplied default | C35: Proportion | E35: 0.8 | F35: OR
A36: ='Population Definitions'!$A$8 -> 18-64_males | B36: Framework-supplied default | C36: Proportion | E36: 0.8 | F36: OR
A37: ='Population Definitions'!$A$9 -> 18-64_females | B37: Framework-supplied default | C37: Proportion | E37: 0.8 | F37: OR
A38: ='Population Definitions'!$A$10 -> 65+_males | B38: Framework-supplied default | C38: Proportion | E38: 0.8 | F38: OR
A39: ='Population Definitions'!$A$11 -> 65+_females | B39: Framework-supplied default | C39: Proportion | E39: 0.8 | F39: OR
A40: ='Population Definitions'!$A$12 -> Prisoners_males | B40: Framework-supplied default | C40: Proportion | E40: 0.8 | F40: OR
A41: ='Population Definitions'!$A$13 -> Prisoners_females | B41: Framework-supplied default | C41: Proportion | E41: 0.8 | F41: OR
A43: Vaccine: duration for spontaneous viral clearance | B43: Provenance | C43: Units | D43: Uncertainty | E43: Constant | G43: 2000 | H43: 2001 | I43: 2002 | J43: 2003 | K43: 2004 | L43: 2005 | M43: 2006 | N43: 2007 | O43: 2008 | P43: 2009 | Q43: 2010 | R43: 2011 | S43: 2012 | T43: 2013 | U43: 2014 | V43: 2015 | W43: 2016 | X43: 2017 | Y43: 2018 | Z43: 2019 | AA43: 2020 | AB43: 2021 | AC43: 2022 | AD43: 2023 | AE43: 2024 | AF43: 2025 | AG43: 2026 | AH43: 2027 | AI43: 2028 | AJ43: 2029 | AK43: 2030 | AL43: 2031 | AM43: 2032 | AN43: 2033 | AO43: 2034 | AP43: 2035 | AQ43: 2036 | AR43: 2037 | AS43: 2038 | AT43: 2039 | AU43: 2040 | AV43: 2041 | AW43: 2042 | AX43: 2043 | AY43: 2044 | AZ43: 2045 | BA43: 2046 | BB43: 2047 | BC43: 2048 | BD43: 2049 | BE43: 2050
A44: ='Population Definitions'!$A$2 -> PWID_males | B44: Framework-supplied default | C44: Duration (years) | E44: 1 | F44: OR
A45: ='Population Definitions'!$A$3 -> PWID_females | B45: Framework-supplied default | C45: Duration (years) | E45: 1 | F45: OR
A46: ='Population Definitions'!$A$4 -> 0-9_males | B46: Framework-supplied default | C46: Duration (years) | E46: 1 | F46: OR
A47: ='Population Definitions'!$A$5 -> 0-9_females | B47: Framework-supplied default | C47: Duration (years) | E47: 1 | F47: OR
A48: ='Population Definitions'!$A$6 -> 10-17_males | B48: Framework-supplied default | C48: Duration (years) | E48: 1 | F48: OR
A49: ='Population Definitions'!$A$7 -> 10-17_females | B49: Framework-supplied default | C49: Duration (years) | E49: 1 | F49: OR
A50: ='Population Definitions'!$A$8 -> 18-64_males | B50: Framework-supplied default | C50: Duration (years) | E50: 1 | F50: OR
A51: ='Population Definitions'!$A$9 -> 18-64_females | B51: Framework-supplied default | C51: Duration (years) | E51: 1 | F51: OR
A52: ='Population Definitions'!$A$10 -> 65+_males | B52: Framework-supplied default | C52: Duration (years) | E52: 1 | F52: OR
A53: ='Population Definitions'!$A$11 -> 65+_females | B53: Framework-supplied default | C53: Duration (years) | E53: 1 | F53: OR
A54: ='Population Definitions'!$A$12 -> Prisoners_males | B54: Framework-supplied default | C54: Duration (years) | E54: 1 | F54: OR
A55: ='Population Definitions'!$A$13 -> Prisoners_females | B55: Framework-supplied default | C55: Duration (years) | E55: 1 | F55: OR
A57: Vaccine: FOI multiplier for PWID | B57: Provenance | C57: Units | D57: Uncertainty | E57: Constant | G57: 2000 | H57: 2001 | I57: 2002 | J57: 2003 | K57: 2004 | L57: 2005 | M57: 2006 | N57: 2007 | O57: 2008 | P57: 2009 | Q57: 2010 | R57: 2011 | S57: 2012 | T57: 2013 | U57: 2014 | V57: 2015 | W57: 2016 | X57: 2017 | Y57: 2018 | Z57: 2019 | AA57: 2020 | AB57: 2021 | AC57: 2022 | AD57: 2023 | AE57: 2024 | AF57: 2025 | AG57: 2026 | AH57: 2027 | AI57: 2028 | AJ57: 2029 | AK57: 2030 | AL57: 2031 | AM57: 2032 | AN57: 2033 | AO57: 2034 | AP57: 2035 | AQ57: 2036 | AR57: 2037 | AS57: 2038 | AT57: 2039 | AU57: 2040 | AV57: 2041 | AW57: 2042 | AX57: 2043 | AY57: 2044 | AZ57: 2045 | BA57: 2046 | BB57: 2047 | BC57: 2048 | BD57: 2049 | BE57: 2050
A58: ='Population Definitions'!$A$2 -> PWID_males | B58: Framework-supplied default | C58: N.A. | E58: 1 | F58: OR
A59: ='Population Definitions'!$A$3 -> PWID_females | B59: Framework-supplied default | C59: N.A. | E59: 1 | F59: OR
A60: ='Population Definitions'!$A$4 -> 0-9_males | B60: Framework-supplied default | C60: N.A. | E60: 1 | F60: OR
A61: ='Population Definitions'!$A$5 -> 0-9_females | B61: Framework-supplied default | C61: N.A. | E61: 1 | F61: OR
A62: ='Population Definitions'!$A$6 -> 10-17_males | B62: Framework-supplied default | C62: N.A. | E62: 1 | F62: OR
A63: ='Population Definitions'!$A$7 -> 10-17_females | B63: Framework-supplied default | C63: N.A. | E63: 1 | F63: OR
A64: ='Population Definitions'!$A$8 -> 18-64_males | B64: Framework-supplied default | C64: N.A. | E64: 1 | F64: OR
A65: ='Population Definitions'!$A$9 -> 18-64_females | B65: Framework-supplied default | C65: N.A. | E65: 1 | F65: OR
A66: ='Population Definitions'!$A$10 -> 65+_males | B66: Framework-supplied default | C66: N.A. | E66: 1 | F66: OR
A67: ='Population Definitions'!$A$11 -> 65+_females | B67: Framework-supplied default | C67: N.A. | E67: 1 | F67: OR
A68: ='Population Definitions'!$A$12 -> Prisoners_males | B68: Framework-supplied default | C68: N.A. | E68: 1 | F68: OR
A69: ='Population Definitions'!$A$13 -> Prisoners_females | B69: Framework-supplied default | C69: N.A. | E69: 1 | F69: OR
A71: Vaccine: FOI multiplier for gPop | B71: Provenance | C71: Units | D71: Uncertainty | E71: Constant | G71: 2000 | H71: 2001 | I71: 2002 | J71: 2003 | K71: 2004 | L71: 2005 | M71: 2006 | N71: 2007 | O71: 2008 | P71: 2009 | Q71: 2010 | R71: 2011 | S71: 2012 | T71: 2013 | U71: 2014 | V71: 2015 | W71: 2016 | X71: 2017 | Y71: 2018 | Z71: 2019 | AA71: 2020 | AB71: 2021 | AC71: 2022 | AD71: 2023 | AE71: 2024 | AF71: 2025 | AG71: 2026 | AH71: 2027 | AI71: 2028 | AJ71: 2029 | AK71: 2030 | AL71: 2031 | AM71: 2032 | AN71: 2033 | AO71: 2034 | AP71: 2035 | AQ71: 2036 | AR71: 2037 | AS71: 2038 | AT71: 2039 | AU71: 2040 | AV71: 2041 | AW71: 2042 | AX71: 2043 | AY71: 2044 | AZ71: 2045 | BA71: 2046 | BB71: 2047 | BC71: 2048 | BD71: 2049 | BE71: 2050
A72: ='Population Definitions'!$A$2 -> PWID_males | B72: Framework-supplied default | C72: N.A. | E72: 1 | F72: OR
A73: ='Population Definitions'!$A$3 -> PWID_females | B73: Framework-supplied default | C73: N.A. | E73: 1 | F73: OR
A74: ='Population Definitions'!$A$4 -> 0-9_males | B74: Framework-supplied default | C74: N.A. | E74: 1 | F74: OR
A75: ='Population Definitions'!$A$5 -> 0-9_females | B75: Framework-supplied default | C75: N.A. | E75: 1 | F75: OR
A76: ='Population Definitions'!$A$6 -> 10-17_males | B76: Framework-supplied default | C76: N.A. | E76: 1 | F76: OR
A77: ='Population Definitions'!$A$7 -> 10-17_females | B77: Framework-supplied default | C77: N.A. | E77: 1 | F77: OR
A78: ='Population Definitions'!$A$8 -> 18-64_males | B78: Framework-supplied default | C78: N.A. | E78: 1 | F78: OR
A79: ='Population Definitions'!$A$9 -> 18-64_females | B79: Framework-supplied default | C79: N.A. | E79: 1 | F79: OR
A80: ='Population Definitions'!$A$10 -> 65+_males | B80: Framework-supplied default | C80: N.A. | E80: 1 | F80: OR
A81: ='Population Definitions'!$A$11 -> 65+_females | B81: Framework-supplied default | C81: N.A. | E81: 1 | F81: OR
A82: ='Population Definitions'!$A$12 -> Prisoners_males | B82: Framework-supplied default | C82: N.A. | E82: 1 | F82: OR
A83: ='Population Definitions'!$A$13 -> Prisoners_females | B83: Framework-supplied default | C83: N.A. | E83: 1 | F83: OR

Sheet Interactions
A1: Abbreviation | B1: Full Name | C1: From population type | D1: To population type
A2: idu | B2: Injecting Drug Use Transmission | C2: human | D2: human
B4: ='Population Definitions'!$A$2 -> PWID_males | C4: ='Population Definitions'!$A$3 -> PWID_females | D4: ='Population Definitions'!$A$4 -> 0-9_males | E4: ='Population Definitions'!$A$5 -> 0-9_females | F4: ='Population Definitions'!$A$6 -> 10-17_males | G4: ='Population Definitions'!$A$7 -> 10-17_females | H4: ='Population Definitions'!$A$8 -> 18-64_males | I4: ='Population Definitions'!$A$9 -> 18-64_females | J4: ='Population Definitions'!$A$10 -> 65+_males | K4: ='Population Definitions'!$A$11 -> 65+_females | L4: ='Population Definitions'!$A$12 -> Prisoners_males | M4: ='Population Definitions'!$A$13 -> Prisoners_females
A5: ='Population Definitions'!$A$2 -> PWID_males | B5: Y | C5: Y | D5: N | E5: N | F5: N | G5: N | H5: N | I5: N | J5: N | K5: N | L5: N | M5: N
A6: ='Population Definitions'!$A$3 -> PWID_females | B6: Y | C6: Y | D6: N | E6: N | F6: N | G6: N | H6: N | I6: N | J6: N | K6: N | L6: N | M6: N
A7: ='Population Definitions'!$A$4 -> 0-9_males | B7: N | C7: N | D7: N | E7: N | F7: N | G7: N | H7: N | I7: N | J7: N | K7: N | L7: N | M7: N
A8: ='Population Definitions'!$A$5 -> 0-9_females | B8: N | C8: N | D8: N | E8: N | F8: N | G8: N | H8: N | I8: N | J8: N | K8: N | L8: N | M8: N
A9: ='Population Definitions'!$A$6 -> 10-17_males | B9: N | C9: N | D9: N | E9: N | F9: N | G9: N | H9: N | I9: N | J9: N | K9: N | L9: N | M9: N
A10: ='Population Definitions'!$A$7 -> 10-17_females | B10: N | C10: N | D10: N | E10: N | F10: N | G10: N | H10: N | I10: N | J10: N | K10: N | L10: N | M10: N
A11: ='Population Definitions'!$A$8 -> 18-64_males | B11: N | C11: N | D11: N | E11: N | F11: N | G11: N | H11: N | I11: N | J11: N | K11: N | L11: N | M11: N
A12: ='Population Definitions'!$A$9 -> 18-64_females | B12: N | C12: N | D12: N | E12: N | F12: N | G12: N | H12: N | I12: N | J12: N | K12: N | L12: N | M12: N
A13: ='Population Definitions'!$A$10 -> 65+_males | B13: N | C13: N | D13: N | E13: N | F13: N | G13: N | H13: N | I13: N | J13: N | K13: N | L13: N | M13: N
A14: ='Population Definitions'!$A$11 -> 65+_females | B14: N | C14: N | D14: N | E14: N | F14: N | G14: N | H14: N | I14: N | J14: N | K14: N | L14: N | M14: N
A15: ='Population Definitions'!$A$12 -> Prisoners_males | B15: N | C15: N | D15: N | E15: N | F15: N | G15: N | H15: N | I15: N | J15: N | K15: N | L15: Y | M15: N
A16: ='Population Definitions'!$A$13 -> Prisoners_females | B16: N | C16: N | D16: N | E16: N | F16: N | G16: N | H16: N | I16: N | J16: N | K16: N | L16: N | M16: Y
A18: From population | C18: To population | D18: Provenance | E18: Units | F18: Uncertainty | G18: Constant | I18: 2000 | J18: 2001 | K18: 2002 | L18: 2003 | M18: 2004 | N18: 2005 | O18: 2006 | P18: 2007 | Q18: 2008 | R18: 2009 | S18: 2010 | T18: 2011 | U18: 2012 | V18: 2013 | W18: 2014 | X18: 2015 | Y18: 2016 | Z18: 2017 | AA18: 2018 | AB18: 2019 | AC18: 2020 | AD18: 2021 | AE18: 2022 | AF18: 2023 | AG18: 2024 | AH18: 2025 | AI18: 2026 | AJ18: 2027 | AK18: 2028 | AL18: 2029 | AM18: 2030 | AN18: 2031 | AO18: 2032 | AP18: 2033 | AQ18: 2034 | AR18: 2035 | AS18: 2036 | AT18: 2037 | AU18: 2038 | AV18: 2039 | AW18: 2040 | AX18: 2041 | AY18: 2042 | AZ18: 2043 | BA18: 2044 | BB18: 2045 | BC18: 2046 | BD18: 2047 | BE18: 2048 | BF18: 2049 | BG18: 2050
A19: =IF($B$5="Y",'Population Definitions'!$A$2,"...") -> PWID_males | B19: =IF($B$5="Y","--->","...") -> ---> | C19: =IF($B$5="Y",'Population Definitions'!$A$2,"...") -> PWID_males | D19: Framework-supplied default | E19: N.A. | G19: 1 | H19: =IF($B$5="Y","OR","...") -> OR
A20: =IF($C$5="Y",'Population Definitions'!$A$2,"...") -> PWID_males | B20: =IF($C$5="Y","--->","...") -> ---> | C20: =IF($C$5="Y",'Population Definitions'!$A$3,"...") -> PWID_females | D20: Framework-supplied default | E20: N.A. | G20: 1 | H20: =IF($C$5="Y","OR","...") -> OR
A21: =IF($D$5="Y",'Population Definitions'!$A$2,"...") -> ... | B21: =IF($D$5="Y","--->","...") -> ... | C21: =IF($D$5="Y",'Population Definitions'!$A$4,"...") -> ... | H21: =IF($D$5="Y","OR","...") -> ...
A22: =IF($E$5="Y",'Population Definitions'!$A$2,"...") -> ... | B22: =IF($E$5="Y","--->","...") -> ... | C22: =IF($E$5="Y",'Population Definitions'!$A$5,"...") -> ... | H22: =IF($E$5="Y","OR","...") -> ...
A23: =IF($F$5="Y",'Population Definitions'!$A$2,"...") -> ... | B23: =IF($F$5="Y","--->","...") -> ... | C23: =IF($F$5="Y",'Population Definitions'!$A$6,"...") -> ... | H23: =IF($F$5="Y","OR","...") -> ...
A24: =IF($G$5="Y",'Population Definitions'!$A$2,"...") -> ... | B24: =IF($G$5="Y","--->","...") -> ... | C24: =IF($G$5="Y",'Population Definitions'!$A$7,"...") -> ... | H24: =IF($G$5="Y","OR","...") -> ...
A25: =IF($H$5="Y",'Population Definitions'!$A$2,"...") -> ... | B25: =IF($H$5="Y","--->","...") -> ... | C25: =IF($H$5="Y",'Population Definitions'!$A$8,"...") -> ... | H25: =IF($H$5="Y","OR","...") -> ...
A26: =IF($I$5="Y",'Population Definitions'!$A$2,"...") -> ... | B26: =IF($I$5="Y","--->","...") -> ... | C26: =IF($I$5="Y",'Population Definitions'!$A$9,"...") -> ... | H26: =IF($I$5="Y","OR","...") -> ...
A27: =IF($J$5="Y",'Population Definitions'!$A$2,"...") -> ... | B27: =IF($J$5="Y","--->","...") -> ... | C27: =IF($J$5="Y",'Population Definitions'!$A$10,"...") -> ... | H27: =IF($J$5="Y","OR","...") -> ...
A28: =IF($K$5="Y",'Population Definitions'!$A$2,"...") -> ... | B28: =IF($K$5="Y","--->","...") -> ... | C28: =IF($K$5="Y",'Population Definitions'!$A$11,"...") -> ... | H28: =IF($K$5="Y","OR","...") -> ...
A29: =IF($L$5="Y",'Population Definitions'!$A$2,"...") -> ... | B29: =IF($L$5="Y","--->","...") -> ... | C29: =IF($L$5="Y",'Population Definitions'!$A$12,"...") -> ... | H29: =IF($L$5="Y","OR","...") -> ...
A30: =IF($M$5="Y",'Population Definitions'!$A$2,"...") -> ... | B30: =IF($M$5="Y","--->","...") -> ... | C30: =IF($M$5="Y",'Population Definitions'!$A$13,"...") -> ... | H30: =IF($M$5="Y","OR","...") -> ...
A31: =IF($B$6="Y",'Population Definitions'!$A$3,"...") -> PWID_females | B31: =IF($B$6="Y","--->","...") -> ---> | C31: =IF($B$6="Y",'Population Definitions'!$A$2,"...") -> PWID_males | D31: Framework-supplied default | E31: N.A. | G31: 1 | H31: =IF($B$6="Y","OR","...") -> OR
A32: =IF($C$6="Y",'Population Definitions'!$A$3,"...") -> PWID_females | B32: =IF($C$6="Y","--->","...") -> ---> | C32: =IF($C$6="Y",'Population Definitions'!$A$3,"...") -> PWID_females | D32: Framework-supplied default | E32: N.A. | G32: 1 | H32: =IF($C$6="Y","OR","...") -> OR
A33: =IF($D$6="Y",'Population Definitions'!$A$3,"...") -> ... | B33: =IF($D$6="Y","--->","...") -> ... | C33: =IF($D$6="Y",'Population Definitions'!$A$4,"...") -> ... | H33: =IF($D$6="Y","OR","...") -> ...
A34: =IF($E$6="Y",'Population Definitions'!$A$3,"...") -> ... | B34: =IF($E$6="Y","--->","...") -> ... | C34: =IF($E$6="Y",'Population Definitions'!$A$5,"...") -> ... | H34: =IF($E$6="Y","OR","...") -> ...
A35: =IF($F$6="Y",'Population Definitions'!$A$3,"...") -> ... | B35: =IF($F$6="Y","--->","...") -> ... | C35: =IF($F$6="Y",'Population Definitions'!$A$6,"...") -> ... | H35: =IF($F$6="Y","OR","...") -> ...
A36: =IF($G$6="Y",'Population Definitions'!$A$3,"...") -> ... | B36: =IF($G$6="Y","--->","...") -> ... | C36: =IF($G$6="Y",'Population Definitions'!$A$7,"...") -> ... | H36: =IF($G$6="Y","OR","...") -> ...
A37: =IF($H$6="Y",'Population Definitions'!$A$3,"...") -> ... | B37: =IF($H$6="Y","--->","...") -> ... | C37: =IF($H$6="Y",'Population Definitions'!$A$8,"...") -> ... | H37: =IF($H$6="Y","OR","...") -> ...
A38: =IF($I$6="Y",'Population Definitions'!$A$3,"...") -> ... | B38: =IF($I$6="Y","--->","...") -> ... | C38: =IF($I$6="Y",'Population Definitions'!$A$9,"...") -> ... | H38: =IF($I$6="Y","OR","...") -> ...
A39: =IF($J$6="Y",'Population Definitions'!$A$3,"...") -> ... | B39: =IF($J$6="Y","--->","...") -> ... | C39: =IF($J$6="Y",'Population Definitions'!$A$10,"...") -> ... | H39: =IF($J$6="Y","OR","...") -> ...
A40: =IF($K$6="Y",'Population Definitions'!$A$3,"...") -> ... | B40: =IF($K$6="Y","--->","...") -> ... | C40: =IF($K$6="Y",'Population Definitions'!$A$11,"...") -> ... | H40: =IF($K$6="Y","OR","...") -> ...
A41: =IF($L$6="Y",'Population Definitions'!$A$3,"...") -> ... | B41: =IF($L$6="Y","--->","...") -> ... | C41: =IF($L$6="Y",'Population Definitions'!$A$12,"...") -> ... | H41: =IF($L$6="Y","OR","...") -> ...
A42: =IF($M$6="Y",'Population Definitions'!$A$3,"...") -> ... | B42: =IF($M$6="Y","--->","...") -> ... | C42: =IF($M$6="Y",'Population Definitions'!$A$13,"...") -> ... | H42: =IF($M$6="Y","OR","...") -> ...
A43: =IF($B$7="Y",'Population Definitions'!$A$4,"...") -> ... | B43: =IF($B$7="Y","--->","...") -> ... | C43: =IF($B$7="Y",'Population Definitions'!$A$2,"...") -> ... | H43: =IF($B$7="Y","OR","...") -> ...
A44: =IF($C$7="Y",'Population Definitions'!$A$4,"...") -> ... | B44: =IF($C$7="Y","--->","...") -> ... | C44: =IF($C$7="Y",'Population Definitions'!$A$3,"...") -> ... | H44: =IF($C$7="Y","OR","...") -> ...
A45: =IF($D$7="Y",'Population Definitions'!$A$4,"...") -> ... | B45: =IF($D$7="Y","--->","...") -> ... | C45: =IF($D$7="Y",'Population Definitions'!$A$4,"...") -> ... | H45: =IF($D$7="Y","OR","...") -> ...
A46: =IF($E$7="Y",'Population Definitions'!$A$4,"...") -> ... | B46: =IF($E$7="Y","--->","...") -> ... | C46: =IF($E$7="Y",'Population Definitions'!$A$5,"...") -> ... | H46: =IF($E$7="Y","OR","...") -> ...
A47: =IF($F$7="Y",'Population Definitions'!$A$4,"...") -> ... | B47: =IF($F$7="Y","--->","...") -> ... | C47: =IF($F$7="Y",'Population Definitions'!$A$6,"...") -> ... | H47: =IF($F$7="Y","OR","...") -> ...
A48: =IF($G$7="Y",'Population Definitions'!$A$4,"...") -> ... | B48: =IF($G$7="Y","--->","...") -> ... | C48: =IF($G$7="Y",'Population Definitions'!$A$7,"...") -> ... | H48: =IF($G$7="Y","OR","...") -> ...
A49: =IF($H$7="Y",'Population Definitions'!$A$4,"...") -> ... | B49: =IF($H$7="Y","--->","...") -> ... | C49: =IF($H$7="Y",'Population Definitions'!$A$8,"...") -> ... | H49: =IF($H$7="Y","OR","...") -> ...
A50: =IF($I$7="Y",'Population Definitions'!$A$4,"...") -> ... | B50: =IF($I$7="Y","--->","...") -> ... | C50: =IF($I$7="Y",'Population Definitions'!$A$9,"...") -> ... | H50: =IF($I$7="Y","OR","...") -> ...
A51: =IF($J$7="Y",'Population Definitions'!$A$4,"...") -> ... | B51: =IF($J$7="Y","--->","...") -> ... | C51: =IF($J$7="Y",'Population Definitions'!$A$10,"...") -> ... | H51: =IF($J$7="Y","OR","...") -> ...
A52: =IF($K$7="Y",'Population Definitions'!$A$4,"...") -> ... | B52: =IF($K$7="Y","--->","...") -> ... | C52: =IF($K$7="Y",'Population Definitions'!$A$11,"...") -> ... | H52: =IF($K$7="Y","OR","...") -> ...
A53: =IF($L$7="Y",'Population Definitions'!$A$4,"...") -> ... | B53: =IF($L$7="Y","--->","...") -> ... | C53: =IF($L$7="Y",'Population Definitions'!$A$12,"...") -> ... | H53: =IF($L$7="Y","OR","...") -> ...
A54: =IF($M$7="Y",'Population Definitions'!$A$4,"...") -> ... | B54: =IF($M$7="Y","--->","...") -> ... | C54: =IF($M$7="Y",'Population Definitions'!$A$13,"...") -> ... | H54: =IF($M$7="Y","OR","...") -> ...
A55: =IF($B$8="Y",'Population Definitions'!$A$5,"...") -> ... | B55: =IF($B$8="Y","--->","...") -> ... | C55: =IF($B$8="Y",'Population Definitions'!$A$2,"...") -> ... | H55: =IF($B$8="Y","OR","...") -> ...
A56: =IF($C$8="Y",'Population Definitions'!$A$5,"...") -> ... | B56: =IF($C$8="Y","--->","...") -> ... | C56: =IF($C$8="Y",'Population Definitions'!$A$3,"...") -> ... | H56: =IF($C$8="Y","OR","...") -> ...
A57: =IF($D$8="Y",'Population Definitions'!$A$5,"...") -> ... | B57: =IF($D$8="Y","--->","...") -> ... | C57: =IF($D$8="Y",'Population Definitions'!$A$4,"...") -> ... | H57: =IF($D$8="Y","OR","...") -> ...
A58: =IF($E$8="Y",'Population Definitions'!$A$5,"...") -> ... | B58: =IF($E$8="Y","--->","...") -> ... | C58: =IF($E$8="Y",'Population Definitions'!$A$5,"...") -> ... | H58: =IF($E$8="Y","OR","...") -> ...
A59: =IF($F$8="Y",'Population Definitions'!$A$5,"...") -> ... | B59: =IF($F$8="Y","--->","...") -> ... | C59: =IF($F$8="Y",'Population Definitions'!$A$6,"...") -> ... | H59: =IF($F$8="Y","OR","...") -> ...
A60: =IF($G$8="Y",'Population Definitions'!$A$5,"...") -> ... | B60: =IF($G$8="Y","--->","...") -> ... | C60: =IF($G$8="Y",'Population Definitions'!$A$7,"...") -> ... | H60: =IF($G$8="Y","OR","...") -> ...
A61: =IF($H$8="Y",'Population Definitions'!$A$5,"...") -> ... | B61: =IF($H$8="Y","--->","...") -> ... | C61: =IF($H$8="Y",'Population Definitions'!$A$8,"...") -> ... | H61: =IF($H$8="Y","OR","...") -> ...
A62: =IF($I$8="Y",'Population Definitions'!$A$5,"...") -> ... | B62: =IF($I$8="Y","--->","...") -> ... | C62: =IF($I$8="Y",'Population Definitions'!$A$9,"...") -> ... | H62: =IF($I$8="Y","OR","...") -> ...
A63: =IF($J$8="Y",'Population Definitions'!$A$5,"...") -> ... | B63: =IF($J$8="Y","--->","...") -> ... | C63: =IF($J$8="Y",'Population Definitions'!$A$10,"...") -> ... | H63: =IF($J$8="Y","OR","...") -> ...
A64: =IF($K$8="Y",'Population Definitions'!$A$5,"...") -> ... | B64: =IF($K$8="Y","--->","...") -> ... | C64: =IF($K$8="Y",'Population Definitions'!$A$11,"...") -> ... | H64: =IF($K$8="Y","OR","...") -> ...
A65: =IF($L$8="Y",'Population Definitions'!$A$5,"...") -> ... | B65: =IF($L$8="Y","--->","...") -> ... | C65: =IF($L$8="Y",'Population Definitions'!$A$12,"...") -> ... | H65: =IF($L$8="Y","OR","...") -> ...
A66: =IF($M$8="Y",'Population Definitions'!$A$5,"...") -> ... | B66: =IF($M$8="Y","--->","...") -> ... | C66: =IF($M$8="Y",'Population Definitions'!$A$13,"...") -> ... | H66: =IF($M$8="Y","OR","...") -> ...
A67: =IF($B$9="Y",'Population Definitions'!$A$6,"...") -> ... | B67: =IF($B$9="Y","--->","...") -> ... | C67: =IF($B$9="Y",'Population Definitions'!$A$2,"...") -> ... | H67: =IF($B$9="Y","OR","...") -> ...
A68: =IF($C$9="Y",'Population Definitions'!$A$6,"...") -> ... | B68: =IF($C$9="Y","--->","...") -> ... | C68: =IF($C$9="Y",'Population Definitions'!$A$3,"...") -> ... | H68: =IF($C$9="Y","OR","...") -> ...
A69: =IF($D$9="Y",'Population Definitions'!$A$6,"...") -> ... | B69: =IF($D$9="Y","--->","...") -> ... | C69: =IF($D$9="Y",'Population Definitions'!$A$4,"...") -> ... | H69: =IF($D$9="Y","OR","...") -> ...
