Workbook

Sheet Population Definitions
A1: Abbreviation | B1: Full Name | C1: Population type
A2: PWID_males | B2: People Who Inject Drugs (males) | C2: human
A3: PWID_females | B3: People Who Inject Drugs (females) | C3: human
A4: 0-9_males | B4: General Population 0-9 males | C4: human
A5: 0-9_females | B5: General Population 0-9 females | C5: human
A6: 10-17_males | B6: General Population 10-17 males | C6: human
A7: 10-17_females | B7: General Population 10-17 females | C7: human
A8: 18-64_males | B8: General Population 18-64 males | C8: human
A9: 18-64_females | B9: General Population 18-64 females | C9: human
A10: 65+_males | B10: General Population 65+ males | C10: human
A11: 65+_females | B11: General Population 65+ females | C11: human
A12: Prisoners_males | B12: Prisoners (males) | C12: human
... A15: Prisoners_PWID_females | B15: Prisoners (females) | C15: human

Sheet Disease Burden
A1: Population living with chronic HCV | B1: Provenance | C1: Units | D1: Uncertainty | E1: 2000 | F1: 2001 | G1: 2002 | H1: 2003 | I1: 2004 | J1: 2005 | K1: 2006 | L1: 2007 | M1: 2008 | N1: 2009 | O1: 2010 | P1: 2011 | Q1: 2012 | R1: 2013 | S1: 2014 | T1: 2015 | U1: 2016 | V1: 2017 | W1: 2018 | X1: 2019 | Y1: 2020 | Z1: 2021 | AA1: 2022 | AB1: 2023 | AC1: 2024 | AD1: 2025 | AE1: 2026 | AF1: 2027 | AG1: 2028 | AH1: 2029 | AI1: 2030 | AJ1: 2031 | AK1: 2032 | AL1: 2033 | AM1: 2034 | AN1: 2035 | AO1: 2036 | AP1: 2037 | AQ1: 2038 | AR1: 2039 | AS1: 2040 | AT1: 2041 | AU1: 2042 | AV1: 2043 | AW1: 2044 | AX1: 2045 | AY1: 2046 | AZ1: 2047 | BA1: 2048 | BB1: 2049 | BC1: 2050
A2: ='Population Definitions'!$A$2 -> PWID_males | C2: Number | E2: 9264.2462
A3: ='Population Definitions'!$A$3 -> PWID_females | C3: Number | E3: 434.60768
A4: ='Population Definitions'!$A$4 -> 0-9_males | C4: Number | E4: 0
A5: ='Population Definitions'!$A$5 -> 0-9_females | C5: Number | E5: 0
A6: ='Population Definitions'!$A$6 -> 10-17_males | C6: Number | E6: 0
A7: ='Population Definitions'!$A$7 -> 10-17_females | C7: Number | E7: 0
A8: ='Population Definitions'!$A$8 -> 18-64_males | C8: Number | E8: 1849362.2
A9: ='Population Definitions'!$A$9 -> 18-64_females | C9: Number | E9: 1795946.6
A10: ='Population Definitions'!$A$10 -> 65+_males | C10: Number | E10: 118193.9
A11: ='Population Definitions'!$A$11 -> 65+_females | C11: Number | E11: 163089
A12: ='Population Definitions'!$A$12 -> Prisoners_males | C12: Number | E12: 4871.1254
A13: ='Population Definitions'!$A$13 -> Prisoners_females | C13: Number | E13: 221.24577
A14: ='Population Definitions'!$A$14 -> Prisoners_PWID_males | C14: Number | E14: 1145.8635
A15: ='Population Definitions'!$A$15 -> Prisoners_PWID_females | C15: Number | E15: 86.139788
A17: HCV Prevalence | B17: Provenance | C17: Units | D17: Uncertainty | E17: 2000 | F17: 2001 | G17: 2002 | H17: 2003 | I17: 2004 | J17: 2005 | K17: 2006 | L17: 2007 | M17: 2008 | N17: 2009 | O17: 2010 | P17: 2011 | Q17: 2012 | R17: 2013 | S17: 2014 | T17: 2015 | U17: 2016 | V17: 2017 | W17: 2018 | X17: 2019 | Y17: 2020 | Z17: 2021 | AA17: 2022 | AB17: 2023 | AC17: 2024 | AD17: 2025 | AE17: 2026 | AF17: 2027 | AG17: 2028 | AH17: 2029 | AI17: 2030 | AJ17: 2031 | AK17: 2032 | AL17: 2033 | AM17: 2034 | AN17: 2035 | AO17: 2036 | AP17: 2037 | AQ17: 2038 | AR17: 2039 | AS17: 2040 | AT17: 2041 | AU17: 2042 | AV17: 2043 | AW17: 2044 | AX17: 2045 | AY17: 2046 | AZ17: 2047 | BA17: 2048 | BB17: 2049 | BC17: 2050
A18: ='Population Definitions'!$A$2 -> PWID_males | C18: Fraction | E18: 0.3267 | O18: 0.3267 | T18: 0.371
A19: ='Population Definitions'!$A$3 -> PWID_females | C19: Fraction | E19: 0.3267 | O19: 0.3267 | T19: 0.371
A20: ='Population Definitions'!$A$4 -> 0-9_males | C20: Fraction | E20: 0 | O20: 0
A21: ='Population Definitions'!$A$5 -> 0-9_females | C21: Fraction | E21: 0 | O21: 0
A22: ='Population Definitions'!$A$6 -> 10-17_males | C22: Fraction | E22: 0 | O22: 0
A23: ='Population Definitions'!$A$7 -> 10-17_females | C23: Fraction | E23: 0 | O23: 0
A24: ='Population Definitions'!$A$8 -> 18-64_males | C24: Fraction | E24: 0.095602233 | O24: 0
A25: ='Population Definitions'!$A$9 -> 18-64_females | C25: Fraction | E25: 0.095602233 | O25: 0
A26: ='Population Definitions'!$A$10 -> 65+_males | C26: Fraction | E26: 0.095602233 | O26: 0
A27: ='Population Definitions'!$A$11 -> 65+_females | C27: Fraction | E27: 0.095602233 | O27: 0
A28: ='Population Definitions'!$A$12 -> Prisoners_males | C28: Fraction | E28: 0.095602233 | O28: 0
A29: ='Population Definitions'!$A$13 -> Prisoners_females | C29: Fraction | E29: 0.095602233 | O29: 0
A30: ='Population Definitions'!$A$14 -> Prisoners_PWID_males | C30: Fraction | E30: 0.371 | O30: 0.371
A31: ='Population Definitions'!$A$15 -> Prisoners_PWID_females | C31: Fraction | E31: 0.371 | O31: 0.371
A33: Proportion who have F0-F2 | B33: Provenance | C33: Units | D33: Uncertainty | E33: Constant | G33: 2000 | H33: 2001 | I33: 2002 | J33: 2003 | K33: 2004 | L33: 2005 | M33: 2006 | N33: 2007 | O33: 2008 | P33: 2009 | Q33: 2010 | R33: 2011 | S33: 2012 | T33: 2013 | U33: 2014 | V33: 2015 | W33: 2016 | X33: 2017 | Y33: 2018 | Z33: 2019 | AA33: 2020 | AB33: 2021 | AC33: 2022 | AD33: 2023 | AE33: 2024 | AF33: 2025 | AG33: 2026 | AH33: 2027 | AI33: 2028 | AJ33: 2029 | AK33: 2030 | AL33: 2031 | AM33: 2032 | AN33: 2033 | AO33: 2034 | AP33: 2035 | AQ33: 2036 | AR33: 2037 | AS33: 2038 | AT33: 2039 | AU33: 2040 | AV33: 2041 | AW33: 2042 | AX33: 2043 | AY33: 2044 | AZ33: 2045 | BA33: 2046 | BB33: 2047 | BC33: 2048 | BD33: 2049 | BE33: 2050
A34: ='Population Definitions'!$A$2 -> PWID_males | C34: Fraction | E34: 0.945 | F34: OR
A35: ='Population Definitions'!$A$3 -> PWID_females | C35: Fraction | E35: 0.945 | F35: OR
A36: ='Population Definitions'!$A$4 -> 0-9_males | C36: Fraction | E36: 0.945 | F36: OR
A37: ='Population Definitions'!$A$5 -> 0-9_females | C37: Fraction | E37: 0.945 | F37: OR
A38: ='Population Definitions'!$A$6 -> 10-17_males | C38: Fraction | E38: 0.945 | F38: OR
A39: ='Population Definitions'!$A$7 -> 10-17_females | C39: Fraction | E39: 0.945 | F39: OR
A40: ='Population Definitions'!$A$8 -> 18-64_males | C40: Fraction | E40: 0.945 | F40: OR
A41: ='Population Definitions'!$A$9 -> 18-64_females | C41: Fraction | E41: 0.945 | F41: OR
A42: ='Population Definitions'!$A$10 -> 65+_males | C42: Fraction | E42: 0.945 | F42: OR
A43: ='Population Definitions'!$A$11 -> 65+_females | C43: Fraction | E43: 0.945 | F43: OR
A44: ='Population Definitions'!$A$12 -> Prisoners_males | C44: Fraction | E44: 0.945 | F44: OR
A45: ='Population Definitions'!$A$13 -> Prisoners_females | C45: Fraction | E45: 0.945 | F45: OR
A46: ='Population Definitions'!$A$14 -> Prisoners_PWID_males | C46: Fraction | E46: 0.945 | F46: OR
A47: ='Population Definitions'!$A$15 -> Prisoners_PWID_females | C47: Fraction | E47: 0.945 | F47: OR
A49: Proportion who have F3 | B49: Provenance | C49: Units | D49: Uncertainty | E49: Constant | G49: 2000 | H49: 2001 | I49: 2002 | J49: 2003 | K49: 2004 | L49: 2005 | M49: 2006 | N49: 2007 | O49: 2008 | P49: 2009 | Q49: 2010 | R49: 2011 | S49: 2012 | T49: 2013 | U49: 2014 | V49: 2015 | W49: 2016 | X49: 2017 | Y49: 2018 | Z49: 2019 | AA49: 2020 | AB49: 2021 | AC49: 2022 | AD49: 2023 | AE49: 2024 | AF49: 2025 | AG49: 2026 | AH49: 2027 | AI49: 2028 | AJ49: 2029 | AK49: 2030 | AL49: 2031 | AM49: 2032 | AN49: 2033 | AO49: 2034 | AP49: 2035 | AQ49: 2036 | AR49: 2037 | AS49: 2038 | AT49: 2039 | AU49: 2040 | AV49: 2041 | AW49: 2042 | AX49: 2043 | AY49: 2044 | AZ49: 2045 | BA49: 2046 | BB49: 2047 | BC49: 2048 | BD49: 2049 | BE49: 2050
A50: ='Population Definitions'!$A$2 -> PWID_males | C50: Fraction | E50: 0.03 | F50: OR
A51: ='Population Definitions'!$A$3 -> PWID_females | C51: Fraction | E51: 0.03 | F51: OR
A52: ='Population Definitions'!$A$4 -> 0-9_males | C52: Fraction | E52: 0.03 | F52: OR
A53: ='Population Definitions'!$A$5 -> 0-9_females | C53: Fraction | E53: 0.03 | F53: OR
A54: ='Population Definitions'!$A$6 -> 10-17_males | C54: Fraction | E54: 0.03 | F54: OR
A55: ='Population Definitions'!$A$7 -> 10-17_females | C55: Fraction | E55: 0.03 | F55: OR
A56: ='Population Definitions'!$A$8 -> 18-64_males | C56: Fraction | E56: 0.03 | F56: OR
A57: ='Population Definitions'!$A$9 -> 18-64_females | C57: Fraction | E57: 0.03 | F57: OR
A58: ='Population Definitions'!$A$10 -> 65+_males | C58: Fraction | E58: 0.03 | F58: OR
A59: ='Population Definitions'!$A$11 -> 65+_females | C59: Fraction | E59: 0.03 | F59: OR
A60: ='Population Definitions'!$A$12 -> Prisoners_males | C60: Fraction | E60: 0.03 | F60: OR
A61: ='Population Definitions'!$A$13 -> Prisoners_females | C61: Fraction | E61: 0.03 | F61: OR
A62: ='Population Definitions'!$A$14 -> Prisoners_PWID_males | C62: Fraction | E62: 0.03 | F62: OR
A63: ='Population Definitions'!$A$15 -> Prisoners_PWID_females | C63: Fraction | E63: 0.03 | F63: OR
A65: Proportion who have F4 | B65: Provenance | C65: Units | D65: Uncertainty | E65: Constant | G65: 2000 | H65: 2001 | I65: 2002 | J65: 2003 | K65: 2004 | L65: 2005 | M65: 2006 | N65: 2007 | O65: 2008 | P65: 2009 | Q65: 2010 | R65: 2011 | S65: 2012 | T65: 2013 | U65: 2014 | V65: 2015 | W65: 2016 | X65: 2017 | Y65: 2018 | Z65: 2019 | AA65: 2020 | AB65: 2021 | AC65: 2022 | AD65: 2023 | AE65: 2024 | AF65: 2025 | AG65: 2026 | AH65: 2027 | AI65: 2028 | AJ65: 2029 | AK65: 2030 | AL65: 2031 | AM65: 2032 | AN65: 2033 | AO65: 2034 | AP65: 2035 | AQ65: 2036 | AR65: 2037 | AS65: 2038 | AT65: 2039 | AU65: 2040 | AV65: 2041 | AW65: 2042 | AX65: 2043 | AY65: 2044 | AZ65: 2045 | BA65: 2046 | BB65: 2047 | BC65: 2048 | BD65: 2049 | BE65: 2050
A66: ='Population Definitions'!$A$2 -> PWID_males | C66: Fraction | E66: 0.02 | F66: OR
A67: ='Population Definitions'!$A$3 -> PWID_females | C67: Fraction | E67: 0.02 | F67: OR
A68: ='Population Definitions'!$A$4 -> 0-9_males | C68: Fraction | E68: 0.02 | F68: OR
A69: ='Population Definitions'!$A$5 -> 0-9_females | C69: Fraction | E69: 0.02 | F69: OR
A70: ='Population Definitions'!$A$6 -> 10-17_males | C70: Fraction | E70: 0.02 | F70: OR
A71: ='Population Definitions'!$A$7 -> 10-17_females | C71: Fraction | E71: 0.02 | F71: OR
A72: ='Population Definitions'!$A$8 -> 18-64_males | C72: Fraction | E72: 0.02 | F72: OR
A73: ='Population Definitions'!$A$9 -> 18-64_females | C73: Fraction | E73: 0.02 | F73: OR
A74: ='Population Definitions'!$A$10 -> 65+_males | C74: Fraction | E74: 0.02 | F74: OR
A75: ='Population Definitions'!$A$11 -> 65+_females | C75: Fraction | E75: 0.02 | F75: OR
A76: ='Population Definitions'!$A$12 -> Prisoners_males | C76: Fraction | E76: 0.02 | F76: OR
A77: ='Population Definitions'!$A$13 -> Prisoners_females | C77: Fraction | E77: 0.02 | F77: OR
A78: ='Population Definitions'!$A$14 -> Prisoners_PWID_males | C78: Fraction | E78: 0.02 | F78: OR
A79: ='Population Definitions'!$A$15 -> Prisoners_PWID_females | C79: Fraction | E79: 0.02 | F79: OR
A81: Proportion who have DC | B81: Provenance | C81: Units | D81: Uncertainty | E81: Constant | G81: 2000 | H81: 2001 | I81: 2002 | J81: 2003 | K81: 2004 | L81: 2005 | M81: 2006 | N81: 2007 | O81: 2008 | P81: 2009 | Q81: 2010 | R81: 2011 | S81: 2012 | T81: 2013 | U81: 2014 | V81: 2015 | W81: 2016 | X81: 2017 | Y81: 2018 | Z81: 2019 | AA81: 2020 | AB81: 2021 | AC81: 2022 | AD81: 2023 | AE81: 2024 | AF81: 2025 | AG81: 2026 | AH81: 2027 | AI81: 2028 | AJ81: 2029 | AK81: 2030 | AL81: 2031 | AM81: 2032 | AN81: 2033 | AO81: 2034 | AP81: 2035 | AQ81: 2036 | AR81: 2037 | AS81: 2038 | AT81: 2039 | AU81: 2040 | AV81: 2041 | AW81: 2042 | AX81: 2043 | AY81: 2044 | AZ81: 2045 | BA81: 2046 | BB81: 2047 | BC81: 2048 | BD81: 2049 | BE81: 2050
A82: ='Population Definitions'!$A$2 -> PWID_males | C82: Fraction | E82: 0.0045 | F82: OR
A83: ='Population Definitions'!$A$3 -> PWID_females | C83: Fraction | E83: 0.0045 | F83: OR
A84: ='Population Definitions'!$A$4 -> 0-9_males | C84: Fraction | E84: 0.0045 | F84: OR
A85: ='Population Definitions'!$A$5 -> 0-9_females | C85: Fraction | E85: 0.0045 | F85: OR
A86: ='Population Definitions'!$A$6 -> 10-17_males | C86: Fraction | E86: 0.0045 | F86: OR
A87: ='Population Definitions'!$A$7 -> 10-17_females | C87: Fraction | E87: 0.0045 | F87: OR
A88: ='Population Definitions'!$A$8 -> 18-64_males | C88: Fraction | E88: 0.0045 | F88: OR
A89: ='Population Definitions'!$A$9 -> 18-64_females | C89: Fraction | E89: 0.0045 | F89: OR
A90: ='Population Definitions'!$A$10 -> 65+_males | C90: Fraction | E90: 0.0045 | F90: OR
A91: ='Population Definitions'!$A$11 -> 65+_females | C91: Fraction | E91: 0.0045 | F91: OR
A92: ='Population Definitions'!$A$12 -> Prisoners_males | C92: Fraction | E92: 0.0045 | F92: OR
A93: ='Population Definitions'!$A$13 -> Prisoners_females | C93: Fraction | E93: 0.0045 | F93: OR
A94: ='Population Definitions'!$A$14 -> Prisoners_PWID_males | C94: Fraction | E94: 0.0045 | F94: OR
A95: ='Population Definitions'!$A$15 -> Prisoners_PWID_females | C95: Fraction | E95: 0.0045 | F95: OR
A97: Proportion who have HCC | B97: Provenance | C97: Units | D97: Uncertainty | E97: Constant | G97: 2000 | H97: 2001 | I97: 2002 | J97: 2003 | K97: 2004 | L97: 2005 | M97: 2006 | N97: 2007 | O97: 2008 | P97: 2009 | Q97: 2010 | R97: 2011 | S97: 2012 | T97: 2013 | U97: 2014 | V97: 2015 | W97: 2016 | X97: 2017 | Y97: 2018 | Z97: 2019 | AA97: 2020 | AB97: 2021 | AC97: 2022 | AD97: 2023 | AE97: 2024 | AF97: 2025 | AG97: 2026 | AH97: 2027 | AI97: 2028 | AJ97: 2029 | AK97: 2030 | AL97: 2031 | AM97: 2032 | AN97: 2033 | AO97: 2034 | AP97: 2035 | AQ97: 2036 | AR97: 2037 | AS97: 2038 | AT97: 2039 | AU97: 2040 | AV97: 2041 | AW97: 2042 | AX97: 2043 | AY97: 2044 | AZ97: 2045 | BA97: 2046 | BB97: 2047 | BC97: 2048 | BD97: 2049 | BE97: 2050
A98: ='Population Definitions'!$A$2 -> PWID_males | C98: Fraction | E98: 0.0005 | F98: OR
A99: ='Population Definitions'!$A$3 -> PWID_females | C99: Fraction | E99: 0.0005 | F99: OR
A100: ='Population Definitions'!$A$4 -> 0-9_males | C100: Fraction | E100: 0.0005 | F100: OR
A101: ='Population Definitions'!$A$5 -> 0-9_females | C101: Fraction | E101: 0.0005 | F101: OR
A102: ='Population Definitions'!$A$6 -> 10-17_males | C102: Fraction | E102: 0.0005 | F102: OR
A103: ='Population Definitions'!$A$7 -> 10-17_females | C103: Fraction | E103: 0.0005 | F103: OR
A104: ='Population Definitions'!$A$8 -> 18-64_males | C104: Fraction | E104: 0.0005 | F104: OR
A105: ='Population Definitions'!$A$9 -> 18-64_females | C105: Fraction | E105: 0.0005 | F105: OR
A106: ='Population Definitions'!$A$10 -> 65+_males | C106: Fraction | E106: 0.0005 | F106: OR
...

Sheet Demographics
A1: Population size | B1: Provenance | C1: Units | D1: Uncertainty | E1: 2000 | F1: 2001 | G1: 2002 | H1: 2003 | I1: 2004 | J1: 2005 | K1: 2006 | L1: 2007 | M1: 2008 | N1: 2009 | O1: 2010 | P1: 2011 | Q1: 2012 | R1: 2013 | S1: 2014 | T1: 2015 | U1: 2016 | V1: 2017 | W1: 2018 | X1: 2019 | Y1: 2020 | Z1: 2021 | AA1: 2022 | AB1: 2023 | AC1: 2024 | AD1: 2025 | AE1: 2026 | AF1: 2027 | AG1: 2028 | AH1: 2029 | AI1: 2030 | AJ1: 2031 | AK1: 2032 | AL1: 2033 | AM1: 2034 | AN1: 2035 | AO1: 2036 | AP1: 2037 | AQ1: 2038 | AR1: 2039 | AS1: 2040 | AT1: 2041 | AU1: 2042 | AV1: 2043 | AW1: 2044 | AX1: 2045 | AY1: 2046 | AZ1: 2047 | BA1: 2048 | BB1: 2049 | BC1: 2050
A2: ='Population Definitions'!$A$2 -> PWID_males | C2: Number | E2: 28357.044 | O2: 28357.044 | T2: 28357.044
A3: ='Population Definitions'!$A$3 -> PWID_females | C3: Number | E3: 1330.2959 | O3: 1330.2959 | T3: 1330.2959
A4: ='Population Definitions'!$A$4 -> 0-9_males | C4: Number | E4: 9341226 | F4: 9403426 | G4: 9487595.5 | H4: 9592943 | I4: 9715335 | J4: 9856078.5 | K4: 10013874 | L4: 10184206 | M4: 10361880 | N4: 10553564 | O4: 10773334 | P4: 11018581 | Q4: 11293283 | R4: 11610476 | S4: 11952666 | T4: 12293054 | U4: 12596785 | V4: 12848124 | W4: 13014834 | X4: 13074055 | Y4: 13076501 | Z4: 13036584 | AA4: 12948348 | AB4: 12826847 | AC4: 12689926 | AD4: 12534820 | AE4: 12390304 | AF4: 12276886 | AG4: 12224991 | AH4: 12258186 | AI4: 12322388 | AJ4: 12409497 | AK4: 12516908 | AL4: 12623038 | AM4: 12727948 | AN4: 12836270 | AO4: 12952156 | AP4: 13074165 | AQ4: 13199738 | AR4: 13326044 | AS4: 13448266 | AT4: 13560837 | AU4: 13658183 | AV4: 13735208 | AW4: 13788056 | AX4: 13813846 | AY4: 13813127 | AZ4: 13789549 | BA4: 13745089 | BB4: 13681268 | BC4: 13602722
A5: ='Population Definitions'!$A$5 -> 0-9_females | C5: Number | E5: 8792800 | F5: 8860499 | G5: 8954786.5 | H5: 9075199 | I5: 9213740 | J5: 9367219 | K5: 9532463 | L5: 9704242.5 | M5: 9879201.5 | N5: 10064684 | O5: 10276000 | P5: 10511930 | Q5: 10774722 | R5: 11075320 | S5: 11397504 | T5: 11718578 | U5: 12007220 | V5: 12248024 | W5: 12409486 | X5: 12469570 | Y5: 12474892 | Z5: 12437452 | AA5: 12351056 | AB5: 12230677 | AC5: 12093577 | AD5: 11938420 | AE5: 11794212 | AF5: 11680078 | AG5: 11625430 | AH5: 11653005 | AI5: 11710904 | AJ5: 11790968 | AK5: 11890768 | AL5: 11989655 | AM5: 12087768 | AN5: 12189463 | AO5: 12298262 | AP5: 12412868 | AQ5: 12530881 | AR5: 12649475 | AS5: 12764290 | AT5: 12870110 | AU5: 12961453 | AV5: 13033621 | AW5: 13083064 | AX5: 13106858 | AY5: 13105460 | AZ5: 13082154 | BA5: 13039030 | BB5: 12977821 | BC5: 12902468
A6: ='Population Definitions'!$A$6 -> 10-17_males | C6: Number | E6: 7085058.5 | F6: 7183759.5 | G6: 7250159 | H6: 7291015 | I6: 7311170.5 | J6: 7314503 | K6: 7303454.5 | L6: 7296125 | M6: 7313713 | N6: 7354264.5 | O6: 7409280.5 | P6: 7489379 | Q6: 7592989 | R6: 7709073 | S6: 7827804 | T6: 7940878.5 | U6: 8055604.5 | V6: 8186381 | W6: 8344588.5 | X6: 8525223 | Y6: 8725156 | Z6: 8942552.5 | AA6: 9189679 | AB6: 9480415 | AC6: 9785850 | AD6: 10074704 | AE6: 10315956 | AF6: 10503069 | AG6: 10602802 | AH6: 10595362 | AI6: 10525858 | AJ6: 10390669 | AK6: 10211200 | AL6: 10026254 | AM6: 9869843.5 | AN6: 9746938.5 | AO6: 9682110.5 | AP6: 9699358 | AQ6: 9744155.5 | AR6: 9808614 | AS6: 9890557 | AT6: 9969182.5 | AU6: 10045574 | AV6: 10125918 | AW6: 10215001 | AX6: 10311526 | AY6: 10413717 | AZ6: 10519066 | BA6: 10624688 | BB6: 10727842 | BC6: 10824435
A7: ='Population Definitions'!$A$7 -> 10-17_females | C7: Number | E7: 6709353 | F7: 6799702.5 | G7: 6856951.5 | H7: 6885860.5 | I7: 6892824.5 | J7: 6886507.5 | K7: 6872131 | L7: 6866847.5 | M7: 6888451.5 | N7: 6934370.5 | O7: 6996407 | P7: 7083879 | Q7: 7195179.5 | R7: 7321801 | S7: 7452891 | T7: 7576750.5 | U7: 7697825 | V7: 7828580.5 | W7: 7982131.5 | X7: 8154052.5 | Y7: 8340919 | Z7: 8541832.5 | AA7: 8770802 | AB7: 9044674.5 | AC7: 9335025.5 | AD7: 9611925 | AE7: 9846502.5 | AF7: 10030791 | AG7: 10130663 | AH7: 10125450 | AI7: 10057998 | AJ7: 9925278.5 | AK7: 9749215.5 | AL7: 9567105.5 | AM7: 9411434 | AN7: 9288112 | AO7: 9221376 | AP7: 9234043 | AQ7: 9273686 | AR7: 9332602 | AS7: 9408569.5 | AT7: 9481503 | AU7: 9552730.5 | AV7: 9627898 | AW7: 9711281 | AX7: 9801889 | AY7: 9897957.5 | AZ7: 9996985.5 | BA7: 10096182 | BB7: 10193089 | BC7: 10283806
A8: ='Population Definitions'!$A$8 -> 18-64_males | C8: Number | E8: 19344342 | F8: 19954372 | G8: 20580447 | H8: 21224352 | I8: 21878988 | J8: 22532586 | K8: 23156484 | L8: 23749805 | M8: 24309114 | N8: 24850178 | O8: 25368685 | P8: 25938126 | Q8: 26545088 | R8: 27142367 | S8: 27715027 | T8: 28217421 | U8: 28702459 | V8: 29271345 | W8: 29861438 | X8: 30470258 | Y8: 31074146 | Z8: 31656756 | AA8: 32257869 | AB8: 32937556 | AC8: 33769028 | AD8: 34428483 | AE8: 35071394 | AF8: 35739015 | AG8: 36435771 | AH8: 37153331 | AI8: 37902427 | AJ8: 38696304 | AK8: 39515512 | AL8: 40342112 | AM8: 41144203 | AN8: 41910182 | AO8: 42610775 | AP8: 43224031 | AQ8: 43804415 | AR8: 44360722 | AS8: 44892303 | AT8: 45419798 | AU8: 45944840 | AV8: 46459999 | AW8: 46961906 | AX8: 47452913 | AY8: 47935012 | AZ8: 48409066 | BA8: 48870838 | BB8: 49323136 | BC8: 49772374
A9: ='Population Definitions'!$A$9 -> 18-64_females | C9: Number | E9: 18785614 | F9: 19358102 | G9: 19951920 | H9: 20567840 | I9: 21199480 | J9: 21836750 | K9: 22468031 | L9: 23079263 | M9: 23666545 | N9: 24233973 | O9: 24776619 | P9: 25344276 | Q9: 25920000 | R9: 26490204 | S9: 27054404 | T9: 27574199 | U9: 28105269 | V9: 28653430 | W9: 29211158 | X9: 29787430 | Y9: 30363255 | Z9: 30935373 | AA9: 31516750 | AB9: 32177452 | AC9: 32874267 | AD9: 33510197 | AE9: 34134429 | AF9: 34781080 | AG9: 35456233 | AH9: 36154715 | AI9: 36887866 | AJ9: 37667683 | AK9: 38473773 | AL9: 39288983 | AM9: 40082169 | AN9: 40840960 | AO9: 41536208 | AP9: 42145935 | AQ9: 42722325 | AR9: 43273601 | AS9: 43798903 | AT9: 44317780 | AU9: 44831574 | AV9: 45333030 | AW9: 45818402 | AX9: 46290318 | AY9: 46751159 | AZ9: 47201272 | BA9: 47636195 | BB9: 48058970 | BC9: 48474738
A10: ='Population Definitions'!$A$10 -> 65+_males | C10: Number | E10: 1236309 | F10: 1263717 | G10: 1289759.5 | H10: 1312963.5 | I10: 1332008 | J10: 1347663.5 | K10: 1362652.5 | L10: 1379598 | M10: 1400752 | N10: 1428722.5 | O10: 1465956.5 | P10: 1514147.5 | Q10: 1573271 | R10: 1639274 | S10: 1706639 | T10: 1773921.5 | U10: 1845624 | V10: 1925499.5 | W10: 2013506 | X10: 2108916.5 | Y10: 2190919 | Z10: 2249931.5 | AA10: 2330990.5 | AB10: 2445456 | AC10: 2568738 | AD10: 2695885.5 | AE10: 2825018 | AF10: 2957937.5 | AG10: 3094698.5 | AH10: 3233934.5 | AI10: 3372714.5 | AJ10: 3512262 | AK10: 3654948.5 | AL10: 3800253 | AM10: 3948234.5 | AN10: 4098454 | AO10: 4251264 | AP10: 4407657.5 | AQ10: 4566267 | AR10: 4728340 | AS10: 4897651 | AT10: 5075687.5 | AU10: 5261593.5 | AV10: 5455058.5 | AW10: 5656715 | AX10: 5866142 | AY10: 6081020.5 | AZ10: 6304097.5 | BA10: 6541937.5 | BB10: 6791132.5 | BC10: 7046565.5
A11: ='Population Definitions'!$A$11 -> 65+_females | C11: Number | E11: 1705912 | F11: 1745781 | G11: 1784848.5 | H11: 1820705 | I11: 1851227.5 | J11: 1877026.5 | K11: 1900853 | L11: 1925677 | M11: 1954671.5 | N11: 1991417.5 | O11: 2039329.5 | P11: 2100657.5 | Q11: 2174385.5 | R11: 2252955.5 | S11: 2329636.5 | T11: 2410456 | U11: 2501720 | V11: 2602590 | W11: 2712869 | X11: 2831569 | Y11: 2937252 | Z11: 3010442.5 | AA11: 3106673 | AB11: 3246611.5 | AC11: 3393703.5 | AD11: 3543417 | AE11: 3695217.5 | AF11: 3850617.5 | AG11: 4009725.5 | AH11: 4170923.5 | AI11: 4331023.5 | AJ11: 4491448.5 | AK11: 4654611.5 | AL11: 4820061.5 | AM11: 4988097.5 | AN11: 5158695.5 | AO11: 5332969.5 | AP11: 5512496 | AQ11: 5696221 | AR11: 5885723.5 | AS11: 6084973 | AT11: 6295516.5 | AU11: 6516691.5 | AV11: 6748783 | AW11: 6992767 | AX11: 7247555 | AY11: 7510352 | AZ11: 7784074 | BA11: 8075288 | BB11: 8380213 | BC11: 8694943
A12: ='Population Definitions'!$A$12 -> Prisoners_males | C12: Number | E12: 50952.004 | F12: 50952.004 | K12: 58452.757 | P12: 59925.47 | U12: 96243.937 | Z12: 108955.4
A13: ='Population Definitions'!$A$13 -> Prisoners_females | C13: Number | E13: 2314.2323 | F13: 2314.2323 | K13: 2164.796 | P13: 2219.3379 | U13: 3564.3911 | Z13: 4035.1598
A14: ='Population Definitions'!$A$14 -> Prisoners_PWID_males | C14: Number | E14: 3088.5809 | F14: 3088.5809 | K14: 3543.2575 | P14: 3632.5296 | U14: 5834.0628 | Z14: 6604.5993
A15: ='Population Definitions'!$A$15 -> Prisoners_PWID_females | C15: Number | E15: 232.18272 | F15: 232.18272 | K15: 217.19004 | P15: 222.66213 | U15: 357.60888 | Z15: 404.84024
A17: Number of live births | B17: Provenance | C17: Units | D17: Uncertainty | E17: Constant | G17: 2000 | H17: 2001 | I17: 2002 | J17: 2003 | K17: 2004 | L17: 2005 | M17: 2006 | N17: 2007 | O17: 2008 | P17: 2009 | Q17: 2010 | R17: 2011 | S17: 2012 | T17: 2013 | U17: 2014 | V17: 2015 | W17: 2016 | X17: 2017 | Y17: 2018 | Z17: 2019 | AA17: 2020 | AB17: 2021 | AC17: 2022 | AD17: 2023 | AE17: 2024 | AF17: 2025 | AG17: 2026 | AH17: 2027 | AI17: 2028 | AJ17: 2029 | AK17: 2030 | AL17: 2031 | AM17: 2032 | AN17: 2033 | AO17: 2034 | AP17: 2035 | AQ17: 2036 | AR17: 2037 | AS17: 2038 | AT17: 2039 | AU17: 2040 | AV17: 2041 | AW17: 2042 | AX17: 2043 | AY17: 2044 | AZ17: 2045 | BA17: 2046 | BB17: 2047 | BC17: 2048 | BD17: 2049 | BE17: 2050
A18: ='Population Definitions'!$A$2 -> PWID_males | C18: Number (per year) | E18: 0 | F18: OR
A19: ='Population Definitions'!$A$3 -> PWID_females | C19: Number (per year) | E19: 0 | F19: OR
A20: ='Population Definitions'!$A$4 -> 0-9_males | C20: Number (per year) | F20: OR | G20: 1030086.9 | H20: 1045414.6 | I20: 1058266.9 | J20: 1069307.5 | K20: 1079538.5 | L20: 1102509.3 | M20: 1125643 | N20: 1160590.6 | O20: 1189156 | P20: 1223387.8 | Q20: 1258852.2 | R20: 1284338.5 | S20: 1342284.8 | T20: 1396081.5 | U20: 1418336.9 | V20: 1437774.2 | W20: 1388981 | X20: 1386862.9 | Y20: 1278202.6 | Z20: 1228383.7 | AA20: 1233752.3 | AB20: 1204470 | AC20: 1218825.3 | AD20: 1235051.8 | AE20: 1251322.4 | AF20: 1257799.7 | AG20: 1263151.1 | AH20: 1269142 | AI20: 1276486.2 | AJ20: 1286447.3 | AK20: 1298259.6 | AL20: 1310680 | AM20: 1324739.1 | AN20: 1339054.6 | AO20: 1352941.5 | AP20: 1366294.5 | AQ20: 1378744.7 | AR20: 1390017.7 | AS20: 1400300.4 | AT20: 1409003.1 | AU20: 1413822 | AV20: 1413709.5 | AW20: 1409696.8 | AX20: 1402339.4 | AY20: 1389640.5 | AZ20: 1374763.9 | BA20: 1362306 | BB20: 1351660.5 | BC20: 1340986.1 | BD20: 1332102.1 | BE20: 1324844.4
A21: ='Population Definitions'!$A$5 -> 0-9_females | C21: Number (per year) | F21: OR | G21: 971780.1 | H21: 989039.38 | I21: 1005957.1 | J21: 1022282.5 | K21: 1032063.5 | L21: 1052012.7 | M21: 1071021 | N21: 1102175.4 | O21: 1127162 | P21: 1157415.2 | Q21: 1193224.8 | R21: 1218537.5 | S21: 1277150.2 | T21: 1329601.5 | U21: 1350797.1 | V21: 1369308.8 | W21: 1322839 | X21: 1319565.1 | Y21: 1215021.4 | Z21: 1166556.3 | AA21: 1171654.7 | AB21: 1142761 | AC21: 1156380.7 | AD21: 1170665.2 | AE21: 1186087.6 | AF21: 1192227.3 | AG21: 1196165.9 | AH21: 1201839 | AI21: 1208793.8 | AJ21: 1218226.7 | AK21: 1228249.4 | AL21: 1240000 | AM21: 1253300.9 | AN21: 1266844.4 | AO21: 1279982.5 | AP21: 1292615.5 | AQ21: 1304394.3 | AR21: 1315059.3 | AS21: 1324787.6 | AT21: 1333020.9 | AU21: 1337580 | AV21: 1337473.5 | AW21: 1333677.2 | AX21: 1326716.6 | AY21: 1314702.5 | AZ21: 1300628.1 | BA21: 1288842 | BB21: 1278770.5 | BC21: 1268671.9 | BD21: 1260266.9 | BE21: 1253400.6
A22: ='Population Definitions'!$A$6 -> 10-17_males | C22: Number (per year) | E22: 0 | F22: OR
A23: ='Population Definitions'!$A$7 -> 10-17_females | C23: Number (per year) | E23: 0 | F23: OR
A24: ='Population Definitions'!$A$8 -> 18-64_males | C24: Number (per year) | E24: 0 | F24: OR
A25: ='Population Definitions'!$A$9 -> 18-64_females | C25: Number (per year) | E25: 0 | F25: OR
A26: ='Population Definitions'!$A$10 -> 65+_males | C26: Number (per year) | E26: 0 | F26: OR
A27: ='Population Definitions'!$A$11 -> 65+_females | C27: Number (per year) | E27: 0 | F27: OR
A28: ='Population Definitions'!$A$12 -> Prisoners_males | C28: Number (per year) | E28: 0 | F28: OR
A29: ='Population Definitions'!$A$13 -> Prisoners_females | C29: Number (per year) | E29: 0 | F29: OR
A30: ='Population Definitions'!$A$14 -> Prisoners_PWID_males | C30: Number (per year) | E30: 0 | F30: OR
A31: ='Population Definitions'!$A$15 -> Prisoners_PWID_females | C31: Number (per year) | E31: 0 | F31: OR
A33: Net migration rate | B33: Provenance | C33: Units | D33: Uncertainty | E33: Constant | G33: 2000 | H33: 2001 | I33: 2002 | J33: 2003 | K33: 2004 | L33: 2005 | M33: 2006 | N33: 2007 | O33: 2008 | P33: 2009 | Q33: 2010 | R33: 2011 | S33: 2012 | T33: 2013 | U33: 2014 | V33: 2015 | W33: 2016 | X33: 2017 | Y33: 2018 | Z33: 2019 | AA33: 2020 | AB33: 2021 | AC33: 2022 | AD33: 2023 | AE33: 2024 | AF33: 2025 | AG33: 2026 | AH33: 2027 | AI33: 2028 | AJ33: 2029 | AK33: 2030 | AL33: 2031 | AM33: 2032 | AN33: 2033 | AO33: 2034 | AP33: 2035 | AQ33: 2036 | AR33: 2037 | AS33: 2038 | AT33: 2039 | AU33: 2040 | AV33: 2041 | AW33: 2042 | AX33: 2043 | AY33: 2044 | AZ33: 2045 | BA33: 2046 | BB33: 2047 | BC33: 2048 | BD33: 2049 | BE33: 2050
A34: ='Population Definitions'!$A$2 -> PWID_males | C34: Rate (per year) | E34: 0 | F34: OR
A35: ='Population Definitions'!$A$3 -> PWID_females | C35: Rate (per year) | E35: 0 | F35: OR
A36: ='Population Definitions'!$A$4 -> 0-9_males | C36: Rate (per year) | F36: OR | G36: 0.00099029796 | H36: 0.00081851846 | I36: 0.0007502022 | J36: 0.00066387369 | K36: 0.0011869934 | L36: 0.00099478665 | M36: 0.0013594605 | N36: 0.00093555184 | O36: 0.0011819808 | P36: 0.0012129237 | Q36: 0.0012265301 | R36: 0.0029127605 | S36: 0.0026686368 | T36: 0.0011654098 | U36: 0.00050181888 | V36: -0.0022171235 | W36: -0.00024962525 | X36: -0.00420944 | Y36: -0.0017854671 | Z36: 0.00030359817 | AA36: -0.0010286657 | AB36: 0.00062469999 | AC36: 0.0011882382 | AD36: 0.0017115435 | AE36: 0.00056265823 | AF36: -0.00014250299 | AG36: -1.9986916e-05 | AH36: 0.00017219413 | AI36: 0.00030570774 | AJ36: 0.00034516964 | AK36: 0.00036412523 | AL36: 0.00044115406 | AM36: 0.0004362438 | AN36: 0.00043400277 | AO36: 0.00040018224 | AP36: 0.00036353701 | AQ36: 0.00035397687 | AR36: 0.0003141164 | AS36: 0.00026053963 | AT36: 9.9272089e-05 | AU36: -8.6741979e-05 | AV36: -0.00022741921 | AW36: -0.00038905616 | AX36: -0.0005897561 | AY36: -0.00065879635 | AZ36: -0.00057796367 | BA36: -0.00048399592 | BB36: -0.00045617593 | BC36: -0.00040390046 | BD36: -0.00034745365 | BE36: -0.00029835328
A37: ='Population Definitions'!$A$5 -> 0-9_females | C37: Rate (per year) | F37: OR | G37: 0.0011925556 | H37: 0.0011283927 | I37: 0.0010703644 | J37: 0.00065282288 | K37: 0.001113116 | L37: 0.00085519562 | M37: 0.0012231398 | N37: 0.00074638972 | O37: 0.00099511648 | P37: 0.0012398632 | Q37: 0.001248558 | R37: 0.0030655181 | S37: 0.0026796355 | T37: 0.0011116642 | U37: 0.00046000658 | V37: -0.0022382221 | W37: -0.00031343846 | X37: -0.0042524078 | Y37: -0.001806557 | Z37: 0.00031418411 | AA37: -0.0010747308 | AB37: 0.0006148 | AC37: 0.0011625548 | AD37: 0.001665917 | AE37: 0.00050914703 | AF37: -0.00014040808 | AG37: 3.3799966e-05 | AH37: 0.00018377378 | AI37: 0.00029553535 | AJ37: 0.00031853125 | AK37: 0.0004073219 | AL37: 0.00047218347 | AM37: 0.00045363567 | AN37: 0.00044034348 | AO37: 0.00040942224 | AP37: 0.0003647856 | AQ37: 0.00034535258 | AR37: 0.0002911648 | AS37: 0.00022527908 | AT37: 6.906182e-05 | AU37: -0.00012146941 | AV37: -0.00026355681 | AW37: -0.00041844844 | AX37: -0.00060843242 | AY37: -0.00066719687 | AZ37: -0.00059034735 | BA37: -0.00051303065 | BB37: -0.00048887514 | BC37: -0.00042252775 | BD37: -0.00037335956 | BE37: -0.00033137717
A38: ='Population Definitions'!$A$6 -> 10-17_males | C38: Rate (per year) | F38: OR | G38: 0.00012364048 | H38: 6.4381331e-05 | I38: 8.8825638e-05 | J38: 5.3010452e-05 | K38: -8.7263729e-05 | L38: -0.00045649035 | M38: -0.00089724664 | N38: -0.0011393719 | O38: -0.0011444255 | P38: -0.0011460697 | Q38: -0.00026500549 | R38: 0.000342485 | S38: 0.000342487 | T38: 7.2317385e-05 | U38: -0.00082328326 | V38: -0.0007401574 | W38: -0.00035695645 | X38: -9.9677745e-05 | Y38: 9.6289949e-05 | Z38: 5.7065956e-05 | AA38: 3.2778784e-05 | AB38: 8.6943856e-05 | AC38: 0.00068060049 | AD38: 0.00085877042 | AE38: 6.8977146e-05 | AF38: -0.00028685705 | AG38: -0.00021825412 | AH38: -0.00014819478 | AI38: -0.00013548305 | AJ38: -0.00014190171 | AK38: -0.00013642593 | AL38: -0.00013199343 | AM38: -0.00014410648 | AN38: -0.00014102973 | AO38: -0.00015187677 | AP38: -0.0001588704 | AQ38: -0.00014712701 | AR38: -0.00015336067 | AS38: -0.00015434893 | AT38: -0.00016271412 | AU38: -0.00016626971 | AV38: -0.00016626238 | AW38: -0.00018988462 | AX38: -0.00019321706 | AY38: -0.00018536464 | AZ38: -0.00019075741 | BA38: -0.00017731421 | BB38: -0.00015980506 | BC38: -0.00016113414 | BD38: -0.00016317354 | BE38: -0.00017506687
A39: ='Population Definitions'!$A$7 -> 10-17_females | C39: Rate (per year) | F39: OR | G39: 8.1677026e-05 | H39: 5.7796646e-05 | I39: 8.5096125e-05 | J39: 4.2768801e-05 | K39: -6.1803401e-05 | L39: -0.00029870003 | M39: -0.00058598999 | N39: -0.00074408235 | O39: -0.00074712002 | P39: -0.00074844573 | Q39: -1.3149607e-05 | R39: 0.00037168901 | S39: 0.00037434785 | T39: 0.00019728753 | U39: -0.00054072977 | V39: -0.00048899591 | W39: -0.00033775774 | X39: -0.00014632282 | Y39: 8.2120922e-05 | Z39: 4.0348036e-05 | AA39: 2.7634845e-05 | AB39: 7.0125468e-05 | AC39: 0.00076127588 | AD39: 0.00091739067 | AE39: 4.2902936e-05 | AF39: -0.00026415104 | AG39: -0.00020519977 | AH39: -0.00014550198 | AI39: -0.00013543043 | AJ39: -0.00014182085 | AK39: -0.00013889444 | AL39: -0.0001365201 | AM39: -0.00014831963 | AN39: -0.00014617796 | AO39: -0.00015528983 | AP39: -0.00016052778 | AQ39: -0.00014824252 | AR39: -0.00015296658 | AS39: -0.00015333709 | AT39: -0.0001600304 | AU39: -0.00016341485 | AV39: -0.00016321252 | AW39: -0.00018350774 | AX39: -0.00018633351 | AY39: -0.00017963645 | AZ39: -0.00018384211 | BA39: -0.00017210621 | BB39: -0.00015654719 | BC39: -0.00015783195 | BD39: -0.00015937269 | BE39: -0.00016968427
A40: ='Population Definitions'!$A$8 -> 18-64_males | C40: Rate (per year) | F40: OR | G40: 0.00043165019 | H40: 0.00012965999 | I40: 0.00020891378 | J40: 5.4076523e-05 | K40: -0.00052646486 | L40: -0.0019864335 | M40: -0.00361744 | N40: -0.0044115019 | O40: -0.0043167771 | P40: -0.0042249993 | Q40: -0.0011106077 | R40: 0.0010787685 | S40: 0.001075886 | T40: 0.0001284397 | U40: -0.00286908 | V40: -0.0025607181 | W40: -0.0011701121 | X40: -0.00029816476 | Y40: 0.00030770366 | Z40: -5.6835472e-05 | AA40: 7.3988068e-05 | AB40: 0.00040335479 | AC40: 0.0022852671 | AD40: 0.002701353 | AE40: 0.00051764088 | AF40: -0.00049507932 | AG40: -0.00029816517 | AH40: -0.00010328355 | AI40: -7.0415054e-05 | AJ40: -9.2886126e-05 | AK40: -7.8066854e-05 | AL40: -6.1255732e-05 | AM40: -8.3278299e-05 | AN40: -5.8114311e-05 | AO40: -6.7766467e-05 | AP40: -6.3488416e-05 | AQ40: -1.1926156e-05 | AR40: -1.7155818e-05 | AS40: -9.7077372e-06 | AT40: -2.110963e-05 | AU40: -2.3163966e-05 | AV40: -1.6800011e-05 | AW40: -6.2136402e-05 | AX40: -6.3351588e-05 | AY40: -4.0935541e-05 | AZ40: -4.8336635e-05 | BA40: -1.598153e-05 | BB40: 2.8945611e-05 | BC40: 3.1024119e-05 | BD40: 2.9017378e-05 | BE40: 4.9398606e-06
A41: ='Population Definitions'!$A$9 -> 18-64_females | C41: Rate (per year) | F41: OR | G41: 0.00026182189 | H41: 0.00016077902 | I41: 0.00024058173 | J41: 8.0134293e-05 | K41: -0.00027196165 | L41: -0.0010145771 | M41: -0.0018564648 | N41: -0.0022605622 | O41: -0.0022025109 | P41: -0.0021468428 | Q41: -7.8287895e-06 | R41: 0.0010890187 | S41: 0.0010995892 | T41: 0.00059866439 | U41: -0.0014444987 | V41: -0.0012966146 | W41: -0.00087383653 | X41: -0.000343334 | Y41: 0.00028150275 | Z41: -1.6614818e-05 | AA41: -7.4748489e-06 | AB41: 0.00046762978 | AC41: 0.002271281 | AD41: 0.0026613557 | AE41: 0.0004214041 | AF41: -0.00043757803 | AG41: -0.00027304044 | AH41: -0.00010985372 | AI41: -8.4494872e-05 | AJ41: -0.00010342609 | AK41: -9.269599e-05 | AL41: -8.0636121e-05 | AM41: -9.8998545e-05 | AN41: -8.0413793e-05 | AO41: -8.8913928e-05 | AP41: -8.5597112e-05 | AQ41: -4.4188722e-05 | AR41: -4.9469156e-05 | AS41: -4.385137e-05 | AT41: -5.4442342e-05 | AU41: -5.7362434e-05 | AV41: -5.2866335e-05 | AW41: -9.1929819e-05 | AX41: -9.3515832e-05 | AY41: -7.6069498e-05 | AZ41: -8.3675623e-05 | BA41: -5.656358e-05 | BB41: -2.0708512e-05 | BC41: -2.0897299e-05 | BD41: -2.2575707e-05 | BE41: -4.2969471e-05
A42: ='Population Definitions'!$A$10 -> 65+_males | C42: Rate (per year) | F42: OR | G42: -0.0026781331 | H42: -0.0027367678 | I42: -0.002575674 | J42: -0.0024612261 | K42: -0.0025622969 | L42: -0.0024983982 | M42: -0.0023817518 | N42: -0.0025163127 | O42: -0.0027049756 | P42: -0.0029351396 | Q42: -0.0031811994 | R42: -0.0032985558 | S42: -0.0033748159 | T42: -0.0031556653 | U42: -0.003029346 | V42: -0.0029200841 | W42: -0.0029632254 | X42: -0.0029841607 | Y42: -0.0030193603 | Z42: -0.012218122 | AA42: -0.007053661 | AB42: 0.0084613687 | AC42: -0.0018256188 | AD42: -0.0024653889 | AE42: -0.0030592844 | AF42: -0.0036195899 | AG42: -0.0033320142 | AH42: -0.0031469563 | AI42: -0.0030059471 | AJ42: -0.00295074 | AK42: -0.0028066414 | AL42: -0.002720469 | AM42: -0.0026893676 | AN42: -0.0025853542 | AO42: -0.0025425288 | AP42: -0.0024875233 | AQ42: -0.0023687073 | AR42: -0.0023290149 | AS42: -0.002241437 | AT42: -0.0022413786 | AU42: -0.0022192271 | AV42: -0.0021644359 | AW42: -0.0021425068 | AX42: -0.0021206005 | AY42: -0.0020713435 | AZ42: -0.0020188737 | BA42: -0.0019846998 | BB42: -0.0019465911 | BC42: -0.0019096025 | BD42: -0.001872589 | BE42: -0.0018318144
A43: ='Population Definitions'!$A$11 -> 65+_females | C43: Rate (per year) | F43: OR | G43: -0.0014549402 | H43: -0.0015325519 | I43: -0.0015614771 | J43: -0.0016089921 | K43: -0.0016850981 | L43: -0.0016947017 | M43: -0.0016831917 | N43: -0.0017297813 | O43: -0.0017846989 | P43: -0.0018597306 | Q43: -0.0019435309 | R43: -0.0019351084 | S43: -0.001900307 | T43: -0.0016966602 | U43: -0.0016534768 | V43: -0.0016322638 | W43: -0.0016442687 | X43: -0.0016546978 | Y43: -0.0016853007 | Z43: -0.0086708111 | AA43: -0.00798161 | AB43: 0.010361434 | AC43: -0.00083835666 | AD43: -0.0017023903 | AE43: -0.0017475009 | AF43: -0.0021246441 | AG43: -0.0019234321 | AH43: -0.0018138649 | AI43: -0.0017482494 | AJ43: -0.0017238389 | AK43: -0.0016357565 | AL43: -0.0016151805 | AM43: -0.0015639329 | AN43: -0.0015315157 | AO43: -0.0015069874 | AP43: -0.0014599621 | AQ43: -0.00141019 | AR43: -0.0013926541 | AS43: -0.0013259668 | AT43: -0.0013535294 | AU43: -0.001325807 | AV43: -0.0012775759 | AW43: -0.001292527 | AX43: -0.0012742297 | AY43: -0.0012467883 | AZ43: -0.0012304149 | BA43: -0.0011888923 | BB43: -0.0011763763 | BC43: -0.0011555625 | BD43: -0.0011438253 | BE43: -0.0011297371
A44: ='Population Definitions'!$A$12 -> Prisoners_males | C44: Rate (per year) | E44: 0 | F44: OR
A45: ='Population Definitions'!$A$13 -> Prisoners_females | C45: Rate (per year) | E45: 0 | F45: OR
A46: ='Population Definitions'!$A$14 -> Prisoners_PWID_males | C46: Rate (per year) | E46: 0 | F46: OR
A47: ='Population Definitions'!$A$15 -> Prisoners_PWID_females | C47: Rate (per year) | E47: 0 | F47: OR
A49: All cause death rate | B49: Provenance | C49: Units | D49: Uncertainty | E49: Constant | G49: 2000 | H49: 2001 | I49: 2002 | J49: 2003 | K49: 2004 | L49: 2005 | M49: 2006 | N49: 2007 | O49: 2008 | P49: 2009 | Q49: 2010 | R49: 2011 | S49: 2012 | T49: 2013 | U49: 2014 | V49: 2015 | W49: 2016 | X49: 2017 | Y49: 2018 | Z49: 2019 | AA49: 2020 | AB49: 2021 | AC49: 2022 | AD49: 2023 | AE49: 2024 | AF49: 2025 | AG49: 2026 | AH49: 2027 | AI49: 2028 | AJ49: 2029 | AK49: 2030 | AL49: 2031 | AM49: 2032 | AN49: 2033 | AO49: 2034 | AP49: 2035 | AQ49: 2036 | AR49: 2037 | AS49: 2038 | AT49: 2039 | AU49: 2040 | AV49: 2041 | AW49: 2042 | AX49: 2043 | AY49: 2044 | AZ49: 2045 | BA49: 2046 | BB49: 2047 | BC49: 2048 | BD49: 2049 | BE49: 2050
A50: ='Population Definitions'!$A$2 -> PWID_males | C50: Rate (per year) | F50: OR | G50: 0.0035923017 | H50: 0.0036241982 | I50: 0.00367081 | J50: 0.0037284771 | K50: 0.0038000409 | L50: 0.0038805959 | M50: 0.0039603831 | N50: 0.0040360135 | O50: 0.0041001342 | P50: 0.0041404292 | Q50: 0.0041601769 | R50: 0.0042198654 | S50: 0.004156727 | T50: 0.0041296724 | U50: 0.0040361673 | V50: 0.003990157 | W50: 0.0038653967 | X50: 0.0037671219 | Y50: 0.0036775015 | Z50: 0.0036050162 | AA50: 0.0040572309 | AB50: 0.0042640496 | AC50: 0.0039130383 | AD50: 0.0036137446
A51: ='Population Definitions'!$A$3 -> PWID_females | C51: Rate (per year) | F51: OR | G51: 0.0018821337 | H51: 0.0018802131 | I51: 0.0018925752 | J51: 0.0019204656 | K51: 0.0019639275 | L51: 0.0020169594 | M51: 0.002071854 | N51: 0.0021224996 | O51: 0.0021632637 | P51: 0.0021852612 | Q51: 0.0021920431 | R51: 0.0022414731 | S51: 0.0022097785 | T51: 0.0021816706 | U51: 0.0021422437 | V51: 0.0021120191 | W51: 0.0020686499 | X51: 0.0020298086 | Y51: 0.0019907197 | Z51: 0.0019594278 | AA51: 0.0023123098 | AB51: 0.0026631791 | AC51: 0.0021647249 | AD51: 0.0019733395
A52: ='Population Definitions'!$A$4 -> 0-9_males | C52: Rate (per year) | F52: OR | G52: 0.0057292265 | H52: 0.0054522681 | I52: 0.0051913048 | J52: 0.0049417577 | K52: 0.0047060652 | L52: 0.0045180241 | M52: 0.0043423756 | N52: 0.0042049422 | O52: 0.0040629691 | P52: 0.0039288149 | Q52: 0.003797896 | R52: 0.0036540095 | S52: 0.0035464444 | T52: 0.0034604954 | U52: 0.0032891408 | V52: 0.0031429944 | W52: 0.0029070116 | X52: 0.0027525418 | Y52: 0.002490005 | Z52: 0.0023205501 | AA52: 0.002188353 | AB52: 0.0020849786 | AC52: 0.0020547796 | AD52: 0.0020736975 | AE52: 0.0019218394 | AF52: 0.0018806811 | AG52: 0.0018371623 | AH52: 0.0018097422 | AI52: 0.0017775882 | AJ52: 0.0017400617 | AK52: 0.0017060005 | AL52: 0.0016686414 | AM52: 0.0016309938 | AN52: 0.0015927227 | AO52: 0.0015575174 | AP52: 0.0015192886 | AQ52: 0.0014852354 | AR52: 0.001448582 | AS52: 0.0014109371 | AT52: 0.001370024 | AU52: 0.0013323651 | AV52: 0.0012901858 | AW52: 0.0012464323 | AX52: 0.001209301 | AY52: 0.0011692004 | AZ52: 0.0011306048 | BA52: 0.0010954797 | BB52: 0.0010624713 | BC52: 0.0010328052 | BD52: 0.0010056085 | BE52: 0.00098002448
A53: ='Population Definitions'!$A$5 -> 0-9_females | C53: Rate (per year) | F53: OR | G53: 0.0052723819 | H53: 0.0049909153 | I53: 0.0047353446 | J53: 0.0044932348 | K53: 0.0042539729 | L53: 0.0040533909 | M53: 0.0038653179 | N53: 0.0037153853 | O53: 0.0035709364 | P53: 0.0034381604 | Q53: 0.0033188982 | R53: 0.0031909459 | S53: 0.0030918662 | T53: 0.0030178813 | U53: 0.0028646623 | V53: 0.0027371068 | W53: 0.0025286454 | X53: 0.0023894468 | Y53: 0.002158349 | Z53: 0.0020074468 | AA53: 0.0018695953 | AB53: 0.0017796249 | AC53: 0.0017529676 | AD53: 0.001772919 | AE53: 0.0016405403 | AF53: 0.0015705596 | AG53: 0.0015017536 | AH53: 0.0014576957 | AI53: 0.0014102704 | AJ53: 0.0013628244 | AK53: 0.0013215034 | AL53: 0.0012788603 | AM53: 0.0012347395 | AN53: 0.0011962813 | AO53: 0.0011597674 | AP53: 0.0011222808 | AQ53: 0.0010909672 | AR53: 0.0010539868 | AS53: 0.0010217159 | AT53: 0.0009888948 | AU53: 0.00095673159 | AV53: 0.00092485612 | AW53: 0.00089233823 | AX53: 0.00086138764 | AY53: 0.00083130374 | AZ53: 0.00080377766 | BA53: 0.00077929349 | BB53: 0.00075851426 | BC53: 0.00073847515 | BD53: 0.00072146164 | BE53: 0.00070575645
A54: ='Population Definitions'!$A$6 -> 10-17_males | C54: Rate (per year) | F54: OR | G54: 0.00077359982 | H54: 0.00075239156 | I54: 0.00073405287 | J54: 0.00071855565 | K54: 0.00070645323 | L54: 0.00069738163 | M54: 0.00068967363 | N54: 0.00068433586 | O54: 0.00068296363 | P54: 0.00068164532 | Q54: 0.00068441193 | R54: 0.00069124556 | S54: 0.0006880031 | T54: 0.00069645209 | U54: 0.0006861439 | V54: 0.00068304785 | W54: 0.00066338907 | X54: 0.00064619519 | Y54: 0.00062759236 | Z54: 0.00061124501 | AA54: 0.00059781166 | AB54: 0.00062644307 | AC54: 0.00057499288 | AD54: 0.00055303486 | AE54: 0.00051533592 | AF54: 0.00050006429 | AG54: 0.00048681865 | AH54: 0.00047833638 | AI54: 0.00047138483 | AJ54: 0.00046916755 | AK54: 0.00046732532 | AL54: 0.00046291533 | AM54: 0.0004564596 | AN54: 0.00044782426 | AO54: 0.00043759559 | AP54: 0.00042680068 | AQ54: 0.00041685126 | AR54: 0.00040858374 | AS54: 0.00040075305 | AT54: 0.00039322579 | AU54: 0.00038663141 | AV54: 0.00037956974 | AW54: 0.00037220372 | AX54: 0.00036530023 | AY54: 0.00035849238 | AZ54: 0.00035174231 | BA54: 0.00034492967 | BB54: 0.00033814789 | BC54: 0.00033196269 | BD54: 0.00032541493 | BE54: 0.00031909287
A55: ='Population Definitions'!$A$7 -> 10-17_females | C55: Rate (per year) | F55: OR | G55: 0.00053239113 | H55: 0.00050708101 | I55: 0.00048447185 | J55: 0.00046472042 | K55: 0.00044756689 | L55: 0.00043214939 | M55: 0.00041806537 | N55: 0.00040542622 | O55: 0.00039544446 | P55: 0.00038489435 | Q55: 0.00037747947 | R55: 0.00037253601 | S55: 0.00036538352 | T55: 0.00036507411 | U55: 0.00035865277 | V55: 0.0003578051 | W55: 0.00035360638 | X55: 0.00035076602 | Y55: 0.00034752622 | Z55: 0.00034571767 | AA55: 0.00034840286 | AB55: 0.00036935868 | AC55: 0.00033999171 | AD55: 0.00033633051 | AE55: 0.00027862806 | AF55: 0.00026633583 | AG55: 0.00025531908 | AH55: 0.00024823566 | AI55: 0.00024193876 | AJ55: 0.00023919923 | AK55: 0.00023662761 | AL55: 0.00023294057 | AM55: 0.00022842864 | AN55: 0.00022326502 | AO55: 0.0002177139 | AP55: 0.00021177609 | AQ55: 0.00020669366 | AR55: 0.00020207833 | AS55: 0.00019797953 | AT55: 0.00019405092 | AU55: 0.00019035837 | AV55: 0.0001868902 | AW55: 0.00018308901 | AX55: 0.00017958229 | AY55: 0.00017587793 | AZ55: 0.00017292585 | BA55: 0.00016983302 | BB55: 0.00016695033 | BC55: 0.00016412146 | BD55: 0.00016138386 | BE55: 0.00015869612
A56: ='Population Definitions'!$A$8 -> 18-64_males | C56: Rate (per year) | F56: OR | G56: 0.0035923017 | H56: 0.0036241982 | I56: 0.00367081 | J56: 0.0037284771 | K56: 0.0038000409 | L56: 0.0038805959 | M56: 0.0039603831 | N56: 0.0040360135 | O56: 0.0041001342 | P56: 0.0041404292 | Q56: 0.0041601769 | R56: 0.0042198654 | S56: 0.004156727 | T56: 0.0041296724 | U56: 0.0040361673 | V56: 0.003990157 | W56: 0.0038653967 | X56: 0.0037671219 | Y56: 0.0036775015 | Z56: 0.0036050162 | AA56: 0.0040572309 | AB56: 0.0042640496 | AC56: 0.0039130383 | AD56: 0.0036137446 | AE56: 0.0043683162 | AF56: 0.0043440322 | AG56: 0.0043164572 | AH56: 0.0042815422 | AI56: 0.0042433332 | AJ56: 0.0042091522 | AK56: 0.0041807028 | AL56: 0.0041444978 | AM56: 0.0041060779 | AN56: 0.0040707762 | AO56: 0.0040367926 | AP56: 0.0040091057 | AQ56: 0.0039895746 | AR56: 0.0039722424 | AS56: 0.0039600495 | AT56: 0.0039452029 | AU56: 0.003933867 | AV56: 0.0039182421 | AW56: 0.0038969846 | AX56: 0.0038749875 | AY56: 0.0038507287 | AZ56: 0.0038234594 | BA56: 0.0037932418 | BB56: 0.0037605551 | BC56: 0.0037211968 | BD56: 0.0036756628 | BE56: 0.0036276449
A57: ='Population Definitions'!$A$9 -> 18-64_females | C57: Rate (per year) | F57: OR | G57: 0.0018821337 | H57: 0.0018802131 | I57: 0.0018925752 | J57: 0.0019204656 | K57: 0.0019639275 | L57: 0.0020169594 | M57: 0.002071854 | N57: 0.0021224996 | O57: 0.0021632637 | P57: 0.0021852612 | Q57: 0.0021920431 | R57: 0.0022414731 | S57: 0.0022097785 | T57: 0.0021816706 | U57: 0.0021422437 | V57: 0.0021120191 | W57: 0.0020686499 | X57: 0.0020298086 | Y57: 0.0019907197 | Z57: 0.0019594278 | AA57: 0.0023123098 | AB57: 0.0026631791 | AC57: 0.0021647249 | AD57: 0.0019733395 | AE57: 0.0026332433 | AF57: 0.0026000741 | AG57: 0.0025666476 | AH57: 0.0025290505 | AI57: 0.0024900887 | AJ57: 0.002457998 | AK57: 0.0024298033 | AL57: 0.0023980585 | AM57: 0.002367882 | AN57: 0.0023383756 | AO57: 0.0023128598 | AP57: 0.0022912653 | AQ57: 0.0022742687 | AR57: 0.0022597321 | AS57: 0.0022498199 | AT57: 0.0022378668 | AU57: 0.0022290871 | AV57: 0.0022177461 | AW57: 0.0022024346 | AX57: 0.0021874918 | AY57: 0.0021709325 | AZ57: 0.0021534025 | BA57: 0.0021354917 | BB57: 0.0021151706 | BC57: 0.0020911574 | BD57: 0.0020644392 | BE57: 0.0020358618
A58: ='Population Definitions'!$A$10 -> 65+_males | C58: Rate (per year) | F58: OR | G58: 0.07563388 | H58: 0.076028214 | I58: 0.076469494 | J58: 0.076930972 | K58: 0.077421157 | L58: 0.077944998 | M58: 0.078410156 | N58: 0.078819341 | O58: 0.07913172 | P58: 0.079270458 | Q58: 0.079156439 | R58: 0.078829465 | S58: 0.078035546 | T58: 0.077163322 | U58: 0.076083694 | V58: 0.075086266 | W58: 0.073919683 | X58: 0.072701238 | Y58: 0.071448097 | Z58: 0.070260496 | AA58: 0.087240724 | AB58: 0.094480426 | AC58: 0.070761505 | AD58: 0.067182441 | AE58: 0.06671019 | AF58: 0.066487245 | AG58: 0.066284533 | AH58: 0.065913495 | AI58: 0.065568584 | AJ58: 0.065186231 | AK58: 0.064941162 | AL58: 0.064635269 | AM58: 0.064317459 | AN58: 0.064061524 | AO58: 0.063762677 | AP58: 0.063512729 | AQ58: 0.063285178 | AR58: 0.062972679 | AS58: 0.06270505 | AT58: 0.062370303 | AU58: 0.062055463 | AV58: 0.061702577 | AW58: 0.061282005 | AX58: 0.060829778 | AY58: 0.060379743 | AZ58: 0.059910585 | BA58: 0.059428019 | BB58: 0.058960383 | BC58: 0.058429326 | BD58: 0.057862809 | BE58: 0.057326935
A59: ='Population Definitions'!$A$11 -> 65+_females | C59: Rate (per year) | F59: OR | G59: 0.061597046 | H59: 0.061245218 | I59: 0.061131102 | J59: 0.061316145 | K59: 0.061811114 | L59: 0.06253789 | M59: 0.063367759 | N59: 0.064203523 | O59: 0.064925278 | P59: 0.065402318 | Q59: 0.065553307 | R59: 0.065414015 | S59: 0.064800713 | T59: 0.064086807 | U59: 0.063216547 | V59: 0.062284143 | W59: 0.061144276 | X59: 0.059934138 | Y59: 0.05869159 | Z59: 0.057513166 | AA59: 0.070071833 | AB59: 0.081586385 | AC59: 0.056722762 | AD59: 0.053937599 | AE59: 0.054268736 | AF59: 0.053895717 | AG59: 0.053601446 | AH59: 0.053173809 | AI59: 0.052789399 | AJ59: 0.052434431 | AK59: 0.052191589 | AL59: 0.051922225 | AM59: 0.05171409 | AN59: 0.051485858 | AO59: 0.051292502 | AP59: 0.05112339 | AQ59: 0.050928662 | AR59: 0.050709697 | AS59: 0.050509627 | AT59: 0.050219824 | AU59: 0.049975571 | AV59: 0.049661533 | AW59: 0.04926058 | AX59: 0.048874886 | AY59: 0.048459072 | AZ59: 0.048026403 | BA59: 0.047607755 | BB59: 0.047151659 | BC59: 0.046678211 | BD59: 0.046184864 | BE59: 0.045719794
A60: ='Population Definitions'!$A$12 -> Prisoners_males | C60: Rate (per year) | F60: OR | G60: 0.0035923017 | H60: 0.0036241982 | I60: 0.00367081 | J60: 0.0037284771 | K60: 0.0038000409 | L60: 0.0038805959 | M60: 0.0039603831 | N60: 0.0040360135 | O60: 0.0041001342 | P60: 0.0041404292 | Q60: 0.0041601769 | R60: 0.0042198654 | S60: 0.004156727 | T60: 0.0041296724 | U60: 0.0040361673 | V60: 0.003990157 | W60: 0.0038653967 | X60: 0.0037671219 | Y60: 0.0036775015 | Z60: 0.0036050162 | AA60: 0.0040572309 | AB60: 0.0042640496 | AC60: 0.0039130383 | AD60: 0.0036137446 | AE60: 0.004386102 | AF60: 0.0043841167 | AG60: 0.0043653778 | AH60: 0.0043394179 | AI60: 0.0043103298 | AJ60: 0.0042860117 | AK60: 0.0042699528 | AL60: 0.0042459995 | AM60: 0.0042172675 | AN60: 0.0041898599 | AO60: 0.0041647683 | AP60: 0.0041487384 | AQ60: 0.0041405495 | AR60: 0.00413146 | AS60: 0.0041266743 | AT60: 0.0041215331 | AU60: 0.0041211386 | AV60: 0.004113956 | AW60: 0.0041089036 | AX60: 0.0041113937 | AY60: 0.0041066519 | AZ60: 0.0040992864 | BA60: 0.0040957412 | BB60: 0.004092967 | BC60: 0.0040808912 | BD60: 0.0040553305 | BE60: 0.0040260523
A61: ='Population Definitions'!$A$13 -> Prisoners_females | C61: Rate (per year) | F61: OR | G61: 0.0018821337 | H61: 0.0018802131 | I61: 0.0018925752 | J61: 0.0019204656 | K61: 0.0019639275 | L61: 0.0020169594 | M61: 0.002071854 | N61: 0.0021224996 | O61: 0.0021632637 | P61: 0.0021852612 | Q61: 0.0021920431 | R61: 0.0022414731 | S61: 0.0022097785 | T61: 0.0021816706 | U61: 0.0021422437 | V61: 0.0021120191 | W61: 0.0020686499 | X61: 0.0020298086 | Y61: 0.0019907197 | Z61: 0.0019594278 | AA61: 0.0023123098 | AB61: 0.0026631791 | AC61: 0.0021647249 | AD61: 0.0019733395 | AE61: 0.0026424318 | AF61: 0.0026206383 | AG61: 0.0025914589 | AH61: 0.0025581495 | AI61: 0.002523289 | AJ61: 0.0024955116 | AK61: 0.0024730384 | AL61: 0.0024467935 | AM61: 0.0024209936 | AN61: 0.0023949764 | AO61: 0.0023734674 | AP61: 0.0023570624 | AQ61: 0.0023451282 | AR61: 0.0023340485 | AS61: 0.0023273567 | AT61: 0.002320241 | AU61: 0.0023166651 | AV61: 0.0023095315 | AW61: 0.0023021244 | AX61: 0.0022995667 | AY61: 0.002293256 | AZ61: 0.0022859164 | BA61: 0.0022816513 | BB61: 0.0022765124 | BC61: 0.0022671973 | BD61: 0.0022513206 | BE61: 0.0022328067
A62: ='Population Definitions'!$A$14 -> Prisoners_PWID_males | C62: Rate (per year) | F62: OR | G62: 0.0035923017 | H62: 0.0036241982 | I62: 0.00367081 | J62: 0.0037284771 | K62: 0.0038000409 | L62: 0.0038805959 | M62: 0.0039603831 | N62: 0.0040360135 | O62: 0.0041001342 | P62: 0.0041404292 | Q62: 0.0041601769 | R62: 0.0042198654 | S62: 0.004156727 | T62: 0.0041296724 | U62: 0.0040361673 | V62: 0.003990157 | W62: 0.0038653967 | X62: 0.0037671219 | Y62: 0.0036775015 | Z62: 0.0036050162 | AA62: 0.0040572309 | AB62: 0.0042640496 | AC62: 0.0039130383 | AD62: 0.0036137446
A63: ='Population Definitions'!$A$15 -> Prisoners_PWID_females | C63: Rate (per year) | F63: OR | G63: 0.0018821337 | H63: 0.0018802131 | I63: 0.0018925752 | J63: 0.0019204656 | K63: 0.0019639275 | L63: 0.0020169594 | M63: 0.002071854 | N63: 0.0021224996 | O63: 0.0021632637 | P63: 0.0021852612 | Q63: 0.0021920431 | R63: 0.0022414731 | S63: 0.0022097785 | T63: 0.0021816706 | U63: 0.0021422437 | V63: 0.0021120191 | W63: 0.0020686499 | X63: 0.0020298086 | Y63: 0.0019907197 | Z63: 0.0019594278 | AA63: 0.0023123098 | AB63: 0.0026631791 | AC63: 0.0021647249 | AD63: 0.0019733395

Sheet Infectiousness
A1: Force of Infection constant | B1: Provenance | C1: Units | D1: Uncertainty | E1: Constant | G1: 2000 | H1: 2001 | I1: 2002 | J1: 2003 | K1: 2004 | L1: 2005 | M1: 2006 | N1: 2007 | O1: 2008 | P1: 2009 | Q1: 2010 | R1: 2011 | S1: 2012 | T1: 2013 | U1: 2014 | V1: 2015 | W1: 2016 | X1: 2017 | Y1: 2018 | Z1: 2019 | AA1: 2020 | AB1: 2021 | AC1: 2022 | AD1: 2023 | AE1: 2024 | AF1: 2025 | AG1: 2026 | AH1: 2027 | AI1: 2028 | AJ1: 2029 | AK1: 2030 | AL1: 2031 | AM1: 2032 | AN1: 2033 | AO1: 2034 | AP1: 2035 | AQ1: 2036 | AR1: 2037 | AS1: 2038 | AT1: 2039 | AU1: 2040 | AV1: 2041 | AW1: 2042 | AX1: 2043 | AY1: 2044 | AZ1: 2045 | BA1: 2046 | BB1: 2047 | BC1: 2048 | BD1: 2049 | BE1: 2050
A2: ='Population Definitions'!$A$2 -> PWID_males | C2: N.A. | E2: 0.1 | F2: OR
A3: ='Population Definitions'!$A$3 -> PWID_females | C3: N.A. | E3: 0.1 | F3: OR
A4: ='Population Definitions'!$A$4 -> 0-9_males | C4: N.A. | E4: 0 | F4: OR
A5: ='Population Definitions'!$A$5 -> 0-9_females | C5: N.A. | E5: 0 | F5: OR
A6: ='Population Definitions'!$A$6 -> 10-17_males | C6: N.A. | E6: 0 | F6: OR
A7: ='Population Definitions'!$A$7 -> 10-17_females | C7: N.A. | E7: 0 | F7: OR
A8: ='Population Definitions'!$A$8 -> 18-64_males | C8: N.A. | E8: 0 | F8: OR
A9: ='Population Definitions'!$A$9 -> 18-64_females | C9: N.A. | E9: 0 | F9: OR
A10: ='Population Definitions'!$A$10 -> 65+_males | C10: N.A. | E10: 0 | F10: OR
A11: ='Population Definitions'!$A$11 -> 65+_females | C11: N.A. | E11: 0 | F11: OR
A12: ='Population Definitions'!$A$12 -> Prisoners_males | C12: N.A. | E12: 0 | F12: OR
A13: ='Population Definitions'!$A$13 -> Prisoners_females | C13: N.A. | E13: 0 | F13: OR
A14: ='Population Definitions'!$A$14 -> Prisoners_PWID_males | C14: N.A. | E14: 0.1 | F14: OR
A15: ='Population Definitions'!$A$15 -> Prisoners_PWID_females | C15: N.A. | E15: 0.1 | F15: OR
A17: Infectivity among the general population | B17: Provenance | C17: Units | D17: Uncertainty | E17: Constant | G17: 2000 | H17: 2001 | I17: 2002 | J17: 2003 | K17: 2004 | L17: 2005 | M17: 2006 | N17: 2007 | O17: 2008 | P17: 2009 | Q17: 2010 | R17: 2011 | S17: 2012 | T17: 2013 | U17: 2014 | V17: 2015 | W17: 2016 | X17: 2017 | Y17: 2018 | Z17: 2019 | AA17: 2020 | AB17: 2021 | AC17: 2022 | AD17: 2023 | AE17: 2024 | AF17: 2025 | AG17: 2026 | AH17: 2027 | AI17: 2028 | AJ17: 2029 | AK17: 2030 | AL17: 2031 | AM17: 2032 | AN17: 2033 | AO17: 2034 | AP17: 2035 | AQ17: 2036 | AR17: 2037 | AS17: 2038 | AT17: 2039 | AU17: 2040 | AV17: 2041 | AW17: 2042 | AX17: 2043 | AY17: 2044 | AZ17: 2045 | BA17: 2046 | BB17: 2047 | BC17: 2048 | BD17: 2049 | BE17: 2050
A18: ='Population Definitions'!$A$2 -> PWID_males | C18: N.A. | E18: 0 | F18: OR
A19: ='Population Definitions'!$A$3 -> PWID_females | C19: N.A. | E19: 0 | F19: OR
A20: ='Population Definitions'!$A$4 -> 0-9_males | C20: N.A. | E20: 0 | F20: OR
A21: ='Population Definitions'!$A$5 -> 0-9_females | C21: N.A. | E21: 0 | F21: OR
A22: ='Population Definitions'!$A$6 -> 10-17_males | C22: N.A. | E22: 0 | F22: OR
A23: ='Population Definitions'!$A$7 -> 10-17_females | C23: N.A. | E23: 0 | F23: OR
A24: ='Population Definitions'!$A$8 -> 18-64_males | C24: N.A. | E24: 0.1 | F24: OR
A25: ='Population Definitions'!$A$9 -> 18-64_females | C25: N.A. | E25: 0.1 | F25: OR
A26: ='Population Definitions'!$A$10 -> 65+_males | C26: N.A. | E26: 0.1 | F26: OR
A27: ='Population Definitions'!$A$11 -> 65+_females | C27: N.A. | E27: 0.1 | F27: OR
A28: ='Population Definitions'!$A$12 -> Prisoners_males | C28: N.A. | E28: 0 | F28: OR
A29: ='Population Definitions'!$A$13 -> Prisoners_females | C29: N.A. | E29: 0 | F29: OR
A30: ='Population Definitions'!$A$14 -> Prisoners_PWID_males | C30: N.A. | E30: 0 | F30: OR
A31: ='Population Definitions'!$A$15 -> Prisoners_PWID_females | C31: N.A. | E31: 0 | F31: OR

Sheet Disease Progression
A1: Proportion of HCV infections spontaneously clearing | B1: Provenance | C1: Units | D1: Uncertainty | E1: Constant | G1: 2000 | H1: 2001 | I1: 2002 | J1: 2003 | K1: 2004 | L1: 2005 | M1: 2006 | N1: 2007 | O1: 2008 | P1: 2009 | Q1: 2010 | R1: 2011 | S1: 2012 | T1: 2013 | U1: 2014 | V1: 2015 | W1: 2016 | X1: 2017 | Y1: 2018 | Z1: 2019 | AA1: 2020 | AB1: 2021 | AC1: 2022 | AD1: 2023 | AE1: 2024 | AF1: 2025 | AG1: 2026 | AH1: 2027 | AI1: 2028 | AJ1: 2029 | AK1: 2030 | AL1: 2031 | AM1: 2032 | AN1: 2033 | AO1: 2034 | AP1: 2035 | AQ1: 2036 | AR1: 2037 | AS1: 2038 | AT1: 2039 | AU1: 2040 | AV1: 2041 | AW1: 2042 | AX1: 2043 | AY1: 2044 | AZ1: 2045 | BA1: 2046 | BB1: 2047 | BC1: 2048 | BD1: 2049 | BE1: 2050
A2: ='Population Definitions'!$A$2 -> PWID_males | C2: Proportion | D2: 0.028061224 | E2: 0.19889503 | F2: OR
A3: ='Population Definitions'!$A$3 -> PWID_females | C3: Proportion | D3: 0.033163265 | E3: 0.42105263 | F3: OR
A4: ='Population Definitions'!$A$4 -> 0-9_males | C4: Proportion | D4: 0.028061224 | E4: 0.19889503 | F4: OR
A5: ='Population Definitions'!$A$5 -> 0-9_females | C5: Proportion | D5: 0.033163265 | E5: 0.42105263 | F5: OR
A6: ='Population Definitions'!$A$6 -> 10-17_males | C6: Proportion | D6: 0.028061224 | E6: 0.19889503 | F6: OR
A7: ='Population Definitions'!$A$7 -> 10-17_females | C7: Proportion | D7: 0.033163265 | E7: 0.42105263 | F7: OR
A8: ='Population Definitions'!$A$8 -> 18-64_males | C8: Proportion | D8: 0.028061224 | E8: 0.19889503 | F8: OR
A9: ='Population Definitions'!$A$9 -> 18-64_females | C9: Proportion | D9: 0.033163265 | E9: 0.42105263 | F9: OR
A10: ='Population Definitions'!$A$10 -> 65+_males | C10: Proportion | D10: 0.028061224 | E10: 0.19889503 | F10: OR
A11: ='Population Definitions'!$A$11 -> 65+_females | C11: Proportion | D11: 0.033163265 | E11: 0.42105263 | F11: OR
A12: ='Population Definitions'!$A$12 -> Prisoners_males | C12: Proportion | D12: 0.028061224 | E12: 0.19889503 | F12: OR
A13: ='Population Definitions'!$A$13 -> Prisoners_females | C13: Proportion | D13: 0.033163265 | E13: 0.42105263 | F13: OR
A14: ='Population Definitions'!$A$14 -> Prisoners_PWID_males | C14: Proportion | D14: 0.028061224 | E14: 0.19889503 | F14: OR
A15: ='Population Definitions'!$A$15 -> Prisoners_PWID_females | C15: Proportion | D15: 0.033163265 | E15: 0.42105263 | F15: OR
A17: Average duration for spontaneous viral clearance | B17: Provenance | C17: Units | D17: Uncertainty | E17: Constant | G17: 2000 | H17: 2001 | I17: 2002 | J17: 2003 | K17: 2004 | L17: 2005 | M17: 2006 | N17: 2007 | O17: 2008 | P17: 2009 | Q17: 2010 | R17: 2011 | S17: 2012 | T17: 2013 | U17: 2014 | V17: 2015 | W17: 2016 | X17: 2017 | Y17: 2018 | Z17: 2019 | AA17: 2020 | AB17: 2021 | AC17: 2022 | AD17: 2023 | AE17: 2024 | AF17: 2025 | AG17: 2026 | AH17: 2027 | AI17: 2028 | AJ17: 2029 | AK17: 2030 | AL17: 2031 | AM17: 2032 | AN17: 2033 | AO17: 2034 | AP17: 2035 | AQ17: 2036 | AR17: 2037 | AS17: 2038 | AT17: 2039 | AU17: 2040 | AV17: 2041 | AW17: 2042 | AX17: 2043 | AY17: 2044 | AZ17: 2045 | BA17: 2046 | BB17: 2047 | BC17: 2048 | BD17: 2049 | BE17: 2050
A18: ='Population Definitions'!$A$2 -> PWID_males | B18: Framework-supplied default | C18: Duration (years) | E18: 1 | F18: OR
A19: ='Population Definitions'!$A$3 -> PWID_females | B19: Framework-supplied default | C19: Duration (years) | E19: 1 | F19: OR
A20: ='Population Definitions'!$A$4 -> 0-9_males | B20: Framework-supplied default | C20: Duration (years) | E20: 1 | F20: OR
A21: ='Population Definitions'!$A$5 -> 0-9_females | B21: Framework-supplied default | C21: Duration (years) | E21: 1 | F21: OR
A22: ='Population Definitions'!$A$6 -> 10-17_males | B22: Framework-supplied default | C22: Duration (years) | E22: 1 | F22: OR
A23: ='Population Definitions'!$A$7 -> 10-17_females | B23: Framework-supplied default | C23: Duration (years) | E23: 1 | F23: OR
A24: ='Population Definitions'!$A$8 -> 18-64_males | B24: Framework-supplied default | C24: Duration (years) | E24: 1 | F24: OR
A25: ='Population Definitions'!$A$9 -> 18-64_females | B25: Framework-supplied default | C25: Duration (years) | E25: 1 | F25: OR
A26: ='Population Definitions'!$A$10 -> 65+_males | B26: Framework-supplied default | C26: Duration (years) | E26: 1 | F26: OR
A27: ='Population Definitions'!$A$11 -> 65+_females | B27: Framework-supplied default | C27: Duration (years) | E27: 1 | F27: OR
A28: ='Population Definitions'!$A$12 -> Prisoners_males | B28: Framework-supplied default | C28: Duration (years) | E28: 1 | F28: OR
A29: ='Population Definitions'!$A$13 -> Prisoners_females | B29: Framework-supplied default | C29: Duration (years) | E29: 1 | F29: OR
A30: ='Population Definitions'!$A$14 -> Prisoners_PWID_males | B30: Framework-supplied default | C30: Duration (years) | E30: 1 | F30: OR
A31: ='Population Definitions'!$A$15 -> Prisoners_PWID_females | B31: Framework-supplied default | C31: Duration (years) | E31: 1 | F31: OR
A33: F0 to F1 progression rate (intermediate step) | B33: Provenance | C33: Units | D33: Uncertainty | E33: Constant | G33: 2000 | H33: 2001 | I33: 2002 | J33: 2003 | K33: 2004 | L33: 2005 | M33: 2006 | N33: 2007 | O33: 2008 | P33: 2009 | Q33: 2010 | R33: 2011 | S33: 2012 | T33: 2013 | U33: 2014 | V33: 2015 | W33: 2016 | X33: 2017 | Y33: 2018 | Z33: 2019 | AA33: 2020 | AB33: 2021 | AC33: 2022 | AD33: 2023 | AE33: 2024 | AF33: 2025 | AG33: 2026 | AH33: 2027 | AI33: 2028 | AJ33: 2029 | AK33: 2030 | AL33: 2031 | AM33: 2032 | AN33: 2033 | AO33: 2034 | AP33: 2035 | AQ33: 2036 | AR33: 2037 | AS33: 2038 | AT33: 2039 | AU33: 2040 | AV33: 2041 | AW33: 2042 | AX33: 2043 | AY33: 2044 | AZ33: 2045 | BA33: 2046 | BB33: 2047 | BC33: 2048 | BD33: 2049 | BE33: 2050
A34: ='Population Definitions'!$A$2 -> PWID_males | C34: Rate (per year) | D34: 0.094387755 | E34: 0.25 | F34: OR
A35: ='Population Definitions'!$A$3 -> PWID_females | C35: Rate (per year) | D35: 0.094387755 | E35: 0.25 | F35: OR
A36: ='Population Definitions'!$A$4 -> 0-9_males | C36: Rate (per year) | D36: 0.094387755 | E36: 0.25 | F36: OR
A37: ='Population Definitions'!$A$5 -> 0-9_females | C37: Rate (per year) | D37: 0.094387755 | E37: 0.25 | F37: OR
A38: ='Population Definitions'!$A$6 -> 10-17_males | C38: Rate (per year) | D38: 0.094387755 | E38: 0.25 | F38: OR
A39: ='Population Definitions'!$A$7 -> 10-17_females | C39: Rate (per year) | D39: 0.094387755 | E39: 0.25 | F39: OR
A40: ='Population Definitions'!$A$8 -> 18-64_males | C40: Rate (per year) | D40: 0.094387755 | E40: 0.25 | F40: OR
A41: ='Population Definitions'!$A$9 -> 18-64_females | C41: Rate (per year) | D41: 0.094387755 | E41: 0.25 | F41: OR
A42: ='Population Definitions'!$A$10 -> 65+_males | C42: Rate (per year) | D42: 0.094387755 | E42: 0.25 | F42: OR
A43: ='Population Definitions'!$A$11 -> 65+_females | C43: Rate (per year) | D43: 0.094387755 | E43: 0.25 | F43: OR
A44: ='Population Definitions'!$A$12 -> Prisoners_males | C44: Rate (per year) | D44: 0.094387755 | E44: 0.25 | F44: OR
A45: ='Population Definitions'!$A$13 -> Prisoners_females | C45: Rate (per year) | D45: 0.094387755 | E45: 0.25 | F45: OR
A46: ='Population Definitions'!$A$14 -> Prisoners_PWID_males | C46: Rate (per year) | D46: 0.094387755 | E46: 0.25 | F46: OR
A47: ='Population Definitions'!$A$15 -> Prisoners_PWID_females | C47: Rate (per year) | D47: 0.094387755 | E47: 0.25 | F47: OR
A49: F1 to F2 progression rate (intermediate step) | B49: Provenance | C49: Units | D49: Uncertainty | E49: Constant | G49: 2000 | H49: 2001 | I49: 2002 | J49: 2003 | K49: 2004 | L49: 2005 | M49: 2006 | N49: 2007 | O49: 2008 | P49: 2009 | Q49: 2010 | R49: 2011 | S49: 2012 | T49: 2013 | U49: 2014 | V49: 2015 | W49: 2016 | X49: 2017 | Y49: 2018 | Z49: 2019 | AA49: 2020 | AB49: 2021 | AC49: 2022 | AD49: 2023 | AE49: 2024 | AF49: 2025 | AG49: 2026 | AH49: 2027 | AI49: 2028 | AJ49: 2029 | AK49: 2030 | AL49: 2031 | AM49: 2032 | AN49: 2033 | AO49: 2034 | AP49: 2035 | AQ49: 2036 | AR49: 2037 | AS49: 2038 | AT49: 2039 | AU49: 2040 | AV49: 2041 | AW49: 2042 | AX49: 2043 | AY49: 2044 | AZ49: 2045 | BA49: 2046 | BB49: 2047 | BC49: 2048 | BD49: 2049 | BE49: 2050
A50: ='Population Definitions'!$A$2 -> PWID_males | C50: Rate (per year) | D50: 0.030612245 | E50: 0.08 | F50: OR
A51: ='Population Definitions'!$A$3 -> PWID_females | C51: Rate (per year) | D51: 0.030612245 | E51: 0.08 | F51: OR
A52: ='Population Definitions'!$A$4 -> 0-9_males | C52: Rate (per year) | D52: 0.030612245 | E52: 0.08 | F52: OR
A53: ='Population Definitions'!$A$5 -> 0-9_females | C53: Rate (per year) | D53: 0.030612245 | E53: 0.08 | F53: OR
A54: ='Population Definitions'!$A$6 -> 10-17_males | C54: Rate (per year) | D54: 0.030612245 | E54: 0.08 | F54: OR
A55: ='Population Definitions'!$A$7 -> 10-17_females | C55: Rate (per year) | D55: 0.030612245 | E55: 0.08 | F55: OR
A56: ='Population Definitions'!$A$8 -> 18-64_males | C56: Rate (per year) | D56: 0.030612245 | E56: 0.08 | F56: OR
A57: ='Population Definitions'!$A$9 -> 18-64_females | C57: Rate (per year) | D57: 0.030612245 | E57: 0.08 | F57: OR
A58: ='Population Definitions'!$A$10 -> 65+_males | C58: Rate (per year) | D58: 0.030612245 | E58: 0.08 | F58: OR
A59: ='Population Definitions'!$A$11 -> 65+_females | C59: Rate (per year) | D59: 0.030612245 | E59: 0.08 | F59: OR
A60: ='Population Definitions'!$A$12 -> Prisoners_males | C60: Rate (per year) | D60: 0.030612245 | E60: 0.08 | F60: OR
A61: ='Population Definitions'!$A$13 -> Prisoners_females | C61: Rate (per year) | D61: 0.030612245 | E61: 0.08 | F61: OR
A62: ='Population Definitions'!$A$14 -> Prisoners_PWID_males | C62: Rate (per year) | D62: 0.030612245 | E62: 0.08 | F62: OR
A63: ='Population Definitions'!$A$15 -> Prisoners_PWID_females | C63: Rate (per year) | D63: 0.030612245 | E63: 0.08 | F63: OR
A65: F2 to F3 progression rate (intermediate step) | B65: Provenance | C65: Units | D65: Uncertainty | E65: Constant | G65: 2000 | H65: 2001 | I65: 2002 | J65: 2003 | K65: 2004 | L65: 2005 | M65: 2006 | N65: 2007 | O65: 2008 | P65: 2009 | Q65: 2010 | R65: 2011 | S65: 2012 | T65: 2013 | U65: 2014 | V65: 2015 | W65: 2016 | X65: 2017 | Y65: 2018 | Z65: 2019 | AA65: 2020 | AB65: 2021 | AC65: 2022 | AD65: 2023 | AE65: 2024 | AF65: 2025 | AG65: 2026 | AH65: 2027 | AI65: 2028 | AJ65: 2029 | AK65: 2030 | AL65: 2031 | AM65: 2032 | AN65: 2033 | AO65: 2034 | AP65: 2035 | AQ65: 2036 | AR65: 2037 | AS65: 2038 | AT65: 2039 | AU65: 2040 | AV65: 2041 | AW65: 2042 | AX65: 2043 | AY65: 2044 | AZ65: 2045 | BA65: 2046 | BB65: 2047 | BC65: 2048 | BD65: 2049 | BE65: 2050
A66: ='Population Definitions'!$A$2 -> PWID_males | C66: Rate (per year) | D66: 0.015306122 | E66: 0.03 | F66: OR
A67: ='Population Definitions'!$A$3 -> PWID_females | C67: Rate (per year) | D67: 0.015306122 | E67: 0.03 | F67: OR
A68: ='Population Definitions'!$A$4 -> 0-9_males | C68: Rate (per year) | D68: 0.015306122 | E68: 0.03 | F68: OR
A69: ='Population Definitions'!$A$5 -> 0-9_females | C69: Rate (per year) | D69: 0.015306122 | E69: 0.03 | F69: OR
A70: ='Population Definitions'!$A$6 -> 10-17_males | C70: Rate (per year) | D70: 0.015306122 | E70: 0.03 | F70: OR
A71: ='Population Definitions'!$A$7 -> 10-17_females | C71: Rate (per year) | D71: 0.015306122 | E71: 0.03 | F71: OR
A72: ='Population Definitions'!$A$8 -> 18-64_males | C72: Rate (per year) | D72: 0.015306122 | E72: 0.03 | F72: OR
A73: ='Population Definitions'!$A$9 -> 18-64_females | C73: Rate (per year) | D73: 0.015306122 | E73: 0.03 | F73: OR
A74: ='Population Definitions'!$A$10 -> 65+_males | C74: Rate (per year) | D74: 0.015306122 | E74: 0.03 | F74: OR
A75: ='Population Definitions'!$A$11 -> 65+_females | C75: Rate (per year) | D75: 0.015306122 | E75: 0.03 | F75: OR
A76: ='Population Definitions'!$A$12 -> Prisoners_males | C76: Rate (per year) | D76: 0.015306122 | E76: 0.03 | F76: OR
A77: ='Population Definitions'!$A$13 -> Prisoners_females | C77: Rate (per year) | D77: 0.015306122 | E77: 0.03 | F77: OR
A78: ='Population Definitions'!$A$14 -> Prisoners_PWID_males | C78: Rate (per year) | D78: 0.015306122 | E78: 0.03 | F78: OR
A79: ='Population Definitions'!$A$15 -> Prisoners_PWID_females | C79: Rate (per year) | D79: 0.015306122 | E79: 0.03 | F79: OR
A81: F3 to F4 progression rate (intermediate step) | B81: Provenance | C81: Units | D81: Uncertainty | E81: Constant | G81: 2000 | H81: 2001 | I81: 2002 | J81: 2003 | K81: 2004 | L81: 2005 | M81: 2006 | N81: 2007 | O81: 2008 | P81: 2009 | Q81: 2010 | R81: 2011 | S81: 2012 | T81: 2013 | U81: 2014 | V81: 2015 | W81: 2016 | X81: 2017 | Y81: 2018 | Z81: 2019 | AA81: 2020 | AB81: 2021 | AC81: 2022 | AD81: 2023 | AE81: 2024 | AF81: 2025 | AG81: 2026 | AH81: 2027 | AI81: 2028 | AJ81: 2029 | AK81: 2030 | AL81: 2031 | AM81: 2032 | AN81: 2033 | AO81: 2034 | AP81: 2035 | AQ81: 2036 | AR81: 2037 | AS81: 2038 | AT81: 2039 | AU81: 2040 | AV81: 2041 | AW81: 2042 | AX81: 2043 | AY81: 2044 | AZ81: 2045 | BA81: 2046 | BB81: 2047 | BC81: 2048 | BD81: 2049 | BE81: 2050
A82: ='Population Definitions'!$A$2 -> PWID_males | C82: Rate (per year) | D82: 0.051020408 | E82: 0.1 | F82: OR
A83: ='Population Definitions'!$A$3 -> PWID_females | C83: Rate (per year) | D83: 0.051020408 | E83: 0.1 | F83: OR
A84: ='Population Definitions'!$A$4 -> 0-9_males | C84: Rate (per year) | D84: 0.051020408 | E84: 0.1 | F84: OR
A85: ='Population Definitions'!$A$5 -> 0-9_females | C85: Rate (per year) | D85: 0.051020408 | E85: 0.1 | F85: OR
A86: ='Population Definitions'!$A$6 -> 10-17_males | C86: Rate (per year) | D86: 0.051020408 | E86: 0.1 | F86: OR
A87: ='Population Definitions'!$A$7 -> 10-17_females | C87: Rate (per year) | D87: 0.051020408 | E87: 0.1 | F87: OR
A88: ='Population Definitions'!$A$8 -> 18-64_males | C88: Rate (per year) | D88: 0.051020408 | E88: 0.1 | F88: OR
A89: ='Population Definitions'!$A$9 -> 18-64_females | C89: Rate (per year) | D89: 0.051020408 | E89: 0.1 | F89: OR
A90: ='Population Definitions'!$A$10 -> 65+_males | C90: Rate (per year) | D90: 0.051020408 | E90: 0.1 | F90: OR
A91: ='Population Definitions'!$A$11 -> 65+_females | C91: Rate (per year) | D91: 0.051020408 | E91: 0.1 | F91: OR
A92: ='Population Definitions'!$A$12 -> Prisoners_males | C92: Rate (per year) | D92: 0.051020408 | E92: 0.1 | F92: OR
A93: ='Population Definitions'!$A$13 -> Prisoners_females | C93: Rate (per year) | D93: 0.051020408 | E93: 0.1 | F93: OR
A94: ='Population Definitions'!$A$14 -> Prisoners_PWID_males | C94: Rate (per year) | D94: 0.051020408 | E94: 0.1 | F94: OR
A95: ='Population Definitions'!$A$15 -> Prisoners_PWID_females | C95: Rate (per year) | D95: 0.051020408 | E95: 0.1 | F95: OR
A97: F4 to DC progression rate (intermediate step) | B97: Provenance | C97: Units | D97: Uncertainty | E97: Constant | G97: 2000 | H97: 2001 | I97: 2002 | J97: 2003 | K97: 2004 | L97: 2005 | M97: 2006 | N97: 2007 | O97: 2008 | P97: 2009 | Q97: 2010 | R97: 2011 | S97: 2012 | T97: 2013 | U97: 2014 | V97: 2015 | W97: 2016 | X97: 2017 | Y97: 2018 | Z97: 2019 | AA97: 2020 | AB97: 2021 | AC97: 2022 | AD97: 2023 | AE97: 2024 | AF97: 2025 | AG97: 2026 | AH97: 2027 | AI97: 2028 | AJ97: 2029 | AK97: 2030 | AL97: 2031 | AM97: 2032 | AN97: 2033 | AO97: 2034 | AP97: 2035 | AQ97: 2036 | AR97: 2037 | AS97: 2038 | AT97: 2039 | AU97: 2040 | AV97: 2041 | AW97: 2042 | AX97: 2043 | AY97: 2044 | AZ97: 2045 | BA97: 2046 | BB97: 2047 | BC97: 2048 | BD97: 2049 | BE97: 2050
A98: ='Population Definitions'!$A$2 -> PWID_males | C98: Rate (per year) | D98: 0.0035714286 | E98: 0.055 | F98: OR
A99: ='Population Definitions'!$A$3 -> PWID_females | C99: Rate (per year) | D99: 0.0035714286 | E99: 0.055 | F99: OR
A100: ='Population Definitions'!$A$4 -> 0-9_males | C100: Rate (per year) | D100: 0.0035714286 | E100: 0.055 | F100: OR
A101: ='Population Definitions'!$A$5 -> 0-9_females | C101: Rate (per year) | D101: 0.0035714286 | E101: 0.055 | F101: OR
A102: ='Population Definitions'!$A$6 -> 10-17_males | C102: Rate (per year) | D102: 0.0035714286 | E102: 0.055 | F102: OR
A103: ='Population Definitions'!$A$7 -> 10-17_females | C103: Rate (per year) | D103: 0.0035714286 | E103: 0.055 | F103: OR
A104: ='Population Definitions'!$A$8 -> 18-64_males | C104: Rate (per year) | D104: 0.0035714286 | E104: 0.055 | F104: OR
A105: ='Population Definitions'!$A$9 -> 18-64_females | C105: Rate (per year) | D105: 0.0035714286 | E105: 0.055 | F105: OR
A106: ='Population Definitions'!$A$10 -> 65+_males | C106: Rate (per year) | D106: 0.0035714286 | E106: 0.055 | F106: OR
...

Sheet Diagnosis
A1: Antibody testing rate in F0-F2, undiagnosed, in care (intermediate step) | B1: Provenance | C1: Units | D1: Uncertainty | E1: Constant | G1: 2000 | H1: 2001 | I1: 2002 | J1: 2003 | K1: 2004 | L1: 2005 | M1: 2006 | N1: 2007 | O1: 2008 | P1: 2009 | Q1: 2010 | R1: 2011 | S1: 2012 | T1: 2013 | U1: 2014 | V1: 2015 | W1: 2016 | X1: 2017 | Y1: 2018 | Z1: 2019 | AA1: 2020 | AB1: 2021 | AC1: 2022 | AD1: 2023 | AE1: 2024 | AF1: 2025 | AG1: 2026 | AH1: 2027 | AI1: 2028 | AJ1: 2029 | AK1: 2030 | AL1: 2031 | AM1: 2032 | AN1: 2033 | AO1: 2034 | AP1: 2035 | AQ1: 2036 | AR1: 2037 | AS1: 2038 | AT1: 2039 | AU1: 2040 | AV1: 2041 | AW1: 2042 | AX1: 2043 | AY1: 2044 | AZ1: 2045 | BA1: 2046 | BB1: 2047 | BC1: 2048 | BD1: 2049 | BE1: 2050
A2: ='Population Definitions'!$A$2 -> PWID_males | C2: Rate (per year) | D2: 0.025765306 | F2: OR | G2: 0.05175 | V2: 0.1035 | AA2: 1
A3: ='Population Definitions'!$A$3 -> PWID_females | C3: Rate (per year) | D3: 0.025765306 | F3: OR | G3: 0.05175 | V3: 0.1035 | AA3: 1
A4: ='Population Definitions'!$A$4 -> 0-9_males | C4: Rate (per year) | F4: OR | G4: 0.01 | V4: 0.8 | AA4: 1
A5: ='Population Definitions'!$A$5 -> 0-9_females | C5: Rate (per year) | F5: OR | G5: 0.01 | V5: 0.8 | AA5: 1
A6: ='Population Definitions'!$A$6 -> 10-17_males | C6: Rate (per year) | F6: OR | G6: 0.01 | V6: 0.8 | AA6: 1
A7: ='Population Definitions'!$A$7 -> 10-17_females | C7: Rate (per year) | F7: OR | G7: 0.01 | V7: 0.8 | AA7: 1
A8: ='Population Definitions'!$A$8 -> 18-64_males | C8: Rate (per year) | F8: OR | G8: 0.05 | V8: 0.8 | AA8: 1
A9: ='Population Definitions'!$A$9 -> 18-64_females | C9: Rate (per year) | F9: OR | G9: 0.05 | V9: 0.8 | AA9: 1
A10: ='Population Definitions'!$A$10 -> 65+_males | C10: Rate (per year) | F10: OR | G10: 0.05 | V10: 0.8 | AA10: 1
A11: ='Population Definitions'!$A$11 -> 65+_females | C11: Rate (per year) | F11: OR | G11: 0.05 | V11: 0.8 | AA11: 1
A12: ='Population Definitions'!$A$12 -> Prisoners_males | C12: Rate (per year) | E12: 0 | F12: OR
A13: ='Population Definitions'!$A$13 -> Prisoners_females | C13: Rate (per year) | E13: 0 | F13: OR
A14: ='Population Definitions'!$A$14 -> Prisoners_PWID_males | C14: Rate (per year) | E14: 0 | F14: OR
A15: ='Population Definitions'!$A$15 -> Prisoners_PWID_females | C15: Rate (per year) | E15: 0 | F15: OR
A17: Antibody testing rate in F3+, undiagnosed, in care (intermediate step) | B17: Provenance | C17: Units | D17: Uncertainty | E17: Constant | G17: 2000 | H17: 2001 | I17: 2002 | J17: 2003 | K17: 2004 | L17: 2005 | M17: 2006 | N17: 2007 | O17: 2008 | P17: 2009 | Q17: 2010 | R17: 2011 | S17: 2012 | T17: 2013 | U17: 2014 | V17: 2015 | W17: 2016 | X17: 2017 | Y17: 2018 | Z17: 2019 | AA17: 2020 | AB17: 2021 | AC17: 2022 | AD17: 2023 | AE17: 2024 | AF17: 2025 | AG17: 2026 | AH17: 2027 | AI17: 2028 | AJ17: 2029 | AK17: 2030 | AL17: 2031 | AM17: 2032 | AN17: 2033 | AO17: 2034 | AP17: 2035 | AQ17: 2036 | AR17: 2037 | AS17: 2038 | AT17: 2039 | AU17: 2040 | AV17: 2041 | AW17: 2042 | AX17: 2043 | AY17: 2044 | AZ17: 2045 | BA17: 2046 | BB17: 2047 | BC17: 2048 | BD17: 2049 | BE17: 2050
A18: ='Population Definitions'!$A$2 -> PWID_males | C18: Rate (per year) | D18: 0.025765306 | F18: OR | G18: 0.05175 | V18: 0.1035 | AA18: 1
A19: ='Population Definitions'!$A$3 -> PWID_females | C19: Rate (per year) | D19: 0.025765306 | F19: OR | G19: 0.05175 | V19: 0.1035 | AA19: 1
A20: ='Population Definitions'!$A$4 -> 0-9_males | C20: Rate (per year) | F20: OR | G20: 0.01 | V20: 0.8 | AA20: 1
A21: ='Population Definitions'!$A$5 -> 0-9_females | C21: Rate (per year) | F21: OR | G21: 0.01 | V21: 0.8 | AA21: 1
A22: ='Population Definitions'!$A$6 -> 10-17_males | C22: Rate (per year) | F22: OR | G22: 0.01 | V22: 0.8 | AA22: 1
A23: ='Population Definitions'!$A$7 -> 10-17_females | C23: Rate (per year) | F23: OR | G23: 0.01 | V23: 0.8 | AA23: 1
A24: ='Population Definitions'!$A$8 -> 18-64_males | C24: Rate (per year) | F24: OR | G24: 0.05 | V24: 0.8 | AA24: 1
A25: ='Population Definitions'!$A$9 -> 18-64_females | C25: Rate (per year) | F25: OR | G25: 0.05 | V25: 0.8 | AA25: 1
A26: ='Population Definitions'!$A$10 -> 65+_males | C26: Rate (per year) | F26: OR | G26: 0.05 | V26: 0.8 | AA26: 1
A27: ='Population Definitions'!$A$11 -> 65+_females | C27: Rate (per year) | F27: OR | G27: 0.05 | V27: 0.8 | AA27: 1
A28: ='Population Definitions'!$A$12 -> Prisoners_males | C28: Rate (per year) | E28: 0 | F28: OR
A29: ='Population Definitions'!$A$13 -> Prisoners_females | C29: Rate (per year) | E29: 0 | F29: OR
A30: ='Population Definitions'!$A$14 -> Prisoners_PWID_males | C30: Rate (per year) | E30: 0 | F30: OR
A31: ='Population Definitions'!$A$15 -> Prisoners_PWID_females | C31: Rate (per year) | E31: 0 | F31: OR
A33: RNA testing rate in F0-F2, Ab diagnosed, in care (intermediate step) | B33: Provenance | C33: Units | D33: Uncertainty | E33: Constant | G33: 2000 | H33: 2001 | I33: 2002 | J33: 2003 | K33: 2004 | L33: 2005 | M33: 2006 | N33: 2007 | O33: 2008 | P33: 2009 | Q33: 2010 | R33: 2011 | S33: 2012 | T33: 2013 | U33: 2014 | V33: 2015 | W33: 2016 | X33: 2017 | Y33: 2018 | Z33: 2019 | AA33: 2020 | AB33: 2021 | AC33: 2022 | AD33: 2023 | AE33: 2024 | AF33: 2025 | AG33: 2026 | AH33: 2027 | AI33: 2028 | AJ33: 2029 | AK33: 2030 | AL33: 2031 | AM33: 2032 | AN33: 2033 | AO33: 2034 | AP33: 2035 | AQ33: 2036 | AR33: 2037 | AS33: 2038 | AT33: 2039 | AU33: 2040 | AV33: 2041 | AW33: 2042 | AX33: 2043 | AY33: 2044 | AZ33: 2045 | BA33: 2046 | BB33: 2047 | BC33: 2048 | BD33: 2049 | BE33: 2050
A34: ='Population Definitions'!$A$2 -> PWID_males | C34: Rate (per year) | F34: OR | G34: 0.4 | V34: 1
A35: ='Population Definitions'!$A$3 -> PWID_females | C35: Rate (per year) | F35: OR | G35: 0.4 | V35: 1
A36: ='Population Definitions'!$A$4 -> 0-9_males | C36: Rate (per year) | F36: OR | G36: 0.4 | V36: 1
A37: ='Population Definitions'!$A$5 -> 0-9_females | C37: Rate (per year) | F37: OR | G37: 0.4 | V37: 1
A38: ='Population Definitions'!$A$6 -> 10-17_males | C38: Rate (per year) | F38: OR | G38: 0.4 | V38: 1
A39: ='Population Definitions'!$A$7 -> 10-17_females | C39: Rate (per year) | F39: OR | G39: 0.4 | V39: 1
A40: ='Population Definitions'!$A$8 -> 18-64_males | C40: Rate (per year) | F40: OR | G40: 0.4 | V40: 1
A41: ='Population Definitions'!$A$9 -> 18-64_females | C41: Rate (per year) | F41: OR | G41: 0.4 | V41: 1
A42: ='Population Definitions'!$A$10 -> 65+_males | C42: Rate (per year) | F42: OR | G42: 0.4 | V42: 1
A43: ='Population Definitions'!$A$11 -> 65+_females | C43: Rate (per year) | F43: OR | G43: 0.4 | V43: 1
A44: ='Population Definitions'!$A$12 -> Prisoners_males | C44: Rate (per year) | F44: OR | G44: 0.4 | V44: 1
A45: ='Population Definitions'!$A$13 -> Prisoners_females | C45: Rate (per year) | F45: OR | G45: 0.4 | V45: 1
A46: ='Population Definitions'!$A$14 -> Prisoners_PWID_males | C46: Rate (per year) | F46: OR | G46: 0.4 | V46: 1
A47: ='Population Definitions'!$A$15 -> Prisoners_PWID_females | C47: Rate (per year) | F47: OR | G47: 0.4 | V47: 1
A49: RNA testing rate in F3+, Ab diagnosed, in care (intermediate step) | B49: Provenance | C49: Units | D49: Uncertainty | E49: Constant | G49: 2000 | H49: 2001 | I49: 2002 | J49: 2003 | K49: 2004 | L49: 2005 | M49: 2006 | N49: 2007 | O49: 2008 | P49: 2009 | Q49: 2010 | R49: 2011 | S49: 2012 | T49: 2013 | U49: 2014 | V49: 2015 | W49: 2016 | X49: 2017 | Y49: 2018 | Z49: 2019 | AA49: 2020 | AB49: 2021 | AC49: 2022 | AD49: 2023 | AE49: 2024 | AF49: 2025 | AG49: 2026 | AH49: 2027 | AI49: 2028 | AJ49: 2029 | AK49: 2030 | AL49: 2031 | AM49: 2032 | AN49: 2033 | AO49: 2034 | AP49: 2035 | AQ49: 2036 | AR49: 2037 | AS49: 2038 | AT49: 2039 | AU49: 2040 | AV49: 2041 | AW49: 2042 | AX49: 2043 | AY49: 2044 | AZ49: 2045 | BA49: 2046 | BB49: 2047 | BC49: 2048 | BD49: 2049 | BE49: 2050
A50: ='Population Definitions'!$A$2 -> PWID_males | C50: Rate (per year) | F50: OR | G50: 0.4 | V50: 1
A51: ='Population Definitions'!$A$3 -> PWID_females | C51: Rate (per year) | F51: OR | G51: 0.4 | V51: 1
A52: ='Population Definitions'!$A$4 -> 0-9_males | C52: Rate (per year) | F52: OR | G52: 0.4 | V52: 1
A53: ='Population Definitions'!$A$5 -> 0-9_females | C53: Rate (per year) | F53: OR | G53: 0.4 | V53: 1
A54: ='Population Definitions'!$A$6 -> 10-17_males | C54: Rate (per year) | F54: OR | G54: 0.4 | V54: 1
A55: ='Population Definitions'!$A$7 -> 10-17_females | C55: Rate (per year) | F55: OR | G55: 0.4 | V55: 1
A56: ='Population Definitions'!$A$8 -> 18-64_males | C56: Rate (per year) | F56: OR | G56: 0.4 | V56: 1
A57: ='Population Definitions'!$A$9 -> 18-64_females | C57: Rate (per year) | F57: OR | G57: 0.4 | V57: 1
A58: ='Population Definitions'!$A$10 -> 65+_males | C58: Rate (per year) | F58: OR | G58: 0.4 | V58: 1
A59: ='Population Definitions'!$A$11 -> 65+_females | C59: Rate (per year) | F59: OR | G59: 0.4 | V59: 1
A60: ='Population Definitions'!$A$12 -> Prisoners_males | C60: Rate (per year) | F60: OR | G60: 0.4 | V60: 1
A61: ='Population Definitions'!$A$13 -> Prisoners_females | C61: Rate (per year) | F61: OR | G61: 0.4 | V61: 1
A62: ='Population Definitions'!$A$14 -> Prisoners_PWID_males | C62: Rate (per year) | F62: OR | G62: 0.4 | V62: 1
A63: ='Population Definitions'!$A$15 -> Prisoners_PWID_females | C63: Rate (per year) | F63: OR | G63: 0.4 | V63: 1

Sheet Loss to follow-up
A1: Loss to follow-up rate on antibody test in F0-F2 | B1: Provenance | C1: Units | D1: Uncertainty | E1: Constant | G1: 2000 | H1: 2001 | I1: 2002 | J1: 2003 | K1: 2004 | L1: 2005 | M1: 2006 | N1: 2007 | O1: 2008 | P1: 2009 | Q1: 2010 | R1: 2011 | S1: 2012 | T1: 2013 | U1: 2014 | V1: 2015 | W1: 2016 | X1: 2017 | Y1: 2018 | Z1: 2019 | AA1: 2020 | AB1: 2021 | AC1: 2022 | AD1: 2023 | AE1: 2024 | AF1: 2025 | AG1: 2026 | AH1: 2027 | AI1: 2028 | AJ1: 2029 | AK1: 2030 | AL1: 2031 | AM1: 2032 | AN1: 2033 | AO1: 2034 | AP1: 2035 | AQ1: 2036 | AR1: 2037 | AS1: 2038 | AT1: 2039 | AU1: 2040 | AV1: 2041 | AW1: 2042 | AX1: 2043 | AY1: 2044 | AZ1: 2045 | BA1: 2046 | BB1: 2047 | BC1: 2048 | BD1: 2049 | BE1: 2050
A2: ='Population Definitions'!$A$2 -> PWID_males | B2: Framework-supplied default | C2: Proportion | E2: 0 | F2: OR
A3: ='Population Definitions'!$A$3 -> PWID_females | B3: Framework-supplied default | C3: Proportion | E3: 0 | F3: OR
A4: ='Population Definitions'!$A$4 -> 0-9_males | B4: Framework-supplied default | C4: Proportion | E4: 0 | F4: OR
A5: ='Population Definitions'!$A$5 -> 0-9_females | B5: Framework-supplied default | C5: Proportion | E5: 0 | F5: OR
A6: ='Population Definitions'!$A$6 -> 10-17_males | B6: Framework-supplied default | C6: Proportion | E6: 0 | F6: OR
A7: ='Population Definitions'!$A$7 -> 10-17_females | B7: Framework-supplied default | C7: Proportion | E7: 0 | F7: OR
A8: ='Population Definitions'!$A$8 -> 18-64_males | B8: Framework-supplied default | C8: Proportion | E8: 0 | F8: OR
A9: ='Population Definitions'!$A$9 -> 18-64_females | B9: Framework-supplied default | C9: Proportion | E9: 0 | F9: OR
A10: ='Population Definitions'!$A$10 -> 65+_males | B10: Framework-supplied default | C10: Proportion | E10: 0 | F10: OR
A11: ='Population Definitions'!$A$11 -> 65+_females | B11: Framework-supplied default | C11: Proportion | E11: 0 | F11: OR
A12: ='Population Definitions'!$A$12 -> Prisoners_males | B12: Framework-supplied default | C12: Proportion | E12: 0 | F12: OR
A13: ='Population Definitions'!$A$13 -> Prisoners_females | B13: Framework-supplied default | C13: Proportion | E13: 0 | F13: OR
A14: ='Population Definitions'!$A$14 -> Prisoners_PWID_males | B14: Framework-supplied default | C14: Proportion | E14: 0 | F14: OR
A15: ='Population Definitions'!$A$15 -> Prisoners_PWID_females | B15: Framework-supplied default | C15: Proportion | E15: 0 | F15: OR
A17: Loss to follow-up rate on antibody test in F3+ | B17: Provenance | C17: Units | D17: Uncertainty | E17: Constant | G17: 2000 | H17: 2001 | I17: 2002 | J17: 2003 | K17: 2004 | L17: 2005 | M17: 2006 | N17: 2007 | O17: 2008 | P17: 2009 | Q17: 2010 | R17: 2011 | S17: 2012 | T17: 2013 | U17: 2014 | V17: 2015 | W17: 2016 | X17: 2017 | Y17: 2018 | Z17: 2019 | AA17: 2020 | AB17: 2021 | AC17: 2022 | AD17: 2023 | AE17: 2024 | AF17: 2025 | AG17: 2026 | AH17: 2027 | AI17: 2028 | AJ17: 2029 | AK17: 2030 | AL17: 2031 | AM17: 2032 | AN17: 2033 | AO17: 2034 | AP17: 2035 | AQ17: 2036 | AR17: 2037 | AS17: 2038 | AT17: 2039 | AU17: 2040 | AV17: 2041 | AW17: 2042 | AX17: 2043 | AY17: 2044 | AZ17: 2045 | BA17: 2046 | BB17: 2047 | BC17: 2048 | BD17: 2049 | BE17: 2050
A18: ='Population Definitions'!$A$2 -> PWID_males | B18: Framework-supplied default | C18: Proportion | E18: 0 | F18: OR
A19: ='Population Definitions'!$A$3 -> PWID_females | B19: Framework-supplied default | C19: Proportion | E19: 0 | F19: OR
A20: ='Population Definitions'!$A$4 -> 0-9_males | B20: Framework-supplied default | C20: Proportion | E20: 0 | F20: OR
A21: ='Population Definitions'!$A$5 -> 0-9_females | B21: Framework-supplied default | C21: Proportion | E21: 0 | F21: OR
A22: ='Population Definitions'!$A$6 -> 10-17_males | B22: Framework-supplied default | C22: Proportion | E22: 0 | F22: OR
A23: ='Population Definitions'!$A$7 -> 10-17_females | B23: Framework-supplied default | C23: Proportion | E23: 0 | F23: OR
A24: ='Population Definitions'!$A$8 -> 18-64_males | B24: Framework-supplied default | C24: Proportion | E24: 0 | F24: OR
A25: ='Population Definitions'!$A$9 -> 18-64_females | B25: Framework-supplied default | C25: Proportion | E25: 0 | F25: OR
A26: ='Population Definitions'!$A$10 -> 65+_males | B26: Framework-supplied default | C26: Proportion | E26: 0 | F26: OR
A27: ='Population Definitions'!$A$11 -> 65+_females | B27: Framework-supplied default | C27: Proportion | E27: 0 | F27: OR
A28: ='Population Definitions'!$A$12 -> Prisoners_males | B28: Framework-supplied default | C28: Proportion | E28: 0 | F28: OR
A29: ='Population Definitions'!$A$13 -> Prisoners_females | B29: Framework-supplied default | C29: Proportion | E29: 0 | F29: OR
A30: ='Population Definitions'!$A$14 -> Prisoners_PWID_males | B30: Framework-supplied default | C30: Proportion | E30: 0 | F30: OR
A31: ='Population Definitions'!$A$15 -> Prisoners_PWID_females | B31: Framework-supplied default | C31: Proportion | E31: 0 | F31: OR
A33: Loss to follow-up rate on PCR test in F0-F2 | B33: Provenance | C33: Units | D33: Uncertainty | E33: Constant | G33: 2000 | H33: 2001 | I33: 2002 | J33: 2003 | K33: 2004 | L33: 2005 | M33: 2006 | N33: 2007 | O33: 2008 | P33: 2009 | Q33: 2010 | R33: 2011 | S33: 2012 | T33: 2013 | U33: 2014 | V33: 2015 | W33: 2016 | X33: 2017 | Y33: 2018 | Z33: 2019 | AA33: 2020 | AB33: 2021 | AC33: 2022 | AD33: 2023 | AE33: 2024 | AF33: 2025 | AG33: 2026 | AH33: 2027 | AI33: 2028 | AJ33: 2029 | AK33: 2030 | AL33: 2031 | AM33: 2032 | AN33: 2033 | AO33: 2034 | AP33: 2035 | AQ33: 2036 | AR33: 2037 | AS33: 2038 | AT33: 2039 | AU33: 2040 | AV33: 2041 | AW33: 2042 | AX33: 2043 | AY33: 2044 | AZ33: 2045 | BA33: 2046 | BB33: 2047 | BC33: 2048 | BD33: 2049 | BE33: 2050
A34: ='Population Definitions'!$A$2 -> PWID_males | B34: Framework-supplied default | C34: Proportion | E34: 0 | F34: OR
A35: ='Population Definitions'!$A$3 -> PWID_females | B35: Framework-supplied default | C35: Proportion | E35: 0 | F35: OR
A36: ='Population Definitions'!$A$4 -> 0-9_males | B36: Framework-supplied default | C36: Proportion | E36: 0 | F36: OR
A37: ='Population Definitions'!$A$5 -> 0-9_females | B37: Framework-supplied default | C37: Proportion | E37: 0 | F37: OR
A38: ='Population Definitions'!$A$6 -> 10-17_males | B38: Framework-supplied default | C38: Proportion | E38: 0 | F38: OR
A39: ='Population Definitions'!$A$7 -> 10-17_females | B39: Framework-supplied default | C39: Proportion | E39: 0 | F39: OR
A40: ='Population Definitions'!$A$8 -> 18-64_males | B40: Framework-supplied default | C40: Proportion | E40: 0 | F40: OR
A41: ='Population Definitions'!$A$9 -> 18-64_females | B41: Framework-supplied default | C41: Proportion | E41: 0 | F41: OR
A42: ='Population Definitions'!$A$10 -> 65+_males | B42: Framework-supplied default | C42: Proportion | E42: 0 | F42: OR
A43: ='Population Definitions'!$A$11 -> 65+_females | B43: Framework-supplied default | C43: Proportion | E43: 0 | F43: OR
A44: ='Population Definitions'!$A$12 -> Prisoners_males | B44: Framework-supplied default | C44: Proportion | E44: 0 | F44: OR
A45: ='Population Definitions'!$A$13 -> Prisoners_females | B45: Framework-supplied default | C45: Proportion | E45: 0 | F45: OR
A46: ='Population Definitions'!$A$14 -> Prisoners_PWID_males | B46: Framework-supplied default | C46: Proportion | E46: 0 | F46: OR
A47: ='Population Definitions'!$A$15 -> Prisoners_PWID_females | B47: Framework-supplied default | C47: Proportion | E47: 0 | F47: OR
A49: Loss to follow-up rate on PCR test in F3+ | B49: Provenance | C49: Units | D49: Uncertainty | E49: Constant | G49: 2000 | H49: 2001 | I49: 2002 | J49: 2003 | K49: 2004 | L49: 2005 | M49: 2006 | N49: 2007 | O49: 2008 | P49: 2009 | Q49: 2010 | R49: 2011 | S49: 2012 | T49: 2013 | U49: 2014 | V49: 2015 | W49: 2016 | X49: 2017 | Y49: 2018 | Z49: 2019 | AA49: 2020 | AB49: 2021 | AC49: 2022 | AD49: 2023 | AE49: 2024 | AF49: 2025 | AG49: 2026 | AH49: 2027 | AI49: 2028 | AJ49: 2029 | AK49: 2030 | AL49: 2031 | AM49: 2032 | AN49: 2033 | AO49: 2034 | AP49: 2035 | AQ49: 2036 | AR49: 2037 | AS49: 2038 | AT49: 2039 | AU49: 2040 | AV49: 2041 | AW49: 2042 | AX49: 2043 | AY49: 2044 | AZ49: 2045 | BA49: 2046 | BB49: 2047 | BC49: 2048 | BD49: 2049 | BE49: 2050
A50: ='Population Definitions'!$A$2 -> PWID_males | B50: Framework-supplied default | C50: Proportion | E50: 0 | F50: OR
A51: ='Population Definitions'!$A$3 -> PWID_females | B51: Framework-supplied default | C51: Proportion | E51: 0 | F51: OR
A52: ='Population Definitions'!$A$4 -> 0-9_males | B52: Framework-supplied default | C52: Proportion | E52: 0 | F52: OR
A53: ='Population Definitions'!$A$5 -> 0-9_females | B53: Framework-supplied default | C53: Proportion | E53: 0 | F53: OR
A54: ='Population Definitions'!$A$6 -> 10-17_males | B54: Framework-supplied default | C54: Proportion | E54: 0 | F54: OR
A55: ='Population Definitions'!$A$7 -> 10-17_females | B55: Framework-supplied default | C55: Proportion | E55: 0 | F55: OR
A56: ='Population Definitions'!$A$8 -> 18-64_males | B56: Framework-supplied default | C56: Proportion | E56: 0 | F56: OR
A57: ='Population Definitions'!$A$9 -> 18-64_females | B57: Framework-supplied default | C57: Proportion | E57: 0 | F57: OR
A58: ='Population Definitions'!$A$10 -> 65+_males | B58: Framework-supplied default | C58: Proportion | E58: 0 | F58: OR
A59: ='Population Definitions'!$A$11 -> 65+_females | B59: Framework-supplied default | C59: Proportion | E59: 0 | F59: OR
A60: ='Population Definitions'!$A$12 -> Prisoners_males | B60: Framework-supplied default | C60: Proportion | E60: 0 | F60: OR
A61: ='Population Definitions'!$A$13 -> Prisoners_females | B61: Framework-supplied default | C61: Proportion | E61: 0 | F61: OR
A62: ='Population Definitions'!$A$14 -> Prisoners_PWID_males | B62: Framework-supplied default | C62: Proportion | E62: 0 | F62: OR
A63: ='Population Definitions'!$A$15 -> Prisoners_PWID_females | B63: Framework-supplied default | C63: Proportion | E63: 0 | F63: OR
A65: Loss to follow-up rate after treatment initiation in F0-F2 | B65: Provenance | C65: Units | D65: Uncertainty | E65: Constant | G65: 2000 | H65: 2001 | I65: 2002 | J65: 2003 | K65: 2004 | L65: 2005 | M65: 2006 | N65: 2007 | O65: 2008 | P65: 2009 | Q65: 2010 | R65: 2011 | S65: 2012 | T65: 2013 | U65: 2014 | V65: 2015 | W65: 2016 | X65: 2017 | Y65: 2018 | Z65: 2019 | AA65: 2020 | AB65: 2021 | AC65: 2022 | AD65: 2023 | AE65: 2024 | AF65: 2025 | AG65: 2026 | AH65: 2027 | AI65: 2028 | AJ65: 2029 | AK65: 2030 | AL65: 2031 | AM65: 2032 | AN65: 2033 | AO65: 2034 | AP65: 2035 | AQ65: 2036 | AR65: 2037 | AS65: 2038 | AT65: 2039 | AU65: 2040 | AV65: 2041 | AW65: 2042 | AX65: 2043 | AY65: 2044 | AZ65: 2045 | BA65: 2046 | BB65: 2047 | BC65: 2048 | BD65: 2049 | BE65: 2050
A66: ='Population Definitions'!$A$2 -> PWID_males | B66: Framework-supplied default | C66: Proportion | E66: 0 | F66: OR
A67: ='Population Definitions'!$A$3 -> PWID_females | B67: Framework-supplied default | C67: Proportion | E67: 0 | F67: OR
A68: ='Population Definitions'!$A$4 -> 0-9_males | B68: Framework-supplied default | C68: Proportion | E68: 0 | F68: OR
A69: ='Population Definitions'!$A$5 -> 0-9_females | B69: Framework-supplied default | C69: Proportion | E69: 0 | F69: OR
A70: ='Population Definitions'!$A$6 -> 10-17_males | B70: Framework-supplied default | C70: Proportion | E70: 0 | F70: OR
A71: ='Population Definitions'!$A$7 -> 10-17_females | B71: Framework-supplied default | C71: Proportion | E71: 0 | F71: OR
A72: ='Population Definitions'!$A$8 -> 18-64_males | B72: Framework-supplied default | C72: Proportion | E72: 0 | F72: OR
A73: ='Population Definitions'!$A$9 -> 18-64_females | B73: Framework-supplied default | C73: Proportion | E73: 0 | F73: OR
A74: ='Population Definitions'!$A$10 -> 65+_males | B74: Framework-supplied default | C74: Proportion | E74: 0 | F74: OR
A75: ='Population Definitions'!$A$11 -> 65+_females | B75: Framework-supplied default | C75: Proportion | E75: 0 | F75: OR
A76: ='Population Definitions'!$A$12 -> Prisoners_males | B76: Framework-supplied default | C76: Proportion | E76: 0 | F76: OR
A77: ='Population Definitions'!$A$13 -> Prisoners_females | B77: Framework-supplied default | C77: Proportion | E77: 0 | F77: OR
A78: ='Population Definitions'!$A$14 -> Prisoners_PWID_males | B78: Framework-supplied default | C78: Proportion | E78: 0 | F78: OR
A79: ='Population Definitions'!$A$15 -> Prisoners_PWID_females | B79: Framework-supplied default | C79: Proportion | E79: 0 | F79: OR
A81: Loss to follow-up rate after treatment initiation in F3+ | B81: Provenance | C81: Units | D81: Uncertainty | E81: Constant | G81: 2000 | H81: 2001 | I81: 2002 | J81: 2003 | K81: 2004 | L81: 2005 | M81: 2006 | N81: 2007 | O81: 2008 | P81: 2009 | Q81: 2010 | R81: 2011 | S81: 2012 | T81: 2013 | U81: 2014 | V81: 2015 | W81: 2016 | X81: 2017 | Y81: 2018 | Z81: 2019 | AA81: 2020 | AB81: 2021 | AC81: 2022 | AD81: 2023 | AE81: 2024 | AF81: 2025 | AG81: 2026 | AH81: 2027 | AI81: 2028 | AJ81: 2029 | AK81: 2030 | AL81: 2031 | AM81: 2032 | AN81: 2033 | AO81: 2034 | AP81: 2035 | AQ81: 2036 | AR81: 2037 | AS81: 2038 | AT81: 2039 | AU81: 2040 | AV81: 2041 | AW81: 2042 | AX81: 2043 | AY81: 2044 | AZ81: 2045 | BA81: 2046 | BB81: 2047 | BC81: 2048 | BD81: 2049 | BE81: 2050
A82: ='Population Definitions'!$A$2 -> PWID_males | B82: Framework-supplied default | C82: Proportion | E82: 0 | F82: OR
A83: ='Population Definitions'!$A$3 -> PWID_females | B83: Framework-supplied default | C83: Proportion | E83: 0 | F83: OR
A84: ='Population Definitions'!$A$4 -> 0-9_males | B84: Framework-supplied default | C84: Proportion | E84: 0 | F84: OR
A85: ='Population Definitions'!$A$5 -> 0-9_females | B85: Framework-supplied default | C85: Proportion | E85: 0 | F85: OR
A86: ='Population Definitions'!$A$6 -> 10-17_males | B86: Framework-supplied default | C86: Proportion | E86: 0 | F86: OR
A87: ='Population Definitions'!$A$7 -> 10-17_females | B87: Framework-supplied default | C87: Proportion | E87: 0 | F87: OR
A88: ='Population Definitions'!$A$8 -> 18-64_males | B88: Framework-supplied default | C88: Proportion | E88: 0 | F88: OR
A89: ='Population Definitions'!$A$9 -> 18-64_females | B89: Framework-supplied default | C89: Proportion | E89: 0 | F89: OR
A90: ='Population Definitions'!$A$10 -> 65+_males | B90: Framework-supplied default | C90: Proportion | E90: 0 | F90: OR
A91: ='Population Definitions'!$A$11 -> 65+_females | B91: Framework-supplied default | C91: Proportion | E91: 0 | F91: OR
A92: ='Population Definitions'!$A$12 -> Prisoners_males | B92: Framework-supplied default | C92: Proportion | E92: 0 | F92: OR
A93: ='Population Definitions'!$A$13 -> Prisoners_females | B93: Framework-supplied default | C93: Proportion | E93: 0 | F93: OR
A94: ='Population Definitions'!$A$14 -> Prisoners_PWID_males | B94: Framework-supplied default | C94: Proportion | E94: 0 | F94: OR
A95: ='Population Definitions'!$A$15 -> Prisoners_PWID_females | B95: Framework-supplied default | C95: Proportion | E95: 0 | F95: OR

Sheet Re-engagement
A1: Antibody re-engagement in care, F0-F2, lost to follow-up after Ab test | B1: Provenance | C1: Units | D1: Uncertainty | E1: Constant | G1: 2000 | H1: 2001 | I1: 2002 | J1: 2003 | K1: 2004 | L1: 2005 | M1: 2006 | N1: 2007 | O1: 2008 | P1: 2009 | Q1: 2010 | R1: 2011 | S1: 2012 | T1: 2013 | U1: 2014 | V1: 2015 | W1: 2016 | X1: 2017 | Y1: 2018 | Z1: 2019 | AA1: 2020 | AB1: 2021 | AC1: 2022 | AD1: 2023 | AE1: 2024 | AF1: 2025 | AG1: 2026 | AH1: 2027 | AI1: 2028 | AJ1: 2029 | AK1: 2030 | AL1: 2031 | AM1: 2032 | AN1: 2033 | AO1: 2034 | AP1: 2035 | AQ1: 2036 | AR1: 2037 | AS1: 2038 | AT1: 2039 | AU1: 2040 | AV1: 2041 | AW1: 2042 | AX1: 2043 | AY1: 2044 | AZ1: 2045 | BA1: 2046 | BB1: 2047 | BC1: 2048 | BD1: 2049 | BE1: 2050
A2: ='Population Definitions'!$A$2 -> PWID_males | B2: Framework-supplied default | C2: Rate (per year) | E2: 0 | F2: OR
A3: ='Population Definitions'!$A$3 -> PWID_females | B3: Framework-supplied default | C3: Rate (per year) | E3: 0 | F3: OR
A4: ='Population Definitions'!$A$4 -> 0-9_males | B4: Framework-supplied default | C4: Rate (per year) | E4: 0 | F4: OR
A5: ='Population Definitions'!$A$5 -> 0-9_females | B5: Framework-supplied default | C5: Rate (per year) | E5: 0 | F5: OR
A6: ='Population Definitions'!$A$6 -> 10-17_males | B6: Framework-supplied default | C6: Rate (per year) | E6: 0 | F6: OR
A7: ='Population Definitions'!$A$7 -> 10-17_females | B7: Framework-supplied default | C7: Rate (per year) | E7: 0 | F7: OR
A8: ='Population Definitions'!$A$8 -> 18-64_males | B8: Framework-supplied default | C8: Rate (per year) | E8: 0 | F8: OR
A9: ='Population Definitions'!$A$9 -> 18-64_females | B9: Framework-supplied default | C9: Rate (per year) | E9: 0 | F9: OR
A10: ='Population Definitions'!$A$10 -> 65+_males | B10: Framework-supplied default | C10: Rate (per year) | E10: 0 | F10: OR
A11: ='Population Definitions'!$A$11 -> 65+_females | B11: Framework-supplied default | C11: Rate (per year) | E11: 0 | F11: OR
A12: ='Population Definitions'!$A$12 -> Prisoners_males | B12: Framework-supplied default | C12: Rate (per year) | E12: 0 | F12: OR
A13: ='Population Definitions'!$A$13 -> Prisoners_females | B13: Framework-supplied default | C13: Rate (per year) | E13: 0 | F13: OR
A14: ='Population Definitions'!$A$14 -> Prisoners_PWID_males | B14: Framework-supplied default | C14: Rate (per year) | E14: 0 | F14: OR
A15: ='Population Definitions'!$A$15 -> Prisoners_PWID_females | B15: Framework-supplied default | C15: Rate (per year) | E15: 0 | F15: OR
A17: Antibody re-engagement in care, F3+, lost to follow-up after Ab test | B17: Provenance | C17: Units | D17: Uncertainty | E17: Constant | G17: 2000 | H17: 2001 | I17: 2002 | J17: 2003 | K17: 2004 | L17: 2005 | M17: 2006 | N17: 2007 | O17: 2008 | P17: 2009 | Q17: 2010 | R17: 2011 | S17: 2012 | T17: 2013 | U17: 2014 | V17: 2015 | W17: 2016 | X17: 2017 | Y17: 2018 | Z17: 2019 | AA17: 2020 | AB17: 2021 | AC17: 2022 | AD17: 2023 | AE17: 2024 | AF17: 2025 | AG17: 2026 | AH17: 2027 | AI17: 2028 | AJ17: 2029 | AK17: 2030 | AL17: 2031 | AM17: 2032 | AN17: 2033 | AO17: 2034 | AP17: 2035 | AQ17: 2036 | AR17: 2037 | AS17: 2038 | AT17: 2039 | AU17: 2040 | AV17: 2041 | AW17: 2042 | AX17: 2043 | AY17: 2044 | AZ17: 2045 | BA17: 2046 | BB17: 2047 | BC17: 2048 | BD17: 2049 | BE17: 2050
A18: ='Population Definitions'!$A$2 -> PWID_males | B18: Framework-supplied default | C18: Rate (per year) | E18: 0 | F18: OR
A19: ='Population Definitions'!$A$3 -> PWID_females | B19: Framework-supplied default | C19: Rate (per year) | E19: 0 | F19: OR
A20: ='Population Definitions'!$A$4 -> 0-9_males | B20: Framework-supplied default | C20: Rate (per year) | E20: 0 | F20: OR
A21: ='Population Definitions'!$A$5 -> 0-9_females | B21: Framework-supplied default | C21: Rate (per year) | E21: 0 | F21: OR
A22: ='Population Definitions'!$A$6 -> 10-17_males | B22: Framework-supplied default | C22: Rate (per year) | E22: 0 | F22: OR
A23: ='Population Definitions'!$A$7 -> 10-17_females | B23: Framework-supplied default | C23: Rate (per year) | E23: 0 | F23: OR
A24: ='Population Definitions'!$A$8 -> 18-64_males | B24: Framework-supplied default | C24: Rate (per year) | E24: 0 | F24: OR
A25: ='Population Definitions'!$A$9 -> 18-64_females | B25: Framework-supplied default | C25: Rate (per year) | E25: 0 | F25: OR
A26: ='Population Definitions'!$A$10 -> 65+_males | B26: Framework-supplied default | C26: Rate (per year) | E26: 0 | F26: OR
A27: ='Population Definitions'!$A$11 -> 65+_females | B27: Framework-supplied default | C27: Rate (per year) | E27: 0 | F27: OR
A28: ='Population Definitions'!$A$12 -> Prisoners_males | B28: Framework-supplied default | C28: Rate (per year) | E28: 0 | F28: OR
A29: ='Population Definitions'!$A$13 -> Prisoners_females | B29: Framework-supplied default | C29: Rate (per year) | E29: 0 | F29: OR
A30: ='Population Definitions'!$A$14 -> Prisoners_PWID_males | B30: Framework-supplied default | C30: Rate (per year) | E30: 0 | F30: OR
A31: ='Population Definitions'!$A$15 -> Prisoners_PWID_females | B31: Framework-supplied default | C31: Rate (per year) | E31: 0 | F31: OR
A33: RNA re-engagement in care, F0-F2, lost to follow up after RNA test | B33: Provenance | C33: Units | D33: Uncertainty | E33: Constant | G33: 2000 | H33: 2001 | I33: 2002 | J33: 2003 | K33: 2004 | L33: 2005 | M33: 2006 | N33: 2007 | O33: 2008 | P33: 2009 | Q33: 2010 | R33: 2011 | S33: 2012 | T33: 2013 | U33: 2014 | V33: 2015 | W33: 2016 | X33: 2017 | Y33: 2018 | Z33: 2019 | AA33: 2020 | AB33: 2021 | AC33: 2022 | AD33: 2023 | AE33: 2024 | AF33: 2025 | AG33: 2026 | AH33: 2027 | AI33: 2028 | AJ33: 2029 | AK33: 2030 | AL33: 2031 | AM33: 2032 | AN33: 2033 | AO33: 2034 | AP33: 2035 | AQ33: 2036 | AR33: 2037 | AS33: 2038 | AT33: 2039 | AU33: 2040 | AV33: 2041 | AW33: 2042 | AX33: 2043 | AY33: 2044 | AZ33: 2045 | BA33: 2046 | BB33: 2047 | BC33: 2048 | BD33: 2049 | BE33: 2050
A34: ='Population Definitions'!$A$2 -> PWID_males | B34: Framework-supplied default | C34: Rate (per year) | E34: 0 | F34: OR
A35: ='Population Definitions'!$A$3 -> PWID_females | B35: Framework-supplied default | C35: Rate (per year) | E35: 0 | F35: OR
A36: ='Population Definitions'!$A$4 -> 0-9_males | B36: Framework-supplied default | C36: Rate (per year) | E36: 0 | F36: OR
A37: ='Population Definitions'!$A$5 -> 0-9_females | B37: Framework-supplied default | C37: Rate (per year) | E37: 0 | F37: OR
A38: ='Population Definitions'!$A$6 -> 10-17_males | B38: Framework-supplied default | C38: Rate (per year) | E38: 0 | F38: OR
A39: ='Population Definitions'!$A$7 -> 10-17_females | B39: Framework-supplied default | C39: Rate (per year) | E39: 0 | F39: OR
A40: ='Population Definitions'!$A$8 -> 18-64_males | B40: Framework-supplied default | C40: Rate (per year) | E40: 0 | F40: OR
A41: ='Population Definitions'!$A$9 -> 18-64_females | B41: Framework-supplied default | C41: Rate (per year) | E41: 0 | F41: OR
A42: ='Population Definitions'!$A$10 -> 65+_males | B42: Framework-supplied default | C42: Rate (per year) | E42: 0 | F42: OR
A43: ='Population Definitions'!$A$11 -> 65+_females | B43: Framework-supplied default | C43: Rate (per year) | E43: 0 | F43: OR
A44: ='Population Definitions'!$A$12 -> Prisoners_males | B44: Framework-supplied default | C44: Rate (per year) | E44: 0 | F44: OR
A45: ='Population Definitions'!$A$13 -> Prisoners_females | B45: Framework-supplied default | C45: Rate (per year) | E45: 0 | F45: OR
A46: ='Population Definitions'!$A$14 -> Prisoners_PWID_males | B46: Framework-supplied default | C46: Rate (per year) | E46: 0 | F46: OR
A47: ='Population Definitions'!$A$15 -> Prisoners_PWID_females | B47: Framework-supplied default | C47: Rate (per year) | E47: 0 | F47: OR
A49: RNA re-engagement in care, F3+, lost to follow up after RNA test | B49: Provenance | C49: Units | D49: Uncertainty | E49: Constant | G49: 2000 | H49: 2001 | I49: 2002 | J49: 2003 | K49: 2004 | L49: 2005 | M49: 2006 | N49: 2007 | O49: 2008 | P49: 2009 | Q49: 2010 | R49: 2011 | S49: 2012 | T49: 2013 | U49: 2014 | V49: 2015 | W49: 2016 | X49: 2017 | Y49: 2018 | Z49: 2019 | AA49: 2020 | AB49: 2021 | AC49: 2022 | AD49: 2023 | AE49: 2024 | AF49: 2025 | AG49: 2026 | AH49: 2027 | AI49: 2028 | AJ49: 2029 | AK49: 2030 | AL49: 2031 | AM49: 2032 | AN49: 2033 | AO49: 2034 | AP49: 2035 | AQ49: 2036 | AR49: 2037 | AS49: 2038 | AT49: 2039 | AU49: 2040 | AV49: 2041 | AW49: 2042 | AX49: 2043 | AY49: 2044 | AZ49: 2045 | BA49: 2046 | BB49: 2047 | BC49: 2048 | BD49: 2049 | BE49: 2050
A50: ='Population Definitions'!$A$2 -> PWID_males | B50: Framework-supplied default | C50: Rate (per year) | E50: 0 | F50: OR
A51: ='Population Definitions'!$A$3 -> PWID_females | B51: Framework-supplied default | C51: Rate (per year) | E51: 0 | F51: OR
A52: ='Population Definitions'!$A$4 -> 0-9_males | B52: Framework-supplied default | C52: Rate (per year) | E52: 0 | F52: OR
A53: ='Population Definitions'!$A$5 -> 0-9_females | B53: Framework-supplied default | C53: Rate (per year) | E53: 0 | F53: OR
A54: ='Population Definitions'!$A$6 -> 10-17_males | B54: Framework-supplied default | C54: Rate (per year) | E54: 0 | F54: OR
A55: ='Population Definitions'!$A$7 -> 10-17_females | B55: Framework-supplied default | C55: Rate (per year) | E55: 0 | F55: OR
A56: ='Population Definitions'!$A$8 -> 18-64_males | B56: Framework-supplied default | C56: Rate (per year) | E56: 0 | F56: OR
A57: ='Population Definitions'!$A$9 -> 18-64_females | B57: Framework-supplied default | C57: Rate (per year) | E57: 0 | F57: OR
A58: ='Population Definitions'!$A$10 -> 65+_males | B58: Framework-supplied default | C58: Rate (per year) | E58: 0 | F58: OR
A59: ='Population Definitions'!$A$11 -> 65+_females | B59: Framework-supplied default | C59: Rate (per year) | E59: 0 | F59: OR
A60: ='Population Definitions'!$A$12 -> Prisoners_males | B60: Framework-supplied default | C60: Rate (per year) | E60: 0 | F60: OR
A61: ='Population Definitions'!$A$13 -> Prisoners_females | B61: Framework-supplied default | C61: Rate (per year) | E61: 0 | F61: OR
A62: ='Population Definitions'!$A$14 -> Prisoners_PWID_males | B62: Framework-supplied default | C62: Rate (per year) | E62: 0 | F62: OR
A63: ='Population Definitions'!$A$15 -> Prisoners_PWID_females | B63: Framework-supplied default | C63: Rate (per year) | E63: 0 | F63: OR
A65: Re-engagement in care after treatment initiation, F0-F2 | B65: Provenance | C65: Units | D65: Uncertainty | E65: Constant | G65: 2000 | H65: 2001 | I65: 2002 | J65: 2003 | K65: 2004 | L65: 2005 | M65: 2006 | N65: 2007 | O65: 2008 | P65: 2009 | Q65: 2010 | R65: 2011 | S65: 2012 | T65: 2013 | U65: 2014 | V65: 2015 | W65: 2016 | X65: 2017 | Y65: 2018 | Z65: 2019 | AA65: 2020 | AB65: 2021 | AC65: 2022 | AD65: 2023 | AE65: 2024 | AF65: 2025 | AG65: 2026 | AH65: 2027 | AI65: 2028 | AJ65: 2029 | AK65: 2030 | AL65: 2031 | AM65: 2032 | AN65: 2033 | AO65: 2034 | AP65: 2035 | AQ65: 2036 | AR65: 2037 | AS65: 2038 | AT65: 2039 | AU65: 2040 | AV65: 2041 | AW65: 2042 | AX65: 2043 | AY65: 2044 | AZ65: 2045 | BA65: 2046 | BB65: 2047 | BC65: 2048 | BD65: 2049 | BE65: 2050
A66: ='Population Definitions'!$A$2 -> PWID_males | B66: Framework-supplied default | C66: Rate (per year) | E66: 0 | F66: OR
A67: ='Population Definitions'!$A$3 -> PWID_females | B67: Framework-supplied default | C67: Rate (per year) | E67: 0 | F67: OR
A68: ='Population Definitions'!$A$4 -> 0-9_males | B68: Framework-supplied default | C68: Rate (per year) | E68: 0 | F68: OR
A69: ='Population Definitions'!$A$5 -> 0-9_females | B69: Framework-supplied default | C69: Rate (per year) | E69: 0 | F69: OR
A70: ='Population Definitions'!$A$6 -> 10-17_males | B70: Framework-supplied default | C70: Rate (per year) | E70: 0 | F70: OR
A71: ='Population Definitions'!$A$7 -> 10-17_females | B71: Framework-supplied default | C71: Rate (per year) | E71: 0 | F71: OR
A72: ='Population Definitions'!$A$8 -> 18-64_males | B72: Framework-supplied default | C72: Rate (per year) | E72: 0 | F72: OR
A73: ='Population Definitions'!$A$9 -> 18-64_females | B73: Framework-supplied default | C73: Rate (per year) | E73: 0 | F73: OR
A74: ='Population Definitions'!$A$10 -> 65+_males | B74: Framework-supplied default | C74: Rate (per year) | E74: 0 | F74: OR
A75: ='Population Definitions'!$A$11 -> 65+_females | B75: Framework-supplied default | C75: Rate (per year) | E75: 0 | F75: OR
A76: ='Population Definitions'!$A$12 -> Prisoners_males | B76: Framework-supplied default | C76: Rate (per year) | E76: 0 | F76: OR
A77: ='Population Definitions'!$A$13 -> Prisoners_females | B77: Framework-supplied default | C77: Rate (per year) | E77: 0 | F77: OR
A78: ='Population Definitions'!$A$14 -> Prisoners_PWID_males | B78: Framework-supplied default | C78: Rate (per year) | E78: 0 | F78: OR
A79: ='Population Definitions'!$A$15 -> Prisoners_PWID_females | B79: Framework-supplied default | C79: Rate (per year) | E79: 0 | F79: OR
A81: Re-engagement in care after treatment initiation, F3+ | B81: Provenance | C81: Units | D81: Uncertainty | E81: Constant | G81: 2000 | H81: 2001 | I81: 2002 | J81: 2003 | K81: 2004 | L81: 2005 | M81: 2006 | N81: 2007 | O81: 2008 | P81: 2009 | Q81: 2010 | R81: 2011 | S81: 2012 | T81: 2013 | U81: 2014 | V81: 2015 | W81: 2016 | X81: 2017 | Y81: 2018 | Z81: 2019 | AA81: 2020 | AB81: 2021 | AC81: 2022 | AD81: 2023 | AE81: 2024 | AF81: 2025 | AG81: 2026 | AH81: 2027 | AI81: 2028 | AJ81: 2029 | AK81: 2030 | AL81: 2031 | AM81: 2032 | AN81: 2033 | AO81: 2034 | AP81: 2035 | AQ81: 2036 | AR81: 2037 | AS81: 2038 | AT81: 2039 | AU81: 2040 | AV81: 2041 | AW81: 2042 | AX81: 2043 | AY81: 2044 | AZ81: 2045 | BA81: 2046 | BB81: 2047 | BC81: 2048 | BD81: 2049 | BE81: 2050
A82: ='Population Definitions'!$A$2 -> PWID_males | B82: Framework-supplied default | C82: Rate (per year) | E82: 0 | F82: OR
A83: ='Population Definitions'!$A$3 -> PWID_females | B83: Framework-supplied default | C83: Rate (per year) | E83: 0 | F83: OR
A84: ='Population Definitions'!$A$4 -> 0-9_males | B84: Framework-supplied default | C84: Rate (per year) | E84: 0 | F84: OR
A85: ='Population Definitions'!$A$5 -> 0-9_females | B85: Framework-supplied default | C85: Rate (per year) | E85: 0 | F85: OR
A86: ='Population Definitions'!$A$6 -> 10-17_males | B86: Framework-supplied default | C86: Rate (per year) | E86: 0 | F86: OR
A87: ='Population Definitions'!$A$7 -> 10-17_females | B87: Framework-supplied default | C87: Rate (per year) | E87: 0 | F87: OR
A88: ='Population Definitions'!$A$8 -> 18-64_males | B88: Framework-supplied default | C88: Rate (per year) | E88: 0 | F88: OR
A89: ='Population Definitions'!$A$9 -> 18-64_females | B89: Framework-supplied default | C89: Rate (per year) | E89: 0 | F89: OR
A90: ='Population Definitions'!$A$10 -> 65+_males | B90: Framework-supplied default | C90: Rate (per year) | E90: 0 | F90: OR
A91: ='Population Definitions'!$A$11 -> 65+_females | B91: Framework-supplied default | C91: Rate (per year) | E91: 0 | F91: OR
A92: ='Population Definitions'!$A$12 -> Prisoners_males | B92: Framework-supplied default | C92: Rate (per year) | E92: 0 | F92: OR
A93: ='Population Definitions'!$A$13 -> Prisoners_females | B93: Framework-supplied default | C93: Rate (per year) | E93: 0 | F93: OR
A94: ='Population Definitions'!$A$14 -> Prisoners_PWID_males | B94: Framework-supplied default | C94: Rate (per year) | E94: 0 | F94: OR
A95: ='Population Definitions'!$A$15 -> Prisoners_PWID_females | B95: Framework-supplied default | C95: Rate (per year) | E95: 0 | F95: OR
A97: RNA re-engagement in care, F0-F2, lost to follow up after Ab test | B97: Provenance | C97: Units | D97: Uncertainty | E97: Constant | G97: 2000 | H97: 2001 | I97: 2002 | J97: 2003 | K97: 2004 | L97: 2005 | M97: 2006 | N97: 2007 | O97: 2008 | P97: 2009 | Q97: 2010 | R97: 2011 | S97: 2012 | T97: 2013 | U97: 2014 | V97: 2015 | W97: 2016 | X97: 2017 | Y97: 2018 | Z97: 2019 | AA97: 2020 | AB97: 2021 | AC97: 2022 | AD97: 2023 | AE97: 2024 | AF97: 2025 | AG97: 2026 | AH97: 2027 | AI97: 2028 | AJ97: 2029 | AK97: 2030 | AL97: 2031 | AM97: 2032 | AN97: 2033 | AO97: 2034 | AP97: 2035 | AQ97: 2036 | AR97: 2037 | AS97: 2038 | AT97: 2039 | AU97: 2040 | AV97: 2041 | AW97: 2042 | AX97: 2043 | AY97: 2044 | AZ97: 2045 | BA97: 2046 | BB97: 2047 | BC97: 2048 | BD97: 2049 | BE97: 2050
A98: ='Population Definitions'!$A$2 -> PWID_males | B98: Framework-supplied default | C98: Rate (per year) | E98: 0 | F98: OR
A99: ='Population Definitions'!$A$3 -> PWID_females | B99: Framework-supplied default | C99: Rate (per year) | E99: 0 | F99: OR
A100: ='Population Definitions'!$A$4 -> 0-9_males | B100: Framework-supplied default | C100: Rate (per year) | E100: 0 | F100: OR
A101: ='Population Definitions'!$A$5 -> 0-9_females | B101: Framework-supplied default | C101: Rate (per year) | E101: 0 | F101: OR
A102: ='Population Definitions'!$A$6 -> 10-17_males | B102: Framework-supplied default | C102: Rate (per year) | E102: 0 | F102: OR
A103: ='Population Definitions'!$A$7 -> 10-17_females | B103: Framework-supplied default | C103: Rate (per year) | E103: 0 | F103: OR
A104: ='Population Definitions'!$A$8 -> 18-64_males | B104: Framework-supplied default | C104: Rate (per year) | E104: 0 | F104: OR
A105: ='Population Definitions'!$A$9 -> 18-64_females | B105: Framework-supplied default | C105: Rate (per year) | E105: 0 | F105: OR
A106: ='Population Definitions'!$A$10 -> 65+_males | B106: Framework-supplied default | C106: Rate (per year) | E106: 0 | F106: OR
...

Sheet Treatment
A1: Proportion of treatments allocated to each population pre-DAA | B1: Provenance | C1: Units | D1: Uncertainty | E1: Constant | G1: 2000 | H1: 2001 | I1: 2002 | J1: 2003 | K1: 2004 | L1: 2005 | M1: 2006 | N1: 2007 | O1: 2008 | P1: 2009 | Q1: 2010 | R1: 2011 | S1: 2012 | T1: 2013 | U1: 2014 | V1: 2015 | W1: 2016 | X1: 2017 | Y1: 2018 | Z1: 2019 | AA1: 2020 | AB1: 2021 | AC1: 2022 | AD1: 2023 | AE1: 2024 | AF1: 2025 | AG1: 2026 | AH1: 2027 | AI1: 2028 | AJ1: 2029 | AK1: 2030 | AL1: 2031 | AM1: 2032 | AN1: 2033 | AO1: 2034 | AP1: 2035 | AQ1: 2036 | AR1: 2037 | AS1: 2038 | AT1: 2039 | AU1: 2040 | AV1: 2041 | AW1: 2042 | AX1: 2043 | AY1: 2044 | AZ1: 2045 | BA1: 2046 | BB1: 2047 | BC1: 2048 | BD1: 2049 | BE1: 2050
A2: ='Population Definitions'!$A$2 -> PWID_males | C2: N.A. | E2: 0 | F2: OR
A3: ='Population Definitions'!$A$3 -> PWID_females | C3: N.A. | E3: 0 | F3: OR
A4: ='Population Definitions'!$A$4 -> 0-9_males | C4: N.A. | F4: OR | G4: 0 | U4: 0 | V4: 0
A5: ='Population Definitions'!$A$5 -> 0-9_females | C5: N.A. | F5: OR | G5: 0 | U5: 0 | V5: 0
A6: ='Population Definitions'!$A$6 -> 10-17_males | C6: N.A. | F6: OR | G6: 0 | U6: 0 | V6: 0
A7: ='Population Definitions'!$A$7 -> 10-17_females | C7: N.A. | F7: OR | G7: 0 | U7: 0 | V7: 0
A8: ='Population Definitions'!$A$8 -> 18-64_males | C8: N.A. | F8: OR | G8: ='Disease Burden'!E8/SUM('Disease Burden'!$E$2:$E$15) -> 0.46906996 | U8: =G8 -> 0.46906996 | V8: 0
A9: ='Population Definitions'!$A$9 -> 18-64_females | C9: N.A. | F9: OR | G9: ='Disease Burden'!E9/SUM('Disease Burden'!$E$2:$E$15) -> 0.45552168 | U9: =G9 -> 0.45552168 | V9: 0
A10: ='Population Definitions'!$A$10 -> 65+_males | C10: N.A. | F10: OR | G10: ='Disease Burden'!E10/SUM('Disease Burden'!$E$2:$E$15) -> 0.029978555 | U10: =G10 -> 0.029978555 | V10: 0
A11: ='Population Definitions'!$A$11 -> 65+_females | C11: N.A. | F11: OR | G11: ='Disease Burden'!E11/SUM('Disease Burden'!$E$2:$E$15) -> 0.041365692 | U11: =G11 -> 0.041365692 | V11: 0
A12: ='Population Definitions'!$A$12 -> Prisoners_males | C12: N.A. | E12: 0 | F12: OR
A13: ='Population Definitions'!$A$13 -> Prisoners_females | C13: N.A. | E13: 0 | F13: OR
A14: ='Population Definitions'!$A$14 -> Prisoners_PWID_males | C14: N.A. | E14: 0 | F14: OR
A15: ='Population Definitions'!$A$15 -> Prisoners_PWID_females | C15: N.A. | E15: 0 | F15: OR
A17: Proportion of treatments allocated to each population post-DAA | B17: Provenance | C17: Units | D17: Uncertainty | E17: Constant | G17: 2000 | H17: 2001 | I17: 2002 | J17: 2003 | K17: 2004 | L17: 2005 | M17: 2006 | N17: 2007 | O17: 2008 | P17: 2009 | Q17: 2010 | R17: 2011 | S17: 2012 | T17: 2013 | U17: 2014 | V17: 2015 | W17: 2016 | X17: 2017 | Y17: 2018 | Z17: 2019 | AA17: 2020 | AB17: 2021 | AC17: 2022 | AD17: 2023 | AE17: 2024 | AF17: 2025 | AG17: 2026 | AH17: 2027 | AI17: 2028 | AJ17: 2029 | AK17: 2030 | AL17: 2031 | AM17: 2032 | AN17: 2033 | AO17: 2034 | AP17: 2035 | AQ17: 2036 | AR17: 2037 | AS17: 2038 | AT17: 2039 | AU17: 2040 | AV17: 2041 | AW17: 2042 | AX17: 2043 | AY17: 2044 | AZ17: 2045 | BA17: 2046 | BB17: 2047 | BC17: 2048 | BD17: 2049 | BE17: 2050
A18: ='Population Definitions'!$A$2 -> PWID_males | C18: N.A. | E18: 0 | F18: OR
A19: ='Population Definitions'!$A$3 -> PWID_females | C19: N.A. | E19: 0 | F19: OR
A20: ='Population Definitions'!$A$4 -> 0-9_males | C20: N.A. | F20: OR | G20: 0 | U20: 0 | V20: 0
A21: ='Population Definitions'!$A$5 -> 0-9_females | C21: N.A. | F21: OR | G21: 0 | U21: 0 | V21: 0
A22: ='Population Definitions'!$A$6 -> 10-17_males | C22: N.A. | F22: OR | G22: 0 | U22: 0 | V22: 0
A23: ='Population Definitions'!$A$7 -> 10-17_females | C23: N.A. | F23: OR | G23: 0 | U23: 0 | V23: 0
A24: ='Population Definitions'!$A$8 -> 18-64_males | C24: N.A. | F24: OR | G24: 0 | U24: 0 | V24: =U8 -> 0.46906996
A25: ='Population Definitions'!$A$9 -> 18-64_females | C25: N.A. | F25: OR | G25: 0 | U25: 0 | V25: =U9 -> 0.45552168
A26: ='Population Definitions'!$A$10 -> 65+_males | C26: N.A. | F26: OR | G26: 0 | U26: 0 | V26: =U10 -> 0.029978555
A27: ='Population Definitions'!$A$11 -> 65+_females | C27: N.A. | F27: OR | G27: 0 | U27: 0 | V27: =U11 -> 0.041365692
A28: ='Population Definitions'!$A$12 -> Prisoners_males | C28: N.A. | E28: 0 | F28: OR
A29: ='Population Definitions'!$A$13 -> Prisoners_females | C29: N.A. | E29: 0 | F29: OR
A30: ='Population Definitions'!$A$14 -> Prisoners_PWID_males | C30: N.A. | E30: 0 | F30: OR
A31: ='Population Definitions'!$A$15 -> Prisoners_PWID_females | C31: N.A. | E31: 0 | F31: OR
A33: Proportion of treatments allocated to each population pre-DAA (PWID and Prisoners) | B33: Provenance | C33: Units | D33: Uncertainty | E33: Constant | G33: 2000 | H33: 2001 | I33: 2002 | J33: 2003 | K33: 2004 | L33: 2005 | M33: 2006 | N33: 2007 | O33: 2008 | P33: 2009 | Q33: 2010 | R33: 2011 | S33: 2012 | T33: 2013 | U33: 2014 | V33: 2015 | W33: 2016 | X33: 2017 | Y33: 2018 | Z33: 2019 | AA33: 2020 | AB33: 2021 | AC33: 2022 | AD33: 2023 | AE33: 2024 | AF33: 2025 | AG33: 2026 | AH33: 2027 | AI33: 2028 | AJ33: 2029 | AK33: 2030 | AL33: 2031 | AM33: 2032 | AN33: 2033 | AO33: 2034 | AP33: 2035 | AQ33: 2036 | AR33: 2037 | AS33: 2038 | AT33: 2039 | AU33: 2040 | AV33: 2041 | AW33: 2042 | AX33: 2043 | AY33: 2044 | AZ33: 2045 | BA33: 2046 | BB33: 2047 | BC33: 2048 | BD33: 2049 | BE33: 2050
A34: ='Population Definitions'!$A$2 -> PWID_males | C34: N.A. | F34: OR | G34: ='Disease Burden'!E2/SUM('Disease Burden'!$E$2:$E$15) -> 0.002349772 | U34: =G34 -> 0.002349772 | V34: 0
A35: ='Population Definitions'!$A$3 -> PWID_females | C35: N.A. | F35: OR | G35: ='Disease Burden'!E3/SUM('Disease Burden'!$E$2:$E$15) -> 0.00011023336 | U35: =G35 -> 0.00011023336 | V35: 0
A36: ='Population Definitions'!$A$4 -> 0-9_males | C36: N.A. | E36: 0 | F36: OR
A37: ='Population Definitions'!$A$5 -> 0-9_females | C37: N.A. | E37: 0 | F37: OR
A38: ='Population Definitions'!$A$6 -> 10-17_males | C38: N.A. | E38: 0 | F38: OR
A39: ='Population Definitions'!$A$7 -> 10-17_females | C39: N.A. | E39: 0 | F39: OR
A40: ='Population Definitions'!$A$8 -> 18-64_males | C40: N.A. | E40: 0 | F40: OR
A41: ='Population Definitions'!$A$9 -> 18-64_females | C41: N.A. | E41: 0 | F41: OR
A42: ='Population Definitions'!$A$10 -> 65+_males | C42: N.A. | E42: 0 | F42: OR
A43: ='Population Definitions'!$A$11 -> 65+_females | C43: N.A. | E43: 0 | F43: OR
A44: ='Population Definitions'!$A$12 -> Prisoners_males | C44: N.A. | E44: 0 | F44: OR
A45: ='Population Definitions'!$A$13 -> Prisoners_females | C45: N.A. | E45: 0 | F45: OR
A46: ='Population Definitions'!$A$14 -> Prisoners_PWID_males | C46: N.A. | E46: 0 | F46: OR
A47: ='Population Definitions'!$A$15 -> Prisoners_PWID_females | C47: N.A. | E47: 0 | F47: OR
A49: Proportion of treatments allocated to each population post-DAA (PWID and Prisoners) | B49: Provenance | C49: Units | D49: Uncertainty | E49: Constant | G49: 2000 | H49: 2001 | I49: 2002 | J49: 2003 | K49: 2004 | L49: 2005 | M49: 2006 | N49: 2007 | O49: 2008 | P49: 2009 | Q49: 2010 | R49: 2011 | S49: 2012 | T49: 2013 | U49: 2014 | V49: 2015 | W49: 2016 | X49: 2017 | Y49: 2018 | Z49: 2019 | AA49: 2020 | AB49: 2021 | AC49: 2022 | AD49: 2023 | AE49: 2024 | AF49: 2025 | AG49: 2026 | AH49: 2027 | AI49: 2028 | AJ49: 2029 | AK49: 2030 | AL49: 2031 | AM49: 2032 | AN49: 2033 | AO49: 2034 | AP49: 2035 | AQ49: 2036 | AR49: 2037 | AS49: 2038 | AT49: 2039 | AU49: 2040 | AV49: 2041 | AW49: 2042 | AX49: 2043 | AY49: 2044 | AZ49: 2045 | BA49: 2046 | BB49: 2047 | BC49: 2048 | BD49: 2049 | BE49: 2050
A50: ='Population Definitions'!$A$2 -> PWID_males | C50: N.A. | F50: OR | G50: 0 | U50: 0 | V50: =U34 -> 0.002349772
A51: ='Population Definitions'!$A$3 -> PWID_females | C51: N.A. | F51: OR | G51: 0 | U51: 0 | V51: =U35 -> 0.00011023336
A52: ='Population Definitions'!$A$4 -> 0-9_males | C52: N.A. | E52: 0 | F52: OR
A53: ='Population Definitions'!$A$5 -> 0-9_females | C53: N.A. | E53: 0 | F53: OR
A54: ='Population Definitions'!$A$6 -> 10-17_males | C54: N.A. | E54: 0 | F54: OR
A55: ='Population Definitions'!$A$7 -> 10-17_females | C55: N.A. | E55: 0 | F55: OR
A56: ='Population Definitions'!$A$8 -> 18-64_males | C56: N.A. | E56: 0 | F56: OR
A57: ='Population Definitions'!$A$9 -> 18-64_females | C57: N.A. | E57: 0 | F57: OR
A58: ='Population Definitions'!$A$10 -> 65+_males | C58: N.A. | E58: 0 | F58: OR
A59: ='Population Definitions'!$A$11 -> 65+_females | C59: N.A. | E59: 0 | F59: OR
A60: ='Population Definitions'!$A$12 -> Prisoners_males | C60: N.A. | E60: 0 | F60: OR
A61: ='Population Definitions'!$A$13 -> Prisoners_females | C61: N.A. | E61: 0 | F61: OR
A62: ='Population Definitions'!$A$14 -> Prisoners_PWID_males | C62: N.A. | E62: 0 | F62: OR
A63: ='Population Definitions'!$A$15 -> Prisoners_PWID_females | C63: N.A. | E63: 0 | F63: OR
A65: Average treatment duration | B65: Provenance | C65: Units | D65: Uncertainty | E65: Constant | G65: 2000 | H65: 2001 | I65: 2002 | J65: 2003 | K65: 2004 | L65: 2005 | M65: 2006 | N65: 2007 | O65: 2008 | P65: 2009 | Q65: 2010 | R65: 2011 | S65: 2012 | T65: 2013 | U65: 2014 | V65: 2015 | W65: 2016 | X65: 2017 | Y65: 2018 | Z65: 2019 | AA65: 2020 | AB65: 2021 | AC65: 2022 | AD65: 2023 | AE65: 2024 | AF65: 2025 | AG65: 2026 | AH65: 2027 | AI65: 2028 | AJ65: 2029 | AK65: 2030 | AL65: 2031 | AM65: 2032 | AN65: 2033 | AO65: 2034 | AP65: 2035 | AQ65: 2036 | AR65: 2037 | AS65: 2038 | AT65: 2039 | AU65: 2040 | AV65: 2041 | AW65: 2042 | AX65: 2043 | AY65: 2044 | AZ65: 2045 | BA65: 2046 | BB65: 2047 | BC65: 2048 | BD65: 2049 | BE65: 2050
A66: ='Population Definitions'!$A$2 -> PWID_males | C66: Duration (years) | F66: OR | V66: 0.46 | W66: 0.23
A67: ='Population Definitions'!$A$3 -> PWID_females | C67: Duration (years) | F67: OR | V67: 0.46 | W67: 0.23
A68: ='Population Definitions'!$A$4 -> 0-9_males | C68: Duration (years) | F68: OR | V68: 0.46 | W68: 0.23
A69: ='Population Definitions'!$A$5 -> 0-9_females | C69: Duration (years) | F69: OR | V69: 0.46 | W69: 0.23
A70: ='Population Definitions'!$A$6 -> 10-17_males | C70: Duration (years) | F70: OR | V70: 0.46 | W70: 0.23
A71: ='Population Definitions'!$A$7 -> 10-17_females | C71: Duration (years) | F71: OR | V71: 0.46 | W71: 0.23
A72: ='Population Definitions'!$A$8 -> 18-64_males | C72: Duration (years) | F72: OR | V72: 0.46 | W72: 0.23
A73: ='Population Definitions'!$A$9 -> 18-64_females | C73: Duration (years) | F73: OR | V73: 0.46 | W73: 0.23
A74: ='Population Definitions'!$A$10 -> 65+_males | C74: Duration (years) | F74: OR | V74: 0.46 | W74: 0.23
A75: ='Population Definitions'!$A$11 -> 65+_females | C75: Duration (years) | F75: OR | V75: 0.46 | W75: 0.23
A76: ='Population Definitions'!$A$12 -> Prisoners_males | C76: Duration (years) | F76: OR | V76: 0.46 | W76: 0.23
A77: ='Population Definitions'!$A$13 -> Prisoners_females | C77: Duration (years) | F77: OR | V77: 0.46 | W77: 0.23
A78: ='Population Definitions'!$A$14 -> Prisoners_PWID_males | C78: Duration (years) | F78: OR | V78: 0.46 | W78: 0.23
A79: ='Population Definitions'!$A$15 -> Prisoners_PWID_females | C79: Duration (years) | F79: OR | V79: 0.46 | W79: 0.23
A81: Probability of achieving SVR | B81: Provenance | C81: Units | D81: Uncertainty | E81: Constant | G81: 2000 | H81: 2001 | I81: 2002 | J81: 2003 | K81: 2004 | L81: 2005 | M81: 2006 | N81: 2007 | O81: 2008 | P81: 2009 | Q81: 2010 | R81: 2011 | S81: 2012 | T81: 2013 | U81: 2014 | V81: 2015 | W81: 2016 | X81: 2017 | Y81: 2018 | Z81: 2019 | AA81: 2020 | AB81: 2021 | AC81: 2022 | AD81: 2023 | AE81: 2024 | AF81: 2025 | AG81: 2026 | AH81: 2027 | AI81: 2028 | AJ81: 2029 | AK81: 2030 | AL81: 2031 | AM81: 2032 | AN81: 2033 | AO81: 2034 | AP81: 2035 | AQ81: 2036 | AR81: 2037 | AS81: 2038 | AT81: 2039 | AU81: 2040 | AV81: 2041 | AW81: 2042 | AX81: 2043 | AY81: 2044 | AZ81: 2045 | BA81: 2046 | BB81: 2047 | BC81: 2048 | BD81: 2049 | BE81: 2050
A82: ='Population Definitions'!$A$2 -> PWID_males | C82: Proportion | F82: OR | V82: 0.5 | W82: 0.95
A83: ='Population Definitions'!$A$3 -> PWID_females | C83: Proportion | F83: OR | V83: 0.5 | W83: 0.95
A84: ='Population Definitions'!$A$4 -> 0-9_males | C84: Proportion | F84: OR | V84: 0.5 | W84: 0.95
A85: ='Population Definitions'!$A$5 -> 0-9_females | C85: Proportion | F85: OR | V85: 0.5 | W85: 0.95
A86: ='Population Definitions'!$A$6 -> 10-17_males | C86: Proportion | F86: OR | V86: 0.5 | W86: 0.95
A87: ='Population Definitions'!$A$7 -> 10-17_females | C87: Proportion | F87: OR | V87: 0.5 | W87: 0.95
A88: ='Population Definitions'!$A$8 -> 18-64_males | C88: Proportion | F88: OR | V88: 0.5 | W88: 0.95
A89: ='Population Definitions'!$A$9 -> 18-64_females | C89: Proportion | F89: OR | V89: 0.5 | W89: 0.95
A90: ='Population Definitions'!$A$10 -> 65+_males | C90: Proportion | F90: OR | V90: 0.5 | W90: 0.95
A91: ='Population Definitions'!$A$11 -> 65+_females | C91: Proportion | F91: OR | V91: 0.5 | W91: 0.95
A92: ='Population Definitions'!$A$12 -> Prisoners_males | C92: Proportion | F92: OR | V92: 0.5 | W92: 0.95
A93: ='Population Definitions'!$A$13 -> Prisoners_females | C93: Proportion | F93: OR | V93: 0.5 | W93: 0.95
A94: ='Population Definitions'!$A$14 -> Prisoners_PWID_males | C94: Proportion | F94: OR | V94: 0.5 | W94: 0.95
A95: ='Population Definitions'!$A$15 -> Prisoners_PWID_females | C95: Proportion | F95: OR | V95: 0.5 | W95: 0.95
A97: Proportion of treatments that are retreatments due to failure | B97: Provenance | C97: Units | D97: Uncertainty | E97: Constant | G97: 2000 | H97: 2001 | I97: 2002 | J97: 2003 | K97: 2004 | L97: 2005 | M97: 2006 | N97: 2007 | O97: 2008 | P97: 2009 | Q97: 2010 | R97: 2011 | S97: 2012 | T97: 2013 | U97: 2014 | V97: 2015 | W97: 2016 | X97: 2017 | Y97: 2018 | Z97: 2019 | AA97: 2020 | AB97: 2021 | AC97: 2022 | AD97: 2023 | AE97: 2024 | AF97: 2025 | AG97: 2026 | AH97: 2027 | AI97: 2028 | AJ97: 2029 | AK97: 2030 | AL97: 2031 | AM97: 2032 | AN97: 2033 | AO97: 2034 | AP97: 2035 | AQ97: 2036 | AR97: 2037 | AS97: 2038 | AT97: 2039 | AU97: 2040 | AV97: 2041 | AW97: 2042 | AX97: 2043 | AY97: 2044 | AZ97: 2045 | BA97: 2046 | BB97: 2047 | BC97: 2048 | BD97: 2049 | BE97: 2050
A98: ='Population Definitions'!$A$2 -> PWID_males | B98: Framework-supplied default | C98: Proportion | E98: 0 | F98: OR
A99: ='Population Definitions'!$A$3 -> PWID_females | B99: Framework-supplied default | C99: Proportion | E99: 0 | F99: OR
A100: ='Population Definitions'!$A$4 -> 0-9_males | B100: Framework-supplied default | C100: Proportion | E100: 0 | F100: OR
A101: ='Population Definitions'!$A$5 -> 0-9_females | B101: Framework-supplied default | C101: Proportion | E101: 0 | F101: OR
A102: ='Population Definitions'!$A$6 -> 10-17_males | B102: Framework-supplied default | C102: Proportion | E102: 0 | F102: OR
A103: ='Population Definitions'!$A$7 -> 10-17_females | B103: Framework-supplied default | C103: Proportion | E103: 0 | F103: OR
A104: ='Population Definitions'!$A$8 -> 18-64_males | B104: Framework-supplied default | C104: Proportion | E104: 0 | F104: OR
A105: ='Population Definitions'!$A$9 -> 18-64_females | B105: Framework-supplied default | C105: Proportion | E105: 0 | F105: OR
A106: ='Population Definitions'!$A$10 -> 65+_males | B106: Framework-supplied default | C106: Proportion | E106: 0 | F106: OR
...

Sheet Liver Transplant
A1: DC to liver transplant rate | B1: Provenance | C1: Units | D1: Uncertainty | E1: Constant | G1: 2000 | H1: 2001 | I1: 2002 | J1: 2003 | K1: 2004 | L1: 2005 | M1: 2006 | N1: 2007 | O1: 2008 | P1: 2009 | Q1: 2010 | R1: 2011 | S1: 2012 | T1: 2013 | U1: 2014 | V1: 2015 | W1: 2016 | X1: 2017 | Y1: 2018 | Z1: 2019 | AA1: 2020 | AB1: 2021 | AC1: 2022 | AD1: 2023 | AE1: 2024 | AF1: 2025 | AG1: 2026 | AH1: 2027 | AI1: 2028 | AJ1: 2029 | AK1: 2030 | AL1: 2031 | AM1: 2032 | AN1: 2033 | AO1: 2034 | AP1: 2035 | AQ1: 2036 | AR1: 2037 | AS1: 2038 | AT1: 2039 | AU1: 2040 | AV1: 2041 | AW1: 2042 | AX1: 2043 | AY1: 2044 | AZ1: 2045 | BA1: 2046 | BB1: 2047 | BC1: 2048 | BD1: 2049 | BE1: 2050
A2: ='Population Definitions'!$A$2 -> PWID_males | C2: Rate (per year) | E2: 0.45 | F2: OR
A3: ='Population Definitions'!$A$3 -> PWID_females | C3: Rate (per year) | E3: 0.45 | F3: OR
A4: ='Population Definitions'!$A$4 -> 0-9_males | C4: Rate (per year) | E4: 0.45 | F4: OR
A5: ='Population Definitions'!$A$5 -> 0-9_females | C5: Rate (per year) | E5: 0.45 | F5: OR
A6: ='Population Definitions'!$A$6 -> 10-17_males | C6: Rate (per year) | E6: 0.45 | F6: OR
A7: ='Population Definitions'!$A$7 -> 10-17_females | C7: Rate (per year) | E7: 0.45 | F7: OR
A8: ='Population Definitions'!$A$8 -> 18-64_males | C8: Rate (per year) | E8: 0.45 | F8: OR
A9: ='Population Definitions'!$A$9 -> 18-64_females | C9: Rate (per year) | E9: 0.45 | F9: OR
A10: ='Population Definitions'!$A$10 -> 65+_males | C10: Rate (per year) | E10: 0.45 | F10: OR
A11: ='Population Definitions'!$A$11 -> 65+_females | C11: Rate (per year) | E11: 0.45 | F11: OR
A12: ='Population Definitions'!$A$12 -> Prisoners_males | C12: Rate (per year) | E12: 0.45 | F12: OR
A13: ='Population Definitions'!$A$13 -> Prisoners_females | C13: Rate (per year) | E13: 0.45 | F13: OR
A14: ='Population Definitions'!$A$14 -> Prisoners_PWID_males | C14: Rate (per year) | E14: 0.45 | F14: OR
A15: ='Population Definitions'!$A$15 -> Prisoners_PWID_females | C15: Rate (per year) | E15: 0.45 | F15: OR
A17: HCC to liver transplant rate | B17: Provenance | C17: Units | D17: Uncertainty | E17: Constant | G17: 2000 | H17: 2001 | I17: 2002 | J17: 2003 | K17: 2004 | L17: 2005 | M17: 2006 | N17: 2007 | O17: 2008 | P17: 2009 | Q17: 2010 | R17: 2011 | S17: 2012 | T17: 2013 | U17: 2014 | V17: 2015 | W17: 2016 | X17: 2017 | Y17: 2018 | Z17: 2019 | AA17: 2020 | AB17: 2021 | AC17: 2022 | AD17: 2023 | AE17: 2024 | AF17: 2025 | AG17: 2026 | AH17: 2027 | AI17: 2028 | AJ17: 2029 | AK17: 2030 | AL17: 2031 | AM17: 2032 | AN17: 2033 | AO17: 2034 | AP17: 2035 | AQ17: 2036 | AR17: 2037 | AS17: 2038 | AT17: 2039 | AU17: 2040 | AV17: 2041 | AW17: 2042 | AX17: 2043 | AY17: 2044 | AZ17: 2045 | BA17: 2046 | BB17: 2047 | BC17: 2048 | BD17: 2049 | BE17: 2050
A18: ='Population Definitions'!$A$2 -> PWID_males | C18: Rate (per year) | E18: 0.328548 | F18: OR
A19: ='Population Definitions'!$A$3 -> PWID_females | C19: Rate (per year) | E19: 0.328548 | F19: OR
A20: ='Population Definitions'!$A$4 -> 0-9_males | C20: Rate (per year) | E20: 0.328548 | F20: OR
A21: ='Population Definitions'!$A$5 -> 0-9_females | C21: Rate (per year) | E21: 0.328548 | F21: OR
A22: ='Population Definitions'!$A$6 -> 10-17_males | C22: Rate (per year) | E22: 0.328548 | F22: OR
A23: ='Population Definitions'!$A$7 -> 10-17_females | C23: Rate (per year) | E23: 0.328548 | F23: OR
A24: ='Population Definitions'!$A$8 -> 18-64_males | C24: Rate (per year) | E24: 0.328548 | F24: OR
A25: ='Population Definitions'!$A$9 -> 18-64_females | C25: Rate (per year) | E25: 0.328548 | F25: OR
A26: ='Population Definitions'!$A$10 -> 65+_males | C26: Rate (per year) | E26: 0.328548 | F26: OR
A27: ='Population Definitions'!$A$11 -> 65+_females | C27: Rate (per year) | E27: 0.328548 | F27: OR
A28: ='Population Definitions'!$A$12 -> Prisoners_males | C28: Rate (per year) | E28: 0.328548 | F28: OR
A29: ='Population Definitions'!$A$13 -> Prisoners_females | C29: Rate (per year) | E29: 0.328548 | F29: OR
A30: ='Population Definitions'!$A$14 -> Prisoners_PWID_males | C30: Rate (per year) | E30: 0.328548 | F30: OR
A31: ='Population Definitions'!$A$15 -> Prisoners_PWID_females | C31: Rate (per year) | E31: 0.328548 | F31: OR
A33: DC liver transplant 1 to 2+ years ago rate | B33: Provenance | C33: Units | D33: Uncertainty | E33: Constant | G33: 2000 | H33: 2001 | I33: 2002 | J33: 2003 | K33: 2004 | L33: 2005 | M33: 2006 | N33: 2007 | O33: 2008 | P33: 2009 | Q33: 2010 | R33: 2011 | S33: 2012 | T33: 2013 | U33: 2014 | V33: 2015 | W33: 2016 | X33: 2017 | Y33: 2018 | Z33: 2019 | AA33: 2020 | AB33: 2021 | AC33: 2022 | AD33: 2023 | AE33: 2024 | AF33: 2025 | AG33: 2026 | AH33: 2027 | AI33: 2028 | AJ33: 2029 | AK33: 2030 | AL33: 2031 | AM33: 2032 | AN33: 2033 | AO33: 2034 | AP33: 2035 | AQ33: 2036 | AR33: 2037 | AS33: 2038 | AT33: 2039 | AU33: 2040 | AV33: 2041 | AW33: 2042 | AX33: 2043 | AY33: 2044 | AZ33: 2045 | BA33: 2046 | BB33: 2047 | BC33: 2048 | BD33: 2049 | BE33: 2050
A34: ='Population Definitions'!$A$2 -> PWID_males | B34: Framework-supplied default | C34: Duration (years) | E34: 1 | F34: OR
A35: ='Population Definitions'!$A$3 -> PWID_females | B35: Framework-supplied default | C35: Duration (years) | E35: 1 | F35: OR
A36: ='Population Definitions'!$A$4 -> 0-9_males | B36: Framework-supplied default | C36: Duration (years) | E36: 1 | F36: OR
A37: ='Population Definitions'!$A$5 -> 0-9_females | B37: Framework-supplied default | C37: Duration (years) | E37: 1 | F37: OR
A38: ='Population Definitions'!$A$6 -> 10-17_males | B38: Framework-supplied default | C38: Duration (years) | E38: 1 | F38: OR
A39: ='Population Definitions'!$A$7 -> 10-17_females | B39: Framework-supplied default | C39: Duration (years) | E39: 1 | F39: OR
A40: ='Population Definitions'!$A$8 -> 18-64_males | B40: Framework-supplied default | C40: Duration (years) | E40: 1 | F40: OR
A41: ='Population Definitions'!$A$9 -> 18-64_females | B41: Framework-supplied default | C41: Duration (years) | E41: 1 | F41: OR
A42: ='Population Definitions'!$A$10 -> 65+_males | B42: Framework-supplied default | C42: Duration (years) | E42: 1 | F42: OR
A43: ='Population Definitions'!$A$11 -> 65+_females | B43: Framework-supplied default | C43: Duration (years) | E43: 1 | F43: OR
A44: ='Population Definitions'!$A$12 -> Prisoners_males | B44: Framework-supplied default | C44: Duration (years) | E44: 1 | F44: OR
A45: ='Population Definitions'!$A$13 -> Prisoners_females | B45: Framework-supplied default | C45: Duration (years) | E45: 1 | F45: OR
A46: ='Population Definitions'!$A$14 -> Prisoners_PWID_males | B46: Framework-supplied default | C46: Duration (years) | E46: 1 | F46: OR
A47: ='Population Definitions'!$A$15 -> Prisoners_PWID_females | B47: Framework-supplied default | C47: Duration (years) | E47: 1 | F47: OR
A49: HCC liver transplant 1 to 2+ years ago rate | B49: Provenance | C49: Units | D49: Uncertainty | E49: Constant | G49: 2000 | H49: 2001 | I49: 2002 | J49: 2003 | K49: 2004 | L49: 2005 | M49: 2006 | N49: 2007 | O49: 2008 | P49: 2009 | Q49: 2010 | R49: 2011 | S49: 2012 | T49: 2013 | U49: 2014 | V49: 2015 | W49: 2016 | X49: 2017 | Y49: 2018 | Z49: 2019 | AA49: 2020 | AB49: 2021 | AC49: 2022 | AD49: 2023 | AE49: 2024 | AF49: 2025 | AG49: 2026 | AH49: 2027 | AI49: 2028 | AJ49: 2029 | AK49: 2030 | AL49: 2031 | AM49: 2032 | AN49: 2033 | AO49: 2034 | AP49: 2035 | AQ49: 2036 | AR49: 2037 | AS49: 2038 | AT49: 2039 | AU49: 2040 | AV49: 2041 | AW49: 2042 | AX49: 2043 | AY49: 2044 | AZ49: 2045 | BA49: 2046 | BB49: 2047 | BC49: 2048 | BD49: 2049 | BE49: 2050
A50: ='Population Definitions'!$A$2 -> PWID_males | B50: Framework-supplied default | C50: Duration (years) | E50: 1 | F50: OR
A51: ='Population Definitions'!$A$3 -> PWID_females | B51: Framework-supplied default | C51: Duration (years) | E51: 1 | F51: OR
A52: ='Population Definitions'!$A$4 -> 0-9_males | B52: Framework-supplied default | C52: Duration (years) | E52: 1 | F52: OR
A53: ='Population Definitions'!$A$5 -> 0-9_females | B53: Framework-supplied default | C53: Duration (years) | E53: 1 | F53: OR
A54: ='Population Definitions'!$A$6 -> 10-17_males | B54: Framework-supplied default | C54: Duration (years) | E54: 1 | F54: OR
A55: ='Population Definitions'!$A$7 -> 10-17_females | B55: Framework-supplied default | C55: Duration (years) | E55: 1 | F55: OR
A56: ='Population Definitions'!$A$8 -> 18-64_males | B56: Framework-supplied default | C56: Duration (years) | E56: 1 | F56: OR
A57: ='Population Definitions'!$A$9 -> 18-64_females | B57: Framework-supplied default | C57: Duration (years) | E57: 1 | F57: OR
A58: ='Population Definitions'!$A$10 -> 65+_males | B58: Framework-supplied default | C58: Duration (years) | E58: 1 | F58: OR
A59: ='Population Definitions'!$A$11 -> 65+_females | B59: Framework-supplied default | C59: Duration (years) | E59: 1 | F59: OR
A60: ='Population Definitions'!$A$12 -> Prisoners_males | B60: Framework-supplied default | C60: Duration (years) | E60: 1 | F60: OR
A61: ='Population Definitions'!$A$13 -> Prisoners_females | B61: Framework-supplied default | C61: Duration (years) | E61: 1 | F61: OR
A62: ='Population Definitions'!$A$14 -> Prisoners_PWID_males | B62: Framework-supplied default | C62: Duration (years) | E62: 1 | F62: OR
A63: ='Population Definitions'!$A$15 -> Prisoners_PWID_females | B63: Framework-supplied default | C63: Duration (years) | E63: 1 | F63: OR

Sheet Overall Indicators
A1: Percent diagnosed Ab or RNA (ever) | B1: Provenance | C1: Units | D1: Uncertainty | E1: 2000 | F1: 2001 | G1: 2002 | H1: 2003 | I1: 2004 | J1: 2005 | K1: 2006 | L1: 2007 | M1: 2008 | N1: 2009 | O1: 2010 | P1: 2011 | Q1: 2012 | R1: 2013 | S1: 2014 | T1: 2015 | U1: 2016 | V1: 2017 | W1: 2018 | X1: 2019 | Y1: 2020 | Z1: 2021 | AA1: 2022 | AB1: 2023 | AC1: 2024 | AD1: 2025 | AE1: 2026 | AF1: 2027 | AG1: 2028 | AH1: 2029 | AI1: 2030 | AJ1: 2031 | AK1: 2032 | AL1: 2033 | AM1: 2034 | AN1: 2035 | AO1: 2036 | AP1: 2037 | AQ1: 2038 | AR1: 2039 | AS1: 2040 | AT1: 2041 | AU1: 2042 | AV1: 2043 | AW1: 2044 | AX1: 2045 | AY1: 2046 | AZ1: 2047 | BA1: 2048 | BB1: 2049 | BC1: 2050
A2: ='Population Definitions'!$A$2 -> PWID_males | C2: Fraction | E2: 0
A3: ='Population Definitions'!$A$3 -> PWID_females | C3: Fraction | E3: 0
A4: ='Population Definitions'!$A$4 -> 0-9_males | C4: Fraction | E4: 0
A5: ='Population Definitions'!$A$5 -> 0-9_females | C5: Fraction | E5: 0
A6: ='Population Definitions'!$A$6 -> 10-17_males | C6: Fraction | E6: 0
A7: ='Population Definitions'!$A$7 -> 10-17_females | C7: Fraction | E7: 0
A8: ='Population Definitions'!$A$8 -> 18-64_males | C8: Fraction | E8: 0
A9: ='Population Definitions'!$A$9 -> 18-64_females | C9: Fraction | E9: 0
A10: ='Population Definitions'!$A$10 -> 65+_males | C10: Fraction | E10: 0
A11: ='Population Definitions'!$A$11 -> 65+_females | C11: Fraction | E11: 0
A12: ='Population Definitions'!$A$12 -> Prisoners_males | C12: Fraction | E12: 0
A13: ='Population Definitions'!$A$13 -> Prisoners_females | C13: Fraction | E13: 0
A14: ='Population Definitions'!$A$14 -> Prisoners_PWID_males | C14: Fraction | E14: 0
A15: ='Population Definitions'!$A$15 -> Prisoners_PWID_females | C15: Fraction | E15: 0
A16: Total | C16: Fraction | E16: 0.09300088 | T16: 0.27900264 | U16: 0.1834003 | V16: 0.17480459 | W16: 0.18300194 | X16: 0.88428425 | Y16: 0.94063681 | Z16: 0.97454252 | AA16: 0.98073928 | AB16: 0.98098619
A18: Number of treatments | B18: Provenance | C18: Units | D18: Uncertainty | E18: Constant | G18: 2000 | H18: 2001 | I18: 2002 | J18: 2003 | K18: 2004 | L18: 2005 | M18: 2006 | N18: 2007 | O18: 2008 | P18: 2009 | Q18: 2010 | R18: 2011 | S18: 2012 | T18: 2013 | U18: 2014 | V18: 2015 | W18: 2016 | X18: 2017 | Y18: 2018 | Z18: 2019 | AA18: 2020 | AB18: 2021 | AC18: 2022 | AD18: 2023 | AE18: 2024 | AF18: 2025 | AG18: 2026 | AH18: 2027 | AI18: 2028 | AJ18: 2029 | AK18: 2030 | AL18: 2031 | AM18: 2032 | AN18: 2033 | AO18: 2034 | AP18: 2035 | AQ18: 2036 | AR18: 2037 | AS18: 2038 | AT18: 2039 | AU18: 2040 | AV18: 2041 | AW18: 2042 | AX18: 2043 | AY18: 2044 | AZ18: 2045 | BA18: 2046 | BB18: 2047 | BC18: 2048 | BD18: 2049 | BE18: 2050
A19: ='Population Definitions'!$A$2 -> PWID_males | C19: Number | F19: OR | G19: 0
A20: ='Population Definitions'!$A$3 -> PWID_females | C20: Number | F20: OR | G20: 0
A21: ='Population Definitions'!$A$4 -> 0-9_males | C21: Number | F21: OR | G21: 0
A22: ='Population Definitions'!$A$5 -> 0-9_females | C22: Number | F22: OR | G22: 0
A23: ='Population Definitions'!$A$6 -> 10-17_males | C23: Number | F23: OR | G23: 0
A24: ='Population Definitions'!$A$7 -> 10-17_females | C24: Number | F24: OR | G24: 0
A25: ='Population Definitions'!$A$8 -> 18-64_males | C25: Number | F25: OR | G25: 0
A26: ='Population Definitions'!$A$9 -> 18-64_females | C26: Number | F26: OR | G26: 0
A27: ='Population Definitions'!$A$10 -> 65+_males | C27: Number | F27: OR | G27: 0
A28: ='Population Definitions'!$A$11 -> 65+_females | C28: Number | F28: OR | G28: 0
A29: ='Population Definitions'!$A$12 -> Prisoners_males | C29: Number | F29: OR | G29: 0
A30: ='Population Definitions'!$A$13 -> Prisoners_females | C30: Number | F30: OR | G30: 0
A31: ='Population Definitions'!$A$14 -> Prisoners_PWID_males | C31: Number | F31: OR | G31: 0
A32: ='Population Definitions'!$A$15 -> Prisoners_PWID_females | C32: Number | F32: OR | G32: 0
A33: Total | C33: Number | F33: OR | G33: 275698 | U33: 275698 | V33: 827094 | W33: 341733 | X33: 478530 | Y33: 226152 | Z33: 1600000 | AA33: 15000 | AB33: 5000 | AC33: 3000 | AD33: 306
A35: Chronic HCV infections | B35: Provenance | C35: Units | D35: Uncertainty | E35: Constant | G35: 2000 | H35: 2001 | I35: 2002 | J35: 2003 | K35: 2004 | L35: 2005 | M35: 2006 | N35: 2007 | O35: 2008 | P35: 2009 | Q35: 2010 | R35: 2011 | S35: 2012 | T35: 2013 | U35: 2014 | V35: 2015 | W35: 2016 | X35: 2017 | Y35: 2018 | Z35: 2019 | AA35: 2020 | AB35: 2021 | AC35: 2022 | AD35: 2023 | AE35: 2024 | AF35: 2025 | AG35: 2026 | AH35: 2027 | AI35: 2028 | AJ35: 2029 | AK35: 2030 | AL35: 2031 | AM35: 2032 | AN35: 2033 | AO35: 2034 | AP35: 2035 | AQ35: 2036 | AR35: 2037 | AS35: 2038 | AT35: 2039 | AU35: 2040 | AV35: 2041 | AW35: 2042 | AX35: 2043 | AY35: 2044 | AZ35: 2045 | BA35: 2046 | BB35: 2047 | BC35: 2048 | BD35: 2049 | BE35: 2050
A36: ='Population Definitions'!$A$2 -> PWID_males | C36: Number | F36: OR | G36: 0
A37: ='Population Definitions'!$A$3 -> PWID_females | C37: Number | F37: OR | G37: 0
A38: ='Population Definitions'!$A$4 -> 0-9_males | C38: Number | F38: OR | G38: 0
A39: ='Population Definitions'!$A$5 -> 0-9_females | C39: Number | F39: OR | G39: 0
A40: ='Population Definitions'!$A$6 -> 10-17_males | C40: Number | F40: OR | G40: 0
A41: ='Population Definitions'!$A$7 -> 10-17_females | C41: Number | F41: OR | G41: 0
A42: ='Population Definitions'!$A$8 -> 18-64_males | C42: Number | F42: OR | G42: 0
A43: ='Population Definitions'!$A$9 -> 18-64_females | C43: Number | F43: OR | G43: 0
A44: ='Population Definitions'!$A$10 -> 65+_males | C44: Number | F44: OR | G44: 0
A45: ='Population Definitions'!$A$11 -> 65+_females | C45: Number | F45: OR | G45: 0
A46: ='Population Definitions'!$A$12 -> Prisoners_males | C46: Number | F46: OR | G46: 0
A47: ='Population Definitions'!$A$13 -> Prisoners_females | C47: Number | F47: OR | G47: 0
A48: ='Population Definitions'!$A$14 -> Prisoners_PWID_males | C48: Number | F48: OR | G48: 0
A49: ='Population Definitions'!$A$15 -> Prisoners_PWID_females | C49: Number | F49: OR | G49: 0
A50: Total | C50: Number | F50: OR | G50: 0
A52: Total number of people living with HCV | B52: Provenance | C52: Units | D52: Uncertainty | E52: Constant | G52: 2000 | H52: 2001 | I52: 2002 | J52: 2003 | K52: 2004 | L52: 2005 | M52: 2006 | N52: 2007 | O52: 2008 | P52: 2009 | Q52: 2010 | R52: 2011 | S52: 2012 | T52: 2013 | U52: 2014 | V52: 2015 | W52: 2016 | X52: 2017 | Y52: 2018 | Z52: 2019 | AA52: 2020 | AB52: 2021 | AC52: 2022 | AD52: 2023 | AE52: 2024 | AF52: 2025 | AG52: 2026 | AH52: 2027 | AI52: 2028 | AJ52: 2029 | AK52: 2030 | AL52: 2031 | AM52: 2032 | AN52: 2033 | AO52: 2034 | AP52: 2035 | AQ52: 2036 | AR52: 2037 | AS52: 2038 | AT52: 2039 | AU52: 2040 | AV52: 2041 | AW52: 2042 | AX52: 2043 | AY52: 2044 | AZ52: 2045 | BA52: 2046 | BB52: 2047 | BC52: 2048 | BD52: 2049 | BE52: 2050
A53: ='Population Definitions'!$A$2 -> PWID_males | C53: Number | F53: OR | G53: 0
A54: ='Population Definitions'!$A$3 -> PWID_females | C54: Number | F54: OR | G54: 0
A55: ='Population Definitions'!$A$4 -> 0-9_males | C55: Number | F55: OR | G55: 0
A56: ='Population Definitions'!$A$5 -> 0-9_females | C56: Number | F56: OR | G56: 0
A57: ='Population Definitions'!$A$6 -> 10-17_males | C57: Number | F57: OR | G57: 0
A58: ='Population Definitions'!$A$7 -> 10-17_females | C58: Number | F58: OR | G58: 0
A59: ='Population Definitions'!$A$8 -> 18-64_males | C59: Number | F59: OR | G59: 0
A60: ='Population Definitions'!$A$9 -> 18-64_females | C60: Number | F60: OR | G60: 0
A61: ='Population Definitions'!$A$10 -> 65+_males | C61: Number | F61: OR | G61: 0
A62: ='Population Definitions'!$A$11 -> 65+_females | C62: Number | F62: OR | G62: 0
A63: ='Population Definitions'!$A$12 -> Prisoners_males | C63: Number | F63: OR | G63: 0
A64: ='Population Definitions'!$A$13 -> Prisoners_females | C64: Number | F64: OR | G64: 0
A65: ='Population Definitions'!$A$14 -> Prisoners_PWID_males | C65: Number | F65: OR | G65: 0
A66: ='Population Definitions'!$A$15 -> Prisoners_PWID_females | C66: Number | F66: OR | G66: 0
A67: Total | C67: Number | F67: OR | G67: 3942615 | V67: 3942615 | W67: 3165240 | X67: 2810837 | Y67: 2336226 | Z67: 2100000 | AA67: 532260 | AB67: 510267 | AC67: 497046 | AD67: 488214
A69: Positive antibody tests | B69: Provenance | C69: Units | D69: Uncertainty | E69: Constant | G69: 2000 | H69: 2001 | I69: 2002 | J69: 2003 | K69: 2004 | L69: 2005 | M69: 2006 | N69: 2007 | O69: 2008 | P69: 2009 | Q69: 2010 | R69: 2011 | S69: 2012 | T69: 2013 | U69: 2014 | V69: 2015 | W69: 2016 | X69: 2017 | Y69: 2018 | Z69: 2019 | AA69: 2020 | AB69: 2021 | AC69: 2022 | AD69: 2023 | AE69: 2024 | AF69: 2025 | AG69: 2026 | AH69: 2027 | AI69: 2028 | AJ69: 2029 | AK69: 2030 | AL69: 2031 | AM69: 2032 | AN69: 2033 | AO69: 2034 | AP69: 2035 | AQ69: 2036 | AR69: 2037 | AS69: 2038 | AT69: 2039 | AU69: 2040 | AV69: 2041 | AW69: 2042 | AX69: 2043 | AY69: 2044 | AZ69: 2045 | BA69: 2046 | BB69: 2047 | BC69: 2048 | BD69: 2049 | BE69: 2050
A70: ='Population Definitions'!$A$2 -> PWID_males | C70: Number | F70: OR | G70: 0
A71: ='Population Definitions'!$A$3 -> PWID_females | C71: Number | F71: OR | G71: 0
A72: ='Population Definitions'!$A$4 -> 0-9_males | C72: Number | F72: OR | G72: 0
A73: ='Population Definitions'!$A$5 -> 0-9_females | C73: Number | F73: OR | G73: 0
A74: ='Population Definitions'!$A$6 -> 10-17_males | C74: Number | F74: OR | G74: 0
A75: ='Population Definitions'!$A$7 -> 10-17_females | C75: Number | F75: OR | G75: 0
A76: ='Population Definitions'!$A$8 -> 18-64_males | C76: Number | F76: OR | G76: 0
A77: ='Population Definitions'!$A$9 -> 18-64_females | C77: Number | F77: OR | G77: 0
A78: ='Population Definitions'!$A$10 -> 65+_males | C78: Number | F78: OR | G78: 0
A79: ='Population Definitions'!$A$11 -> 65+_females | C79: Number | F79: OR | G79: 0
A80: ='Population Definitions'!$A$12 -> Prisoners_males | C80: Number | F80: OR | G80: 0
A81: ='Population Definitions'!$A$13 -> Prisoners_females | C81: Number | F81: OR | G81: 0
A82: ='Population Definitions'!$A$14 -> Prisoners_PWID_males | C82: Number | F82: OR | G82: 0
A83: ='Population Definitions'!$A$15 -> Prisoners_PWID_females | C83: Number | F83: OR | G83: 0
A84: Total | C84: Number | F84: OR | G84: 0
A86: Total number of diagnoses | B86: Provenance | C86: Units | D86: Uncertainty | E86: Constant | G86: 2000 | H86: 2001 | I86: 2002 | J86: 2003 | K86: 2004 | L86: 2005 | M86: 2006 | N86: 2007 | O86: 2008 | P86: 2009 | Q86: 2010 | R86: 2011 | S86: 2012 | T86: 2013 | U86: 2014 | V86: 2015 | W86: 2016 | X86: 2017 | Y86: 2018 | Z86: 2019 | AA86: 2020 | AB86: 2021 | AC86: 2022 | AD86: 2023 | AE86: 2024 | AF86: 2025 | AG86: 2026 | AH86: 2027 | AI86: 2028 | AJ86: 2029 | AK86: 2030 | AL86: 2031 | AM86: 2032 | AN86: 2033 | AO86: 2034 | AP86: 2035 | AQ86: 2036 | AR86: 2037 | AS86: 2038 | AT86: 2039 | AU86: 2040 | AV86: 2041 | AW86: 2042 | AX86: 2043 | AY86: 2044 | AZ86: 2045 | BA86: 2046 | BB86: 2047 | BC86: 2048 | BD86: 2049 | BE86: 2050
A87: ='Population Definitions'!$A$2 -> PWID_males | C87: Number | F87: OR | G87: 0
A88: ='Population Definitions'!$A$3 -> PWID_females | C88: Number | F88: OR | G88: 0
A89: ='Population Definitions'!$A$4 -> 0-9_males | C89: Number | F89: OR | G89: 0
A90: ='Population Definitions'!$A$5 -> 0-9_females | C90: Number | F90: OR | G90: 0
A91: ='Population Definitions'!$A$6 -> 10-17_males | C91: Number | F91: OR | G91: 0
A92: ='Population Definitions'!$A$7 -> 10-17_females | C92: Number | F92: OR | G92: 0
A93: ='Population Definitions'!$A$8 -> 18-64_males | C93: Number | F93: OR | G93: 0
A94: ='Population Definitions'!$A$9 -> 18-64_females | C94: Number | F94: OR | G94: 0
A95: ='Population Definitions'!$A$10 -> 65+_males | C95: Number | F95: OR | G95: 0
A96: ='Population Definitions'!$A$11 -> 65+_females | C96: Number | F96: OR | G96: 0
A97: ='Population Definitions'!$A$12 -> Prisoners_males | C97: Number | F97: OR | G97: 0
A98: ='Population Definitions'!$A$13 -> Prisoners_females | C98: Number | F98: OR | G98: 0
A99: ='Population Definitions'!$A$14 -> Prisoners_PWID_males | C99: Number | F99: OR | G99: 0
A100: ='Population Definitions'!$A$15 -> Prisoners_PWID_females | C100: Number | F100: OR | G100: 0
A101: Total | C101: Number | F101: OR | G101: 250000 | V101: 250000 | W101: 250000 | X101: 400000 | Y101: 1653292.8 | Z101: 235400.5 | AA101: 24888.375 | AB101: 9480.623 | AC101: 6228.036 | AD101: 331
A103: Chronic HCV infections in F0-F2 | B103: Provenance | C103: Units | D103: Uncertainty | E103: Constant | G103: 2000 | H103: 2001 | I103: 2002 | J103: 2003 | K103: 2004 | L103: 2005 | M103: 2006 | N103: 2007 | O103: 2008 | P103: 2009 | Q103: 2010 | R103: 2011 | S103: 2012 | T103: 2013 | U103: 2014 | V103: 2015 | W103: 2016 | X103: 2017 | Y103: 2018 | Z103: 2019 | AA103: 2020 | AB103: 2021 | AC103: 2022 | AD103: 2023 | AE103: 2024 | AF103: 2025 | AG103: 2026 | AH103: 2027 | AI103: 2028 | AJ103: 2029 | AK103: 2030 | AL103: 2031 | AM103: 2032 | AN103: 2033 | AO103: 2034 | AP103: 2035 | AQ103: 2036 | AR103: 2037 | AS103: 2038 | AT103: 2039 | AU103: 2040 | AV103: 2041 | AW103: 2042 | AX103: 2043 | AY103: 2044 | AZ103: 2045 | BA103: 2046 | BB103: 2047 | BC103: 2048 | BD103: 2049 | BE103: 2050
A104: ='Population Definitions'!$A$2 -> PWID_males | C104: Number | F104: OR | G104: 0
A105: ='Population Definitions'!$A$3 -> PWID_females | C105: Number | F105: OR | G105: 0
A106: ='Population Definitions'!$A$4 -> 0-9_males | C106: Number | F106: OR | G106: 0
...

Sheet Initialization
A1: Population living with acute HCV | B1: Provenance | C1: Units | D1: Uncertainty | E1: 2000 | F1: 2001 | G1: 2002 | H1: 2003 | I1: 2004 | J1: 2005 | K1: 2006 | L1: 2007 | M1: 2008 | N1: 2009 | O1: 2010 | P1: 2011 | Q1: 2012 | R1: 2013 | S1: 2014 | T1: 2015 | U1: 2016 | V1: 2017 | W1: 2018 | X1: 2019 | Y1: 2020 | Z1: 2021 | AA1: 2022 | AB1: 2023 | AC1: 2024 | AD1: 2025 | AE1: 2026 | AF1: 2027 | AG1: 2028 | AH1: 2029 | AI1: 2030 | AJ1: 2031 | AK1: 2032 | AL1: 2033 | AM1: 2034 | AN1: 2035 | AO1: 2036 | AP1: 2037 | AQ1: 2038 | AR1: 2039 | AS1: 2040 | AT1: 2041 | AU1: 2042 | AV1: 2043 | AW1: 2044 | AX1: 2045 | AY1: 2046 | AZ1: 2047 | BA1: 2048 | BB1: 2049 | BC1: 2050
A2: ='Population Definitions'!$A$2 -> PWID_males | C2: Number | E2: 0
A3: ='Population Definitions'!$A$3 -> PWID_females | C3: Number | E3: 0
A4: ='Population Definitions'!$A$4 -> 0-9_males | C4: Number | E4: 0
A5: ='Population Definitions'!$A$5 -> 0-9_females | C5: Number | E5: 0
A6: ='Population Definitions'!$A$6 -> 10-17_males | C6: Number | E6: 0
A7: ='Population Definitions'!$A$7 -> 10-17_females | C7: Number | E7: 0
A8: ='Population Definitions'!$A$8 -> 18-64_males | C8: Number | E8: 0
A9: ='Population Definitions'!$A$9 -> 18-64_females | C9: Number | E9: 0
A10: ='Population Definitions'!$A$10 -> 65+_males | C10: Number | E10: 0
A11: ='Population Definitions'!$A$11 -> 65+_females | C11: Number | E11: 0
A12: ='Population Definitions'!$A$12 -> Prisoners_males | C12: Number | E12: 0
A13: ='Population Definitions'!$A$13 -> Prisoners_females | C13: Number | E13: 0
A14: ='Population Definitions'!$A$14 -> Prisoners_PWID_males | C14: Number | E14: 0
A15: ='Population Definitions'!$A$15 -> Prisoners_PWID_females | C15: Number | E15: 0
A17: Susceptible, antibody positive (aware, unaware, treated) | B17: Provenance | C17: Units | D17: Uncertainty | E17: Constant | G17: 2000 | H17: 2001 | I17: 2002 | J17: 2003 | K17: 2004 | L17: 2005 | M17: 2006 | N17: 2007 | O17: 2008 | P17: 2009 | Q17: 2010 | R17: 2011 | S17: 2012 | T17: 2013 | U17: 2014 | V17: 2015 | W17: 2016 | X17: 2017 | Y17: 2018 | Z17: 2019 | AA17: 2020 | AB17: 2021 | AC17: 2022 | AD17: 2023 | AE17: 2024 | AF17: 2025 | AG17: 2026 | AH17: 2027 | AI17: 2028 | AJ17: 2029 | AK17: 2030 | AL17: 2031 | AM17: 2032 | AN17: 2033 | AO17: 2034 | AP17: 2035 | AQ17: 2036 | AR17: 2037 | AS17: 2038 | AT17: 2039 | AU17: 2040 | AV17: 2041 | AW17: 2042 | AX17: 2043 | AY17: 2044 | AZ17: 2045 | BA17: 2046 | BB17: 2047 | BC17: 2048 | BD17: 2049 | BE17: 2050
A18: ='Population Definitions'!$A$2 -> PWID_males | C18: Number | E18: 95.463987 | F18: OR
A19: ='Population Definitions'!$A$3 -> PWID_females | C19: Number | E19: 4.4784412 | F19: OR
A20: ='Population Definitions'!$A$4 -> 0-9_males | C20: Number | E20: 0 | F20: OR
A21: ='Population Definitions'!$A$5 -> 0-9_females | C21: Number | E21: 0 | F21: OR
A22: ='Population Definitions'!$A$6 -> 10-17_males | C22: Number | E22: 0 | F22: OR
A23: ='Population Definitions'!$A$7 -> 10-17_females | C23: Number | E23: 0 | F23: OR
A24: ='Population Definitions'!$A$8 -> 18-64_males | C24: Number | E24: 87474.897 | F24: OR
A25: ='Population Definitions'!$A$9 -> 18-64_females | C25: Number | E25: 84948.336 | F25: OR
A26: ='Population Definitions'!$A$10 -> 65+_males | C26: Number | E26: 5590.5755 | F26: OR
A27: ='Population Definitions'!$A$11 -> 65+_females | C27: Number | E27: 7714.115 | F27: OR
A28: ='Population Definitions'!$A$12 -> Prisoners_males | C28: Number | E28: 230.40439 | F28: OR
A29: ='Population Definitions'!$A$13 -> Prisoners_females | C29: Number | E29: 10.464933 | F29: OR
A30: ='Population Definitions'!$A$14 -> Prisoners_PWID_males | C30: Number | E30: 9.713587 | F30: OR
A31: ='Population Definitions'!$A$15 -> Prisoners_PWID_females | C31: Number | E31: 0.73021464 | F31: OR
A33: Susceptible (all) | B33: Provenance | C33: Units | D33: Uncertainty | E33: Constant | G33: 2000 | H33: 2001 | I33: 2002 | J33: 2003 | K33: 2004 | L33: 2005 | M33: 2006 | N33: 2007 | O33: 2008 | P33: 2009 | Q33: 2010 | R33: 2011 | S33: 2012 | T33: 2013 | U33: 2014 | V33: 2015 | W33: 2016 | X33: 2017 | Y33: 2018 | Z33: 2019 | AA33: 2020 | AB33: 2021 | AC33: 2022 | AD33: 2023 | AE33: 2024 | AF33: 2025 | AG33: 2026 | AH33: 2027 | AI33: 2028 | AJ33: 2029 | AK33: 2030 | AL33: 2031 | AM33: 2032 | AN33: 2033 | AO33: 2034 | AP33: 2035 | AQ33: 2036 | AR33: 2037 | AS33: 2038 | AT33: 2039 | AU33: 2040 | AV33: 2041 | AW33: 2042 | AX33: 2043 | AY33: 2044 | AZ33: 2045 | BA33: 2046 | BB33: 2047 | BC33: 2048 | BD33: 2049 | BE33: 2050
A34: ='Population Definitions'!$A$2 -> PWID_males | C34: Number | E34: 19092.797 | F34: OR
A35: ='Population Definitions'!$A$3 -> PWID_females | C35: Number | E35: 895.68825 | F35: OR
A36: ='Population Definitions'!$A$4 -> 0-9_males | C36: Number | E36: 9341226 | F36: OR
A37: ='Population Definitions'!$A$5 -> 0-9_females | C37: Number | E37: 8792800 | F37: OR
A38: ='Population Definitions'!$A$6 -> 10-17_males | C38: Number | E38: 7085058.5 | F38: OR
A39: ='Population Definitions'!$A$7 -> 10-17_females | C39: Number | E39: 6709353 | F39: OR
A40: ='Population Definitions'!$A$8 -> 18-64_males | C40: Number | E40: 17494979 | F40: OR
A41: ='Population Definitions'!$A$9 -> 18-64_females | C41: Number | E41: 16989667 | F41: OR
A42: ='Population Definitions'!$A$10 -> 65+_males | C42: Number | E42: 1118115.1 | F42: OR
A43: ='Population Definitions'!$A$11 -> 65+_females | C43: Number | E43: 1542823 | F43: OR
A44: ='Population Definitions'!$A$12 -> Prisoners_males | C44: Number | E44: 46080.879 | F44: OR
A45: ='Population Definitions'!$A$13 -> Prisoners_females | C45: Number | E45: 2092.9865 | F45: OR
A46: ='Population Definitions'!$A$14 -> Prisoners_PWID_males | C46: Number | E46: 1942.7174 | F46: OR
A47: ='Population Definitions'!$A$15 -> Prisoners_PWID_females | C47: Number | E47: 146.04293 | F47: OR
A49: Liver Fibrosis F0 (Chronic) (vaccinated) | B49: Provenance | C49: Units | D49: Uncertainty | E49: Constant | G49: 2000 | H49: 2001 | I49: 2002 | J49: 2003 | K49: 2004 | L49: 2005 | M49: 2006 | N49: 2007 | O49: 2008 | P49: 2009 | Q49: 2010 | R49: 2011 | S49: 2012 | T49: 2013 | U49: 2014 | V49: 2015 | W49: 2016 | X49: 2017 | Y49: 2018 | Z49: 2019 | AA49: 2020 | AB49: 2021 | AC49: 2022 | AD49: 2023 | AE49: 2024 | AF49: 2025 | AG49: 2026 | AH49: 2027 | AI49: 2028 | AJ49: 2029 | AK49: 2030 | AL49: 2031 | AM49: 2032 | AN49: 2033 | AO49: 2034 | AP49: 2035 | AQ49: 2036 | AR49: 2037 | AS49: 2038 | AT49: 2039 | AU49: 2040 | AV49: 2041 | AW49: 2042 | AX49: 2043 | AY49: 2044 | AZ49: 2045 | BA49: 2046 | BB49: 2047 | BC49: 2048 | BD49: 2049 | BE49: 2050
A50: ='Population Definitions'!$A$2 -> PWID_males | B50: Framework-supplied default | C50: Number | E50: 0 | F50: OR
A51: ='Population Definitions'!$A$3 -> PWID_females | B51: Framework-supplied default | C51: Number | E51: 0 | F51: OR
A52: ='Population Definitions'!$A$4 -> 0-9_males | B52: Framework-supplied default | C52: Number | E52: 0 | F52: OR
A53: ='Population Definitions'!$A$5 -> 0-9_females | B53: Framework-supplied default | C53: Number | E53: 0 | F53: OR
A54: ='Population Definitions'!$A$6 -> 10-17_males | B54: Framework-supplied default | C54: Number | E54: 0 | F54: OR
A55: ='Population Definitions'!$A$7 -> 10-17_females | B55: Framework-supplied default | C55: Number | E55: 0 | F55: OR
A56: ='Population Definitions'!$A$8 -> 18-64_males | B56: Framework-supplied default | C56: Number | E56: 0 | F56: OR
A57: ='Population Definitions'!$A$9 -> 18-64_females | B57: Framework-supplied default | C57: Number | E57: 0 | F57: OR
A58: ='Population Definitions'!$A$10 -> 65+_males | B58: Framework-supplied default | C58: Number | E58: 0 | F58: OR
A59: ='Population Definitions'!$A$11 -> 65+_females | B59: Framework-supplied default | C59: Number | E59: 0 | F59: OR
A60: ='Population Definitions'!$A$12 -> Prisoners_males | B60: Framework-supplied default | C60: Number | E60: 0 | F60: OR
A61: ='Population Definitions'!$A$13 -> Prisoners_females | B61: Framework-supplied default | C61: Number | E61: 0 | F61: OR
A62: ='Population Definitions'!$A$14 -> Prisoners_PWID_males | B62: Framework-supplied default | C62: Number | E62: 0 | F62: OR
A63: ='Population Definitions'!$A$15 -> Prisoners_PWID_females | B63: Framework-supplied default | C63: Number | E63: 0 | F63: OR
A65: Liver Fibrosis F1 (Chronic) (vaccinated) | B65: Provenance | C65: Units | D65: Uncertainty | E65: Constant | G65: 2000 | H65: 2001 | I65: 2002 | J65: 2003 | K65: 2004 | L65: 2005 | M65: 2006 | N65: 2007 | O65: 2008 | P65: 2009 | Q65: 2010 | R65: 2011 | S65: 2012 | T65: 2013 | U65: 2014 | V65: 2015 | W65: 2016 | X65: 2017 | Y65: 2018 | Z65: 2019 | AA65: 2020 | AB65: 2021 | AC65: 2022 | AD65: 2023 | AE65: 2024 | AF65: 2025 | AG65: 2026 | AH65: 2027 | AI65: 2028 | AJ65: 2029 | AK65: 2030 | AL65: 2031 | AM65: 2032 | AN65: 2033 | AO65: 2034 | AP65: 2035 | AQ65: 2036 | AR65: 2037 | AS65: 2038 | AT65: 2039 | AU65: 2040 | AV65: 2041 | AW65: 2042 | AX65: 2043 | AY65: 2044 | AZ65: 2045 | BA65: 2046 | BB65: 2047 | BC65: 2048 | BD65: 2049 | BE65: 2050
A66: ='Population Definitions'!$A$2 -> PWID_males | B66: Framework-supplied default | C66: Number | E66: 0 | F66: OR
A67: ='Population Definitions'!$A$3 -> PWID_females | B67: Framework-supplied default | C67: Number | E67: 0 | F67: OR
A68: ='Population Definitions'!$A$4 -> 0-9_males | B68: Framework-supplied default | C68: Number | E68: 0 | F68: OR
A69: ='Population Definitions'!$A$5 -> 0-9_females | B69: Framework-supplied default | C69: Number | E69: 0 | F69: OR
A70: ='Population Definitions'!$A$6 -> 10-17_males | B70: Framework-supplied default | C70: Number | E70: 0 | F70: OR
A71: ='Population Definitions'!$A$7 -> 10-17_females | B71: Framework-supplied default | C71: Number | E71: 0 | F71: OR
A72: ='Population Definitions'!$A$8 -> 18-64_males | B72: Framework-supplied default | C72: Number | E72: 0 | F72: OR
A73: ='Population Definitions'!$A$9 -> 18-64_females | B73: Framework-supplied default | C73: Number | E73: 0 | F73: OR
A74: ='Population Definitions'!$A$10 -> 65+_males | B74: Framework-supplied default | C74: Number | E74: 0 | F74: OR
A75: ='Population Definitions'!$A$11 -> 65+_females | B75: Framework-supplied default | C75: Number | E75: 0 | F75: OR
A76: ='Population Definitions'!$A$12 -> Prisoners_males | B76: Framework-supplied default | C76: Number | E76: 0 | F76: OR
A77: ='Population Definitions'!$A$13 -> Prisoners_females | B77: Framework-supplied default | C77: Number | E77: 0 | F77: OR
A78: ='Population Definitions'!$A$14 -> Prisoners_PWID_males | B78: Framework-supplied default | C78: Number | E78: 0 | F78: OR
A79: ='Population Definitions'!$A$15 -> Prisoners_PWID_females | B79: Framework-supplied default | C79: Number | E79: 0 | F79: OR
A81: Liver Fibrosis F2 (Chronic) (vaccinated) | B81: Provenance | C81: Units | D81: Uncertainty | E81: Constant | G81: 2000 | H81: 2001 | I81: 2002 | J81: 2003 | K81: 2004 | L81: 2005 | M81: 2006 | N81: 2007 | O81: 2008 | P81: 2009 | Q81: 2010 | R81: 2011 | S81: 2012 | T81: 2013 | U81: 2014 | V81: 2015 | W81: 2016 | X81: 2017 | Y81: 2018 | Z81: 2019 | AA81: 2020 | AB81: 2021 | AC81: 2022 | AD81: 2023 | AE81: 2024 | AF81: 2025 | AG81: 2026 | AH81: 2027 | AI81: 2028 | AJ81: 2029 | AK81: 2030 | AL81: 2031 | AM81: 2032 | AN81: 2033 | AO81: 2034 | AP81: 2035 | AQ81: 2036 | AR81: 2037 | AS81: 2038 | AT81: 2039 | AU81: 2040 | AV81: 2041 | AW81: 2042 | AX81: 2043 | AY81: 2044 | AZ81: 2045 | BA81: 2046 | BB81: 2047 | BC81: 2048 | BD81: 2049 | BE81: 2050
A82: ='Population Definitions'!$A$2 -> PWID_males | B82: Framework-supplied default | C82: Number | E82: 0 | F82: OR
A83: ='Population Definitions'!$A$3 -> PWID_females | B83: Framework-supplied default | C83: Number | E83: 0 | F83: OR
A84: ='Population Definitions'!$A$4 -> 0-9_males | B84: Framework-supplied default | C84: Number | E84: 0 | F84: OR
A85: ='Population Definitions'!$A$5 -> 0-9_females | B85: Framework-supplied default | C85: Number | E85: 0 | F85: OR
A86: ='Population Definitions'!$A$6 -> 10-17_males | B86: Framework-supplied default | C86: Number | E86: 0 | F86: OR
A87: ='Population Definitions'!$A$7 -> 10-17_females | B87: Framework-supplied default | C87: Number | E87: 0 | F87: OR
A88: ='Population Definitions'!$A$8 -> 18-64_males | B88: Framework-supplied default | C88: Number | E88: 0 | F88: OR
A89: ='Population Definitions'!$A$9 -> 18-64_females | B89: Framework-supplied default | C89: Number | E89: 0 | F89: OR
A90: ='Population Definitions'!$A$10 -> 65+_males | B90: Framework-supplied default | C90: Number | E90: 0 | F90: OR
A91: ='Population Definitions'!$A$11 -> 65+_females | B91: Framework-supplied default | C91: Number | E91: 0 | F91: OR
A92: ='Population Definitions'!$A$12 -> Prisoners_males | B92: Framework-supplied default | C92: Number | E92: 0 | F92: OR
A93: ='Population Definitions'!$A$13 -> Prisoners_females | B93: Framework-supplied default | C93: Number | E93: 0 | F93: OR
A94: ='Population Definitions'!$A$14 -> Prisoners_PWID_males | B94: Framework-supplied default | C94: Number | E94: 0 | F94: OR
A95: ='Population Definitions'!$A$15 -> Prisoners_PWID_females | B95: Framework-supplied default | C95: Number | E95: 0 | F95: OR
A97: Liver Fibrosis F0-2 (Chronic) (vaccinated) | B97: Provenance | C97: Units | D97: Uncertainty | E97: Constant | G97: 2000 | H97: 2001 | I97: 2002 | J97: 2003 | K97: 2004 | L97: 2005 | M97: 2006 | N97: 2007 | O97: 2008 | P97: 2009 | Q97: 2010 | R97: 2011 | S97: 2012 | T97: 2013 | U97: 2014 | V97: 2015 | W97: 2016 | X97: 2017 | Y97: 2018 | Z97: 2019 | AA97: 2020 | AB97: 2021 | AC97: 2022 | AD97: 2023 | AE97: 2024 | AF97: 2025 | AG97: 2026 | AH97: 2027 | AI97: 2028 | AJ97: 2029 | AK97: 2030 | AL97: 2031 | AM97: 2032 | AN97: 2033 | AO97: 2034 | AP97: 2035 | AQ97: 2036 | AR97: 2037 | AS97: 2038 | AT97: 2039 | AU97: 2040 | AV97: 2041 | AW97: 2042 | AX97: 2043 | AY97: 2044 | AZ97: 2045 | BA97: 2046 | BB97: 2047 | BC97: 2048 | BD97: 2049 | BE97: 2050
A98: ='Population Definitions'!$A$2 -> PWID_males | B98: Framework-supplied default | C98: Number | E98: 0 | F98: OR
A99: ='Population Definitions'!$A$3 -> PWID_females | B99: Framework-supplied default | C99: Number | E99: 0 | F99: OR
A100: ='Population Definitions'!$A$4 -> 0-9_males | B100: Framework-supplied default | C100: Number | E100: 0 | F100: OR
A101: ='Population Definitions'!$A$5 -> 0-9_females | B101: Framework-supplied default | C101: Number | E101: 0 | F101: OR
A102: ='Population Definitions'!$A$6 -> 10-17_males | B102: Framework-supplied default | C102: Number | E102: 0 | F102: OR
A103: ='Population Definitions'!$A$7 -> 10-17_females | B103: Framework-supplied default | C103: Number | E103: 0 | F103: OR
A104: ='Population Definitions'!$A$8 -> 18-64_males | B104: Framework-supplied default | C104: Number | E104: 0 | F104: OR
A105: ='Population Definitions'!$A$9 -> 18-64_females | B105: Framework-supplied default | C105: Number | E105: 0 | F105: OR
A106: ='Population Definitions'!$A$10 -> 65+_males | B106: Framework-supplied default | C106: Number | E106: 0 | F106: OR
...

Sheet Care Cascade

Sheet Other intermediate pars
A1: Multiplier for progression rates (intermediate step for calibration) | B1: Provenance | C1: Units | D1: Uncertainty | E1: Constant | G1: 2000 | H1: 2001 | I1: 2002 | J1: 2003 | K1: 2004 | L1: 2005 | M1: 2006 | N1: 2007 | O1: 2008 | P1: 2009 | Q1: 2010 | R1: 2011 | S1: 2012 | T1: 2013 | U1: 2014 | V1: 2015 | W1: 2016 | X1: 2017 | Y1: 2018 | Z1: 2019 | AA1: 2020 | AB1: 2021 | AC1: 2022 | AD1: 2023 | AE1: 2024 | AF1: 2025 | AG1: 2026 | AH1: 2027 | AI1: 2028 | AJ1: 2029 | AK1: 2030 | AL1: 2031 | AM1: 2032 | AN1: 2033 | AO1: 2034 | AP1: 2035 | AQ1: 2036 | AR1: 2037 | AS1: 2038 | AT1: 2039 | AU1: 2040 | AV1: 2041 | AW1: 2042 | AX1: 2043 | AY1: 2044 | AZ1: 2045 | BA1: 2046 | BB1: 2047 | BC1: 2048 | BD1: 2049 | BE1: 2050
A2: ='Population Definitions'!$A$2 -> PWID_males | B2: Framework-supplied default | C2: N.A. | E2: 1 | F2: OR
A3: ='Population Definitions'!$A$3 -> PWID_females | B3: Framework-supplied default | C3: N.A. | E3: 1 | F3: OR
A4: ='Population Definitions'!$A$4 -> 0-9_males | B4: Framework-supplied default | C4: N.A. | E4: 1 | F4: OR
A5: ='Population Definitions'!$A$5 -> 0-9_females | B5: Framework-supplied default | C5: N.A. | E5: 1 | F5: OR
A6: ='Population Definitions'!$A$6 -> 10-17_males | B6: Framework-supplied default | C6: N.A. | E6: 1 | F6: OR
A7: ='Population Definitions'!$A$7 -> 10-17_females | B7: Framework-supplied default | C7: N.A. | E7: 1 | F7: OR
A8: ='Population Definitions'!$A$8 -> 18-64_males | B8: Framework-supplied default | C8: N.A. | E8: 1 | F8: OR
A9: ='Population Definitions'!$A$9 -> 18-64_females | B9: Framework-supplied default | C9: N.A. | E9: 1 | F9: OR
A10: ='Population Definitions'!$A$10 -> 65+_males | B10: Framework-supplied default | C10: N.A. | E10: 1 | F10: OR
A11: ='Population Definitions'!$A$11 -> 65+_females | B11: Framework-supplied default | C11: N.A. | E11: 1 | F11: OR
A12: ='Population Definitions'!$A$12 -> Prisoners_males | B12: Framework-supplied default | C12: N.A. | E12: 1 | F12: OR
A13: ='Population Definitions'!$A$13 -> Prisoners_females | B13: Framework-supplied default | C13: N.A. | E13: 1 | F13: OR
A14: ='Population Definitions'!$A$14 -> Prisoners_PWID_males | B14: Framework-supplied default | C14: N.A. | E14: 1 | F14: OR
A15: ='Population Definitions'!$A$15 -> Prisoners_PWID_females | B15: Framework-supplied default | C15: N.A. | E15: 1 | F15: OR
A17: Multiplier for death rates (intermediate step for calibration) | B17: Provenance | C17: Units | D17: Uncertainty | E17: Constant | G17: 2000 | H17: 2001 | I17: 2002 | J17: 2003 | K17: 2004 | L17: 2005 | M17: 2006 | N17: 2007 | O17: 2008 | P17: 2009 | Q17: 2010 | R17: 2011 | S17: 2012 | T17: 2013 | U17: 2014 | V17: 2015 | W17: 2016 | X17: 2017 | Y17: 2018 | Z17: 2019 | AA17: 2020 | AB17: 2021 | AC17: 2022 | AD17: 2023 | AE17: 2024 | AF17: 2025 | AG17: 2026 | AH17: 2027 | AI17: 2028 | AJ17: 2029 | AK17: 2030 | AL17: 2031 | AM17: 2032 | AN17: 2033 | AO17: 2034 | AP17: 2035 | AQ17: 2036 | AR17: 2037 | AS17: 2038 | AT17: 2039 | AU17: 2040 | AV17: 2041 | AW17: 2042 | AX17: 2043 | AY17: 2044 | AZ17: 2045 | BA17: 2046 | BB17: 2047 | BC17: 2048 | BD17: 2049 | BE17: 2050
A18: ='Population Definitions'!$A$2 -> PWID_males | B18: Framework-supplied default | C18: N.A. | E18: 1 | F18: OR
A19: ='Population Definitions'!$A$3 -> PWID_females | B19: Framework-supplied default | C19: N.A. | E19: 1 | F19: OR
A20: ='Population Definitions'!$A$4 -> 0-9_males | B20: Framework-supplied default | C20: N.A. | E20: 1 | F20: OR
A21: ='Population Definitions'!$A$5 -> 0-9_females | B21: Framework-supplied default | C21: N.A. | E21: 1 | F21: OR
A22: ='Population Definitions'!$A$6 -> 10-17_males | B22: Framework-supplied default | C22: N.A. | E22: 1 | F22: OR
A23: ='Population Definitions'!$A$7 -> 10-17_females | B23: Framework-supplied default | C23: N.A. | E23: 1 | F23: OR
A24: ='Population Definitions'!$A$8 -> 18-64_males | B24: Framework-supplied default | C24: N.A. | E24: 1 | F24: OR
A25: ='Population Definitions'!$A$9 -> 18-64_females | B25: Framework-supplied default | C25: N.A. | E25: 1 | F25: OR
A26: ='Population Definitions'!$A$10 -> 65+_males | B26: Framework-supplied default | C26: N.A. | E26: 1 | F26: OR
A27: ='Population Definitions'!$A$11 -> 65+_females | B27: Framework-supplied default | C27: N.A. | E27: 1 | F27: OR
A28: ='Population Definitions'!$A$12 -> Prisoners_males | B28: Framework-supplied default | C28: N.A. | E28: 1 | F28: OR
A29: ='Population Definitions'!$A$13 -> Prisoners_females | B29: Framework-supplied default | C29: N.A. | E29: 1 | F29: OR
A30: ='Population Definitions'!$A$14 -> Prisoners_PWID_males | B30: Framework-supplied default | C30: N.A. | E30: 1 | F30: OR
A31: ='Population Definitions'!$A$15 -> Prisoners_PWID_females | B31: Framework-supplied default | C31: N.A. | E31: 1 | F31: OR
A33: Testing rate multiplier non-PWID (intermediate calculation/calibration step) | B33: Provenance | C33: Units | D33: Uncertainty | E33: Constant | G33: 2000 | H33: 2001 | I33: 2002 | J33: 2003 | K33: 2004 | L33: 2005 | M33: 2006 | N33: 2007 | O33: 2008 | P33: 2009 | Q33: 2010 | R33: 2011 | S33: 2012 | T33: 2013 | U33: 2014 | V33: 2015 | W33: 2016 | X33: 2017 | Y33: 2018 | Z33: 2019 | AA33: 2020 | AB33: 2021 | AC33: 2022 | AD33: 2023 | AE33: 2024 | AF33: 2025 | AG33: 2026 | AH33: 2027 | AI33: 2028 | AJ33: 2029 | AK33: 2030 | AL33: 2031 | AM33: 2032 | AN33: 2033 | AO33: 2034 | AP33: 2035 | AQ33: 2036 | AR33: 2037 | AS33: 2038 | AT33: 2039 | AU33: 2040 | AV33: 2041 | AW33: 2042 | AX33: 2043 | AY33: 2044 | AZ33: 2045 | BA33: 2046 | BB33: 2047 | BC33: 2048 | BD33: 2049 | BE33: 2050
A34: ='Population Definitions'!$A$2 -> PWID_males | C34: N.A. | E34: 0 | F34: OR
A35: ='Population Definitions'!$A$3 -> PWID_females | C35: N.A. | E35: 0 | F35: OR
A36: ='Population Definitions'!$A$4 -> 0-9_males | C36: N.A. | E36: 1 | F36: OR
A37: ='Population Definitions'!$A$5 -> 0-9_females | C37: N.A. | E37: 1 | F37: OR
A38: ='Population Definitions'!$A$6 -> 10-17_males | C38: N.A. | E38: 1 | F38: OR
A39: ='Population Definitions'!$A$7 -> 10-17_females | C39: N.A. | E39: 1 | F39: OR
A40: ='Population Definitions'!$A$8 -> 18-64_males | C40: N.A. | E40: 1 | F40: OR
A41: ='Population Definitions'!$A$9 -> 18-64_females | C41: N.A. | E41: 1 | F41: OR
A42: ='Population Definitions'!$A$10 -> 65+_males | C42: N.A. | E42: 1 | F42: OR
A43: ='Population Definitions'!$A$11 -> 65+_females | C43: N.A. | E43: 1 | F43: OR
A44: ='Population Definitions'!$A$12 -> Prisoners_males | C44: N.A. | E44: 0 | F44: OR
A45: ='Population Definitions'!$A$13 -> Prisoners_females | C45: N.A. | E45: 0 | F45: OR
A46: ='Population Definitions'!$A$14 -> Prisoners_PWID_males | C46: N.A. | E46: 0 | F46: OR
A47: ='Population Definitions'!$A$15 -> Prisoners_PWID_females | C47: N.A. | E47: 0 | F47: OR
A49: Separate test multiplier for PWID and Prisoners (no need to calibrate it) | B49: Provenance | C49: Units | D49: Uncertainty | E49: Constant | G49: 2000 | H49: 2001 | I49: 2002 | J49: 2003 | K49: 2004 | L49: 2005 | M49: 2006 | N49: 2007 | O49: 2008 | P49: 2009 | Q49: 2010 | R49: 2011 | S49: 2012 | T49: 2013 | U49: 2014 | V49: 2015 | W49: 2016 | X49: 2017 | Y49: 2018 | Z49: 2019 | AA49: 2020 | AB49: 2021 | AC49: 2022 | AD49: 2023 | AE49: 2024 | AF49: 2025 | AG49: 2026 | AH49: 2027 | AI49: 2028 | AJ49: 2029 | AK49: 2030 | AL49: 2031 | AM49: 2032 | AN49: 2033 | AO49: 2034 | AP49: 2035 | AQ49: 2036 | AR49: 2037 | AS49: 2038 | AT49: 2039 | AU49: 2040 | AV49: 2041 | AW49: 2042 | AX49: 2043 | AY49: 2044 | AZ49: 2045 | BA49: 2046 | BB49: 2047 | BC49: 2048 | BD49: 2049 | BE49: 2050
A50: ='Population Definitions'!$A$2 -> PWID_males | C50: N.A. | E50: 1 | F50: OR
A51: ='Population Definitions'!$A$3 -> PWID_females | C51: N.A. | E51: 1 | F51: OR
A52: ='Population Definitions'!$A$4 -> 0-9_males | C52: N.A. | E52: 0 | F52: OR
A53: ='Population Definitions'!$A$5 -> 0-9_females | C53: N.A. | E53: 0 | F53: OR
A54: ='Population Definitions'!$A$6 -> 10-17_males | C54: N.A. | E54: 0 | F54: OR
A55: ='Population Definitions'!$A$7 -> 10-17_females | C55: N.A. | E55: 0 | F55: OR
A56: ='Population Definitions'!$A$8 -> 18-64_males | C56: N.A. | E56: 0 | F56: OR
A57: ='Population Definitions'!$A$9 -> 18-64_females | C57: N.A. | E57: 0 | F57: OR
A58: ='Population Definitions'!$A$10 -> 65+_males | C58: N.A. | E58: 0 | F58: OR
A59: ='Population Definitions'!$A$11 -> 65+_females | C59: N.A. | E59: 0 | F59: OR
A60: ='Population Definitions'!$A$12 -> Prisoners_males | C60: N.A. | E60: 1 | F60: OR
A61: ='Population Definitions'!$A$13 -> Prisoners_females | C61: N.A. | E61: 1 | F61: OR
A62: ='Population Definitions'!$A$14 -> Prisoners_PWID_males | C62: N.A. | E62: 1 | F62: OR
A63: ='Population Definitions'!$A$15 -> Prisoners_PWID_females | C63: N.A. | E63: 1 | F63: OR
A65: Number of treatments per population group (intermediate calculation step) | B65: Provenance | C65: Units | D65: Uncertainty | E65: Constant | G65: 2000 | H65: 2001 | I65: 2002 | J65: 2003 | K65: 2004 | L65: 2005 | M65: 2006 | N65: 2007 | O65: 2008 | P65: 2009 | Q65: 2010 | R65: 2011 | S65: 2012 | T65: 2013 | U65: 2014 | V65: 2015 | W65: 2016 | X65: 2017 | Y65: 2018 | Z65: 2019 | AA65: 2020 | AB65: 2021 | AC65: 2022 | AD65: 2023 | AE65: 2024 | AF65: 2025 | AG65: 2026 | AH65: 2027 | AI65: 2028 | AJ65: 2029 | AK65: 2030 | AL65: 2031 | AM65: 2032 | AN65: 2033 | AO65: 2034 | AP65: 2035 | AQ65: 2036 | AR65: 2037 | AS65: 2038 | AT65: 2039 | AU65: 2040 | AV65: 2041 | AW65: 2042 | AX65: 2043 | AY65: 2044 | AZ65: 2045 | BA65: 2046 | BB65: 2047 | BC65: 2048 | BD65: 2049 | BE65: 2050
A66: ='Population Definitions'!$A$2 -> PWID_males | C66: Number (per year) | D66: 378.12177 | F66: OR | G66: 275698 | U66: 275698 | V66: 827094 | W66: 341733 | X66: 478530 | Y66: 226152 | Z66: 1600000 | AA66: 15000 | AB66: 5000 | AC66: 3000 | AD66: 306
A67: ='Population Definitions'!$A$3 -> PWID_females | C67: Number (per year) | D67: 17.738586 | F67: OR | G67: 275698 | U67: 275698 | V67: 827094 | W67: 341733 | X67: 478530 | Y67: 226152 | Z67: 1600000 | AA67: 15000 | AB67: 5000 | AC67: 3000 | AD67: 306
A68: ='Population Definitions'!$A$4 -> 0-9_males | C68: Number (per year) | D68: 0 | F68: OR | G68: 275698 | U68: 275698 | V68: 827094 | W68: 341733 | X68: 478530 | Y68: 226152 | Z68: 1600000 | AA68: 15000 | AB68: 5000 | AC68: 3000 | AD68: 306
A69: ='Population Definitions'!$A$5 -> 0-9_females | C69: Number (per year) | D69: 0 | F69: OR | G69: 275698 | U69: 275698 | V69: 827094 | W69: 341733 | X69: 478530 | Y69: 226152 | Z69: 1600000 | AA69: 15000 | AB69: 5000 | AC69: 3000 | AD69: 306
A70: ='Population Definitions'!$A$6 -> 10-17_males | C70: Number (per year) | D70: 0 | F70: OR | G70: 275698 | U70: 275698 | V70: 827094 | W70: 341733 | X70: 478530 | Y70: 226152 | Z70: 1600000 | AA70: 15000 | AB70: 5000 | AC70: 3000 | AD70: 306
A71: ='Population Definitions'!$A$7 -> 10-17_females | C71: Number (per year) | D71: 0 | F71: OR | G71: 275698 | U71: 275698 | V71: 827094 | W71: 341733 | X71: 478530 | Y71: 226152 | Z71: 1600000 | AA71: 15000 | AB71: 5000 | AC71: 3000 | AD71: 306
A72: ='Population Definitions'!$A$8 -> 18-64_males | C72: Number (per year) | D72: 25160.678 | F72: OR | G72: 275698 | U72: 275698 | V72: 827094 | W72: 341733 | X72: 478530 | Y72: 226152 | Z72: 1600000 | AA72: 15000 | AB72: 5000 | AC72: 3000 | AD72: 306
A73: ='Population Definitions'!$A$9 -> 18-64_females | C73: Number (per year) | D73: 24433.955 | F73: OR | G73: 275698 | U73: 275698 | V73: 827094 | W73: 341733 | X73: 478530 | Y73: 226152 | Z73: 1600000 | AA73: 15000 | AB73: 5000 | AC73: 3000 | AD73: 306
A74: ='Population Definitions'!$A$10 -> 65+_males | C74: Number (per year) | D74: 1608.0347 | F74: OR | G74: 275698 | U74: 275698 | V74: 827094 | W74: 341733 | X74: 478530 | Y74: 226152 | Z74: 1600000 | AA74: 15000 | AB74: 5000 | AC74: 3000 | AD74: 306
A75: ='Population Definitions'!$A$11 -> 65+_females | C75: Number (per year) | D75: 2218.835 | F75: OR | G75: 275698 | U75: 275698 | V75: 827094 | W75: 341733 | X75: 478530 | Y75: 226152 | Z75: 1600000 | AA75: 15000 | AB75: 5000 | AC75: 3000 | AD75: 306
A76: ='Population Definitions'!$A$12 -> Prisoners_males | C76: Number (per year) | D76: 0 | F76: OR | G76: 275698 | U76: 275698 | V76: 827094 | W76: 341733 | X76: 478530 | Y76: 226152 | Z76: 1600000 | AA76: 15000 | AB76: 5000 | AC76: 3000 | AD76: 306
A77: ='Population Definitions'!$A$13 -> Prisoners_females | C77: Number (per year) | D77: 0 | F77: OR | G77: 275698 | U77: 275698 | V77: 827094 | W77: 341733 | X77: 478530 | Y77: 226152 | Z77: 1600000 | AA77: 15000 | AB77: 5000 | AC77: 3000 | AD77: 306
A78: ='Population Definitions'!$A$14 -> Prisoners_PWID_males | C78: Number (per year) | D78: 0 | F78: OR | G78: 275698 | U78: 275698 | V78: 827094 | W78: 341733 | X78: 478530 | Y78: 226152 | Z78: 1600000 | AA78: 15000 | AB78: 5000 | AC78: 3000 | AD78: 306
A79: ='Population Definitions'!$A$15 -> Prisoners_PWID_females | C79: Number (per year) | D79: 0 | F79: OR | G79: 275698 | U79: 275698 | V79: 827094 | W79: 341733 | X79: 478530 | Y79: 226152 | Z79: 1600000 | AA79: 15000 | AB79: 5000 | AC79: 3000 | AD79: 306
A81: Prevalence (intermediate calibration step) | B81: Provenance | C81: Units | D81: Uncertainty | E81: Constant | G81: 2000 | H81: 2001 | I81: 2002 | J81: 2003 | K81: 2004 | L81: 2005 | M81: 2006 | N81: 2007 | O81: 2008 | P81: 2009 | Q81: 2010 | R81: 2011 | S81: 2012 | T81: 2013 | U81: 2014 | V81: 2015 | W81: 2016 | X81: 2017 | Y81: 2018 | Z81: 2019 | AA81: 2020 | AB81: 2021 | AC81: 2022 | AD81: 2023 | AE81: 2024 | AF81: 2025 | AG81: 2026 | AH81: 2027 | AI81: 2028 | AJ81: 2029 | AK81: 2030 | AL81: 2031 | AM81: 2032 | AN81: 2033 | AO81: 2034 | AP81: 2035 | AQ81: 2036 | AR81: 2037 | AS81: 2038 | AT81: 2039 | AU81: 2040 | AV81: 2041 | AW81: 2042 | AX81: 2043 | AY81: 2044 | AZ81: 2045 | BA81: 2046 | BB81: 2047 | BC81: 2048 | BD81: 2049 | BE81: 2050
A82: ='Population Definitions'!$A$2 -> PWID_males | C82: Number (per year) | F82: OR | G82: 0.3267 | Q82: 0.3267 | V82: 0.371
A83: ='Population Definitions'!$A$3 -> PWID_females | C83: Number (per year) | F83: OR | G83: 0.3267 | Q83: 0.3267 | V83: 0.371
A84: ='Population Definitions'!$A$4 -> 0-9_males | C84: Number (per year) | F84: OR | G84: 0 | Q84: 0
A85: ='Population Definitions'!$A$5 -> 0-9_females | C85: Number (per year) | F85: OR | G85: 0 | Q85: 0
A86: ='Population Definitions'!$A$6 -> 10-17_males | C86: Number (per year) | F86: OR | G86: 0 | Q86: 0
A87: ='Population Definitions'!$A$7 -> 10-17_females | C87: Number (per year) | F87: OR | G87: 0 | Q87: 0
A88: ='Population Definitions'!$A$8 -> 18-64_males | C88: Number (per year) | F88: OR | G88: 0.095602233 | Q88: 0
A89: ='Population Definitions'!$A$9 -> 18-64_females | C89: Number (per year) | F89: OR | G89: 0.095602233 | Q89: 0
A90: ='Population Definitions'!$A$10 -> 65+_males | C90: Number (per year) | F90: OR | G90: 0.095602233 | Q90: 0
A91: ='Population Definitions'!$A$11 -> 65+_females | C91: Number (per year) | F91: OR | G91: 0.095602233 | Q91: 0
A92: ='Population Definitions'!$A$12 -> Prisoners_males | C92: Number (per year) | F92: OR | G92: 0.095602233 | Q92: 0
A93: ='Population Definitions'!$A$13 -> Prisoners_females | C93: Number (per year) | F93: OR | G93: 0.095602233 | Q93: 0
A94: ='Population Definitions'!$A$14 -> Prisoners_PWID_males | C94: Number (per year) | F94: OR | G94: 0.371 | Q94: 0.371
A95: ='Population Definitions'!$A$15 -> Prisoners_PWID_females | C95: Number (per year) | F95: OR | G95: 0.371 | Q95: 0.371

Sheet Vaccine parameters
A1: Vaccine: vaccination uptake | B1: Provenance | C1: Units | D1: Uncertainty | E1: Constant | G1: 2000 | H1: 2001 | I1: 2002 | J1: 2003 | K1: 2004 | L1: 2005 | M1: 2006 | N1: 2007 | O1: 2008 | P1: 2009 | Q1: 2010 | R1: 2011 | S1: 2012 | T1: 2013 | U1: 2014 | V1: 2015 | W1: 2016 | X1: 2017 | Y1: 2018 | Z1: 2019 | AA1: 2020 | AB1: 2021 | AC1: 2022 | AD1: 2023 | AE1: 2024 | AF1: 2025 | AG1: 2026 | AH1: 2027 | AI1: 2028 | AJ1: 2029 | AK1: 2030 | AL1: 2031 | AM1: 2032 | AN1: 2033 | AO1: 2034 | AP1: 2035 | AQ1: 2036 | AR1: 2037 | AS1: 2038 | AT1: 2039 | AU1: 2040 | AV1: 2041 | AW1: 2042 | AX1: 2043 | AY1: 2044 | AZ1: 2045 | BA1: 2046 | BB1: 2047 | BC1: 2048 | BD1: 2049 | BE1: 2050
A2: ='Population Definitions'!$A$2 -> PWID_males | B2: Framework-supplied default | C2: Probability (per year) | E2: 0 | F2: OR
A3: ='Population Definitions'!$A$3 -> PWID_females | B3: Framework-supplied default | C3: Probability (per year) | E3: 0 | F3: OR
A4: ='Population Definitions'!$A$4 -> 0-9_males | B4: Framework-supplied default | C4: Probability (per year) | E4: 0 | F4: OR
A5: ='Population Definitions'!$A$5 -> 0-9_females | B5: Framework-supplied default | C5: Probability (per year) | E5: 0 | F5: OR
A6: ='Population Definitions'!$A$6 -> 10-17_males | B6: Framework-supplied default | C6: Probability (per year) | E6: 0 | F6: OR
A7: ='Population Definitions'!$A$7 -> 10-17_females | B7: Framework-supplied default | C7: Probability (per year) | E7: 0 | F7: OR
A8: ='Population Definitions'!$A$8 -> 18-64_males | B8: Framework-supplied default | C8: Probability (per year) | E8: 0 | F8: OR
A9: ='Population Definitions'!$A$9 -> 18-64_females | B9: Framework-supplied default | C9: Probability (per year) | E9: 0 | F9: OR
A10: ='Population Definitions'!$A$10 -> 65+_males | B10: Framework-supplied default | C10: Probability (per year) | E10: 0 | F10: OR
A11: ='Population Definitions'!$A$11 -> 65+_females | B11: Framework-supplied default | C11: Probability (per year) | E11: 0 | F11: OR
A12: ='Population Definitions'!$A$12 -> Prisoners_males | B12: Framework-supplied default | C12: Probability (per year) | E12: 0 | F12: OR
A13: ='Population Definitions'!$A$13 -> Prisoners_females | B13: Framework-supplied default | C13: Probability (per year) | E13: 0 | F13: OR
A14: ='Population Definitions'!$A$14 -> Prisoners_PWID_males | B14: Framework-supplied default | C14: Probability (per year) | E14: 0 | F14: OR
A15: ='Population Definitions'!$A$15 -> Prisoners_PWID_females | B15: Framework-supplied default | C15: Probability (per year) | E15: 0 | F15: OR
A17: Vaccine: duration for waning effectiveness | B17: Provenance | C17: Units | D17: Uncertainty | E17: Constant | G17: 2000 | H17: 2001 | I17: 2002 | J17: 2003 | K17: 2004 | L17: 2005 | M17: 2006 | N17: 2007 | O17: 2008 | P17: 2009 | Q17: 2010 | R17: 2011 | S17: 2012 | T17: 2013 | U17: 2014 | V17: 2015 | W17: 2016 | X17: 2017 | Y17: 2018 | Z17: 2019 | AA17: 2020 | AB17: 2021 | AC17: 2022 | AD17: 2023 | AE17: 2024 | AF17: 2025 | AG17: 2026 | AH17: 2027 | AI17: 2028 | AJ17: 2029 | AK17: 2030 | AL17: 2031 | AM17: 2032 | AN17: 2033 | AO17: 2034 | AP17: 2035 | AQ17: 2036 | AR17: 2037 | AS17: 2038 | AT17: 2039 | AU17: 2040 | AV17: 2041 | AW17: 2042 | AX17: 2043 | AY17: 2044 | AZ17: 2045 | BA17: 2046 | BB17: 2047 | BC17: 2048 | BD17: 2049 | BE17: 2050
A18: ='Population Definitions'!$A$2 -> PWID_males | B18: Framework-supplied default | C18: Duration (years) | E18: 5 | F18: OR
A19: ='Population Definitions'!$A$3 -> PWID_females | B19: Framework-supplied default | C19: Duration (years) | E19: 5 | F19: OR
A20: ='Population Definitions'!$A$4 -> 0-9_males | B20: Framework-supplied default | C20: Duration (years) | E20: 5 | F20: OR
A21: ='Population Definitions'!$A$5 -> 0-9_females | B21: Framework-supplied default | C21: Duration (years) | E21: 5 | F21: OR
A22: ='Population Definitions'!$A$6 -> 10-17_males | B22: Framework-supplied default | C22: Duration (years) | E22: 5 | F22: OR
A23: ='Population Definitions'!$A$7 -> 10-17_females | B23: Framework-supplied default | C23: Duration (years) | E23: 5 | F23: OR
A24: ='Population Definitions'!$A$8 -> 18-64_males | B24: Framework-supplied default | C24: Duration (years) | E24: 5 | F24: OR
A25: ='Population Definitions'!$A$9 -> 18-64_females | B25: Framework-supplied default | C25: Duration (years) | E25: 5 | F25: OR
A26: ='Population Definitions'!$A$10 -> 65+_males | B26: Framework-supplied default | C26: Duration (years) | E26: 5 | F26: OR
A27: ='Population Definitions'!$A$11 -> 65+_females | B27: Framework-supplied default | C27: Duration (years) | E27: 5 | F27: OR
A28: ='Population Definitions'!$A$12 -> Prisoners_males | B28: Framework-supplied default | C28: Duration (years) | E28: 5 | F28: OR
A29: ='Population Definitions'!$A$13 -> Prisoners_females | B29: Framework-supplied default | C29: Duration (years) | E29: 5 | F29: OR
A30: ='Population Definitions'!$A$14 -> Prisoners_PWID_males | B30: Framework-supplied default | C30: Duration (years) | E30: 5 | F30: OR
A31: ='Population Definitions'!$A$15 -> Prisoners_PWID_females | B31: Framework-supplied default | C31: Duration (years) | E31: 5 | F31: OR
A33: Vaccine: proportion of initial HCV infections spontaneously clearing | B33: Provenance | C33: Units | D33: Uncertainty | E33: Constant | G33: 2000 | H33: 2001 | I33: 2002 | J33: 2003 | K33: 2004 | L33: 2005 | M33: 2006 | N33: 2007 | O33: 2008 | P33: 2009 | Q33: 2010 | R33: 2011 | S33: 2012 | T33: 2013 | U33: 2014 | V33: 2015 | W33: 2016 | X33: 2017 | Y33: 2018 | Z33: 2019 | AA33: 2020 | AB33: 2021 | AC33: 2022 | AD33: 2023 | AE33: 2024 | AF33: 2025 | AG33: 2026 | AH33: 2027 | AI33: 2028 | AJ33: 2029 | AK33: 2030 | AL33: 2031 | AM33: 2032 | AN33: 2033 | AO33: 2034 | AP33: 2035 | AQ33: 2036 | AR33: 2037 | AS33: 2038 | AT33: 2039 | AU33: 2040 | AV33: 2041 | AW33: 2042 | AX33: 2043 | AY33: 2044 | AZ33: 2045 | BA33: 2046 | BB33: 2047 | BC33: 2048 | BD33: 2049 | BE33: 2050
A34: ='Population Definitions'!$A$2 -> PWID_males | B34: Framework-supplied default | C34: Proportion | E34: 0.8 | F34: OR
A35: ='Population Definitions'!$A$3 -> PWID_females | B35: Framework-supplied default | C35: Proportion | E35: 0.8 | F35: OR
A36: ='Population Definitions'!$A$4 -> 0-9_males | B36: Framework-supplied default | C36: Proportion | E36: 0.8 | F36: OR
A37: ='Population Definitions'!$A$5 -> 0-9_females | B37: Framework-supplied default | C37: Proportion | E37: 0.8 | F37: OR
A38: ='Population Definitions'!$A$6 -> 10-17_males | B38: Framework-supplied default | C38: Proportion | E38: 0.8 | F38: OR
A39: ='Population Definitions'!$A$7 -> 10-17_females | B39: Framework-supplied default | C39: Proportion | E39: 0.8 | F39: OR
A40: ='Population Definitions'!$A$8 -> 18-64_males | B40: Framework-supplied default | C40: Proportion | E40: 0.8 | F40: OR
A41: ='Population Definitions'!$A$9 -> 18-64_females | B41: Framework-supplied default | C41: Proportion | E41: 0.8 | F41: OR
A42: ='Population Definitions'!$A$10 -> 65+_males | B42: Framework-supplied default | C42: Proportion | E42: 0.8 | F42: OR
A43: ='Population Definitions'!$A$11 -> 65+_females | B43: Framework-supplied default | C43: Proportion | E43: 0.8 | F43: OR
A44: ='Population Definitions'!$A$12 -> Prisoners_males | B44: Framework-supplied default | C44: Proportion | E44: 0.8 | F44: OR
A45: ='Population Definitions'!$A$13 -> Prisoners_females | B45: Framework-supplied default | C45: Proportion | E45: 0.8 | F45: OR
A46: ='Population Definitions'!$A$14 -> Prisoners_PWID_males | B46: Framework-supplied default | C46: Proportion | E46: 0.8 | F46: OR
A47: ='Population Definitions'!$A$15 -> Prisoners_PWID_females | B47: Framework-supplied default | C47: Proportion | E47: 0.8 | F47: OR
A49: Vaccine: proportion of HCV infections spontaneously clearing | B49: Provenance | C49: Units | D49: Uncertainty | E49: Constant | G49: 2000 | H49: 2001 | I49: 2002 | J49: 2003 | K49: 2004 | L49: 2005 | M49: 2006 | N49: 2007 | O49: 2008 | P49: 2009 | Q49: 2010 | R49: 2011 | S49: 2012 | T49: 2013 | U49: 2014 | V49: 2015 | W49: 2016 | X49: 2017 | Y49: 2018 | Z49: 2019 | AA49: 2020 | AB49: 2021 | AC49: 2022 | AD49: 2023 | AE49: 2024 | AF49: 2025 | AG49: 2026 | AH49: 2027 | AI49: 2028 | AJ49: 2029 | AK49: 2030 | AL49: 2031 | AM49: 2032 | AN49: 2033 | AO49: 2034 | AP49: 2035 | AQ49: 2036 | AR49: 2037 | AS49: 2038 | AT49: 2039 | AU49: 2040 | AV49: 2041 | AW49: 2042 | AX49: 2043 | AY49: 2044 | AZ49: 2045 | BA49: 2046 | BB49: 2047 | BC49: 2048 | BD49: 2049 | BE49: 2050
A50: ='Population Definitions'!$A$2 -> PWID_males | B50: Framework-supplied default | C50: Proportion | E50: 0.8 | F50: OR
A51: ='Population Definitions'!$A$3 -> PWID_females | B51: Framework-supplied default | C51: Proportion | E51: 0.8 | F51: OR
A52: ='Population Definitions'!$A$4 -> 0-9_males | B52: Framework-supplied default | C52: Proportion | E52: 0.8 | F52: OR
A53: ='Population Definitions'!$A$5 -> 0-9_females | B53: Framework-supplied default | C53: Proportion | E53: 0.8 | F53: OR
A54: ='Population Definitions'!$A$6 -> 10-17_males | B54: Framework-supplied default | C54: Proportion | E54: 0.8 | F54: OR
A55: ='Population Definitions'!$A$7 -> 10-17_females | B55: Framework-supplied default | C55: Proportion | E55: 0.8 | F55: OR
A56: ='Population Definitions'!$A$8 -> 18-64_males | B56: Framework-supplied default | C56: Proportion | E56: 0.8 | F56: OR
A57: ='Population Definitions'!$A$9 -> 18-64_females | B57: Framework-supplied default | C57: Proportion | E57: 0.8 | F57: OR
A58: ='Population Definitions'!$A$10 -> 65+_males | B58: Framework-supplied default | C58: Proportion | E58: 0.8 | F58: OR
A59: ='Population Definitions'!$A$11 -> 65+_females | B59: Framework-supplied default | C59: Proportion | E59: 0.8 | F59: OR
A60: ='Population Definitions'!$A$12 -> Prisoners_males | B60: Framework-supplied default | C60: Proportion | E60: 0.8 | F60: OR
A61: ='Population Definitions'!$A$13 -> Prisoners_females | B61: Framework-supplied default | C61: Proportion | E61: 0.8 | F61: OR
A62: ='Population Definitions'!$A$14 -> Prisoners_PWID_males | B62: Framework-supplied default | C62: Proportion | E62: 0.8 | F62: OR
A63: ='Population Definitions'!$A$15 -> Prisoners_PWID_females | B63: Framework-supplied default | C63: Proportion | E63: 0.8 | F63: OR
A65: Vaccine: duration for spontaneous viral clearance | B65: Provenance | C65: Units | D65: Uncertainty | E65: Constant | G65: 2000 | H65: 2001 | I65: 2002 | J65: 2003 | K65: 2004 | L65: 2005 | M65: 2006 | N65: 2007 | O65: 2008 | P65: 2009 | Q65: 2010 | R65: 2011 | S65: 2012 | T65: 2013 | U65: 2014 | V65: 2015 | W65: 2016 | X65: 2017 | Y65: 2018 | Z65: 2019 | AA65: 2020 | AB65: 2021 | AC65: 2022 | AD65: 2023 | AE65: 2024 | AF65: 2025 | AG65: 2026 | AH65: 2027 | AI65: 2028 | AJ65: 2029 | AK65: 2030 | AL65: 2031 | AM65: 2032 | AN65: 2033 | AO65: 2034 | AP65: 2035 | AQ65: 2036 | AR65: 2037 | AS65: 2038 | AT65: 2039 | AU65: 2040 | AV65: 2041 | AW65: 2042 | AX65: 2043 | AY65: 2044 | AZ65: 2045 | BA65: 2046 | BB65: 2047 | BC65: 2048 | BD65: 2049 | BE65: 2050
A66: ='Population Definitions'!$A$2 -> PWID_males | B66: Framework-supplied default | C66: Duration (years) | E66: 1 | F66: OR
A67: ='Population Definitions'!$A$3 -> PWID_females | B67: Framework-supplied default | C67: Duration (years) | E67: 1 | F67: OR
A68: ='Population Definitions'!$A$4 -> 0-9_males | B68: Framework-supplied default | C68: Duration (years) | E68: 1 | F68: OR
A69: ='Population Definitions'!$A$5 -> 0-9_females | B69: Framework-supplied default | C69: Duration (years) | E69: 1 | F69: OR
A70: ='Population Definitions'!$A$6 -> 10-17_males | B70: Framework-supplied default | C70: Duration (years) | E70: 1 | F70: OR
A71: ='Population Definitions'!$A$7 -> 10-17_females | B71: Framework-supplied default | C71: Duration (years) | E71: 1 | F71: OR
A72: ='Population Definitions'!$A$8 -> 18-64_males | B72: Framework-supplied default | C72: Duration (years) | E72: 1 | F72: OR
A73: ='Population Definitions'!$A$9 -> 18-64_females | B73: Framework-supplied default | C73: Duration (years) | E73: 1 | F73: OR
A74: ='Population Definitions'!$A$10 -> 65+_males | B74: Framework-supplied default | C74: Duration (years) | E74: 1 | F74: OR
A75: ='Population Definitions'!$A$11 -> 65+_females | B75: Framework-supplied default | C75: Duration (years) | E75: 1 | F75: OR
A76: ='Population Definitions'!$A$12 -> Prisoners_males | B76: Framework-supplied default | C76: Duration (years) | E76: 1 | F76: OR
A77: ='Population Definitions'!$A$13 -> Prisoners_females | B77: Framework-supplied default | C77: Duration (years) | E77: 1 | F77: OR
A78: ='Population Definitions'!$A$14 -> Prisoners_PWID_males | B78: Framework-supplied default | C78: Duration (years) | E78: 1 | F78: OR
A79: ='Population Definitions'!$A$15 -> Prisoners_PWID_females | B79: Framework-supplied default | C79: Duration (years) | E79: 1 | F79: OR
A81: Vaccine: FOI multiplier for PWID | B81: Provenance | C81: Units | D81: Uncertainty | E81: Constant | G81: 2000 | H81: 2001 | I81: 2002 | J81: 2003 | K81: 2004 | L81: 2005 | M81: 2006 | N81: 2007 | O81: 2008 | P81: 2009 | Q81: 2010 | R81: 2011 | S81: 2012 | T81: 2013 | U81: 2014 | V81: 2015 | W81: 2016 | X81: 2017 | Y81: 2018 | Z81: 2019 | AA81: 2020 | AB81: 2021 | AC81: 2022 | AD81: 2023 | AE81: 2024 | AF81: 2025 | AG81: 2026 | AH81: 2027 | AI81: 2028 | AJ81: 2029 | AK81: 2030 | AL81: 2031 | AM81: 2032 | AN81: 2033 | AO81: 2034 | AP81: 2035 | AQ81: 2036 | AR81: 2037 | AS81: 2038 | AT81: 2039 | AU81: 2040 | AV81: 2041 | AW81: 2042 | AX81: 2043 | AY81: 2044 | AZ81: 2045 | BA81: 2046 | BB81: 2047 | BC81: 2048 | BD81: 2049 | BE81: 2050
A82: ='Population Definitions'!$A$2 -> PWID_males | B82: Framework-supplied default | C82: N.A. | E82: 1 | F82: OR
A83: ='Population Definitions'!$A$3 -> PWID_females | B83: Framework-supplied default | C83: N.A. | E83: 1 | F83: OR
A84: ='Population Definitions'!$A$4 -> 0-9_males | B84: Framework-supplied default | C84: N.A. | E84: 1 | F84: OR
A85: ='Population Definitions'!$A$5 -> 0-9_females | B85: Framework-supplied default | C85: N.A. | E85: 1 | F85: OR
A86: ='Population Definitions'!$A$6 -> 10-17_males | B86: Framework-supplied default | C86: N.A. | E86: 1 | F86: OR
A87: ='Population Definitions'!$A$7 -> 10-17_females | B87: Framework-supplied default | C87: N.A. | E87: 1 | F87: OR
A88: ='Population Definitions'!$A$8 -> 18-64_males | B88: Framework-supplied default | C88: N.A. | E88: 1 | F88: OR
A89: ='Population Definitions'!$A$9 -> 18-64_females | B89: Framework-supplied default | C89: N.A. | E89: 1 | F89: OR
A90: ='Population Definitions'!$A$10 -> 65+_males | B90: Framework-supplied default | C90: N.A. | E90: 1 | F90: OR
A91: ='Population Definitions'!$A$11 -> 65+_females | B91: Framework-supplied default | C91: N.A. | E91: 1 | F91: OR
A92: ='Population Definitions'!$A$12 -> Prisoners_males | B92: Framework-supplied default | C92: N.A. | E92: 1 | F92: OR
A93: ='Population Definitions'!$A$13 -> Prisoners_females | B93: Framework-supplied default | C93: N.A. | E93: 1 | F93: OR
A94: ='Population Definitions'!$A$14 -> Prisoners_PWID_males | B94: Framework-supplied default | C94: N.A. | E94: 1 | F94: OR
A95: ='Population Definitions'!$A$15 -> Prisoners_PWID_females | B95: Framework-supplied default | C95: N.A. | E95: 1 | F95: OR
A97: Vaccine: FOI multiplier for gPop | B97: Provenance | C97: Units | D97: Uncertainty | E97: Constant | G97: 2000 | H97: 2001 | I97: 2002 | J97: 2003 | K97: 2004 | L97: 2005 | M97: 2006 | N97: 2007 | O97: 2008 | P97: 2009 | Q97: 2010 | R97: 2011 | S97: 2012 | T97: 2013 | U97: 2014 | V97: 2015 | W97: 2016 | X97: 2017 | Y97: 2018 | Z97: 2019 | AA97: 2020 | AB97: 2021 | AC97: 2022 | AD97: 2023 | AE97: 2024 | AF97: 2025 | AG97: 2026 | AH97: 2027 | AI97: 2028 | AJ97: 2029 | AK97: 2030 | AL97: 2031 | AM97: 2032 | AN97: 2033 | AO97: 2034 | AP97: 2035 | AQ97: 2036 | AR97: 2037 | AS97: 2038 | AT97: 2039 | AU97: 2040 | AV97: 2041 | AW97: 2042 | AX97: 2043 | AY97: 2044 | AZ97: 2045 | BA97: 2046 | BB97: 2047 | BC97: 2048 | BD97: 2049 | BE97: 2050
A98: ='Population Definitions'!$A$2 -> PWID_males | B98: Framework-supplied default | C98: N.A. | E98: 1 | F98: OR
A99: ='Population Definitions'!$A$3 -> PWID_females | B99: Framework-supplied default | C99: N.A. | E99: 1 | F99: OR
A100: ='Population Definitions'!$A$4 -> 0-9_males | B100: Framework-supplied default | C100: N.A. | E100: 1 | F100: OR
A101: ='Population Definitions'!$A$5 -> 0-9_females | B101: Framework-supplied default | C101: N.A. | E101: 1 | F101: OR
A102: ='Population Definitions'!$A$6 -> 10-17_males | B102: Framework-supplied default | C102: N.A. | E102: 1 | F102: OR
A103: ='Population Definitions'!$A$7 -> 10-17_females | B103: Framework-supplied default | C103: N.A. | E103: 1 | F103: OR
A104: ='Population Definitions'!$A$8 -> 18-64_males | B104: Framework-supplied default | C104: N.A. | E104: 1 | F104: OR
A105: ='Population Definitions'!$A$9 -> 18-64_females | B105: Framework-supplied default | C105: N.A. | E105: 1 | F105: OR
A106: ='Population Definitions'!$A$10 -> 65+_males | B106: Framework-supplied default | C106: N.A. | E106: 1 | F106: OR
...

Sheet Interactions
A1: Abbreviation | B1: Full Name | C1: From population type | D1: To population type
A2: idu | B2: Injecting Drug Use Transmission | C2: human | D2: human
