Workbook

Sheet interventions
A1: code | B1: label
A2: pwid_vax | B2: PWID – Vaccine coverage matching existing testing
A3: pwid_vax_campaign | B3: PWID – Vaccine + Test & Treat scale-up
A4: prison_vax_campaign | B4: PWID prisoners – Vaccine + Test & Treat scale-up
A5: teen_vax | B5: Adolescents – School-based vaccination
A6: adults_vax | B6: Adults – Catch-up campaign
A7: pwid_counter | B7: Counterfactual scenario for pwid test&treat scale-up
A8: prison_counter | B8: Counterfactual scenario for prison test&treat scale-up
A9: status_quo | B9: Status-quo

Sheet target_pops
A1: code | B1: PWID_males | C1: PWID_females | D1: 0-9_males | E1: 0-9_females | F1: 10-17_males | G1: 10-17_females | H1: 18-64_males | I1: 18-64_females | J1: 65+_males | K1: 65+_females | L1: Prisoners_males | M1: Prisoners_females | N1: Prisoners_PWID_males | O1: Prisoners_PWID_females
A2: =IF(ISBLANK(interventions!A2),"",interventions!A2) -> pwid_vax | B2: y | C2: y
A3: =IF(ISBLANK(interventions!A3),"",interventions!A3) -> pwid_vax_campaign | B3: y | C3: y
A4: =IF(ISBLANK(interventions!A4),"",interventions!A4) -> prison_vax_campaign | L4: y | M4: y | N4: y | O4: y
A5: =IF(ISBLANK(interventions!A5),"",interventions!A5) -> teen_vax | F5: y | G5: y
A6: =IF(ISBLANK(interventions!A6),"",interventions!A6) -> adults_vax | H6: y | I6: y
A7: =IF(ISBLANK(interventions!A7),"",interventions!A7) -> pwid_counter | B7: y | C7: y
A8: =IF(ISBLANK(interventions!A8),"",interventions!A8) -> prison_counter | L8: y | M8: y | N8: y | O8: y
A9: =IF(ISBLANK(interventions!A9),"",interventions!A9) -> status_quo | B9: y | C9: y | D9: y | E9: y | F9: y | G9: y | H9: y | I9: y | J9: y | K9: y | L9: y | M9: y | N9: y | O9: y
A10: =IF(ISBLANK(interventions!A10),"",interventions!A10)
A11: =IF(ISBLANK(interventions!A11),"",interventions!A11)
A12: =IF(ISBLANK(interventions!A12),"",interventions!A12)
A13: =IF(ISBLANK(interventions!A13),"",interventions!A13)
A14: =IF(ISBLANK(interventions!A14),"",interventions!A14)
A15: =IF(ISBLANK(interventions!A15),"",interventions!A15)
A16: =IF(ISBLANK(interventions!A16),"",interventions!A16)
A17: =IF(ISBLANK(interventions!A17),"",interventions!A17)
A18: =IF(ISBLANK(interventions!A18),"",interventions!A18)
A19: =IF(ISBLANK(interventions!A19),"",interventions!A19)
A20: =IF(ISBLANK(interventions!A20),"",interventions!A20)
A21: =IF(ISBLANK(interventions!A21),"",interventions!A21)
... A45: =IF(ISBLANK(interventions!A45),"",interventions!A45)

Sheet target_comps
A1: code | B1: ab_negative | C1: susceptible | D1: lost_to_care | E1: acute | F1: undiagnosed | G1: diagnosed_ab | H1: diagnosed_rna | I1: on_treatment
A2: =IF(ISBLANK(interventions!A2),"",interventions!A2) -> pwid_vax | B2: y | C2: y
A3: =IF(ISBLANK(interventions!A3),"",interventions!A3) -> pwid_vax_campaign | B3: y | C3: y | D3: y | E3: y | F3: y
A4: =IF(ISBLANK(interventions!A4),"",interventions!A4) -> prison_vax_campaign | B4: y | C4: y | D4: y | E4: y | F4: y
A5: =IF(ISBLANK(interventions!A5),"",interventions!A5) -> teen_vax | B5: y | C5: y
A6: =IF(ISBLANK(interventions!A6),"",interventions!A6) -> adults_vax | B6: y | C6: y
A7: =IF(ISBLANK(interventions!A7),"",interventions!A7) -> pwid_counter | B7: y | C7: y | D7: y | E7: y | F7: y
A8: =IF(ISBLANK(interventions!A8),"",interventions!A8) -> prison_counter | B8: y | C8: y | D8: y | E8: y | F8: y
A9: =IF(ISBLANK(interventions!A9),"",interventions!A9) -> status_quo | B9: y | C9: y | D9: y | E9: y | F9: y | G9: y | H9: y | I9: y
A10: =IF(ISBLANK(interventions!A10),"",interventions!A10)
A11: =IF(ISBLANK(interventions!A11),"",interventions!A11)
A12: =IF(ISBLANK(interventions!A12),"",interventions!A12)
A13: =IF(ISBLANK(interventions!A13),"",interventions!A13)
A14: =IF(ISBLANK(interventions!A14),"",interventions!A14)
A15: =IF(ISBLANK(interventions!A15),"",interventions!A15)
A16: =IF(ISBLANK(interventions!A16),"",interventions!A16)
A17: =IF(ISBLANK(interventions!A17),"",interventions!A17)
A18: =IF(ISBLANK(interventions!A18),"",interventions!A18)
A19: =IF(ISBLANK(interventions!A19),"",interventions!A19)
A20: =IF(ISBLANK(interventions!A20),"",interventions!A20)
A21: =IF(ISBLANK(interventions!A21),"",interventions!A21)
... A45: =IF(ISBLANK(interventions!A45),"",interventions!A45)

Sheet spending
A1: code | B1: unit_cost_lic | C1: unit_cost_lmc | D1: unit_cost_umc | E1: unit_cost_hic | F1: units | G1: capacity | H1: coverage | I1: saturation | J1: notes
A2: =IF(ISBLANK(interventions!A2),"",interventions!A2) -> pwid_vax | B2: 10 | C2: 20 | D2: 30 | E2: 40 | F2: one-off
A3: =IF(ISBLANK(interventions!A3),"",interventions!A3) -> pwid_vax_campaign | B3: 20 | C3: 30 | D3: 40 | E3: 50 | F3: one-off
A4: =IF(ISBLANK(interventions!A4),"",interventions!A4) -> prison_vax_campaign | B4: 10 | C4: 20 | D4: 30 | E4: 40 | F4: one-off
A5: =IF(ISBLANK(interventions!A5),"",interventions!A5) -> teen_vax | B5: 20 | C5: 30 | D5: 40 | E5: 50 | F5: one-off
A6: =IF(ISBLANK(interventions!A6),"",interventions!A6) -> adults_vax | B6: 10 | C6: 20 | D6: 30 | E6: 40 | F6: one-off
A7: =IF(ISBLANK(interventions!A7),"",interventions!A7) -> pwid_counter | B7: 10 | C7: 20 | D7: 30 | E7: 40 | F7: one-off
A8: =IF(ISBLANK(interventions!A8),"",interventions!A8) -> prison_counter | B8: 10 | C8: 20 | D8: 30 | E8: 40 | F8: one-off
A9: =IF(ISBLANK(interventions!A9),"",interventions!A9) -> status_quo | B9: 10 | C9: 20 | D9: 30 | E9: 40 | F9: one-off
A10: =IF(ISBLANK(interventions!A10),"",interventions!A10)
A11: =IF(ISBLANK(interventions!A11),"",interventions!A11)
A12: =IF(ISBLANK(interventions!A12),"",interventions!A12)
A13: =IF(ISBLANK(interventions!A13),"",interventions!A13)
A14: =IF(ISBLANK(interventions!A14),"",interventions!A14)
A15: =IF(ISBLANK(interventions!A15),"",interventions!A15)
A16: =IF(ISBLANK(interventions!A16),"",interventions!A16)
A17: =IF(ISBLANK(interventions!A17),"",interventions!A17)
A18: =IF(ISBLANK(interventions!A18),"",interventions!A18)
A19: =IF(ISBLANK(interventions!A19),"",interventions!A19)
A20: =IF(ISBLANK(interventions!A20),"",interventions!A20)
A21: =IF(ISBLANK(interventions!A21),"",interventions!A21)
... A45: =IF(ISBLANK(interventions!A45),"",interventions!A45)

Sheet effects
A1: code | B1: diagnosis_ltc | C1: diagnosis_ltc_measure | D1: diagnosis_undiag | E1: diagnosis_undiag_measure | F1: diagnosis_diag_ab | G1: diagnosis_diag_ab_measure | H1: treat | I1: treat_measure | J1: vax_uptake | K1: vax_uptake_measure | L1: vax_infx | M1: vax_infx_measure
A2: =IF(ISBLANK(interventions!A2),"",interventions!A2) -> pwid_vax | J2: Parameter: test_ab_f3f4_und_ic | K2: PROB
A3: =IF(ISBLANK(interventions!A3),"",interventions!A3) -> pwid_vax_campaign | D3: 0.8 | E3: PROB | F3: 0.8 | G3: PROB | H3: 0.8 | I3: PROB | J3: 0.8 | K3: PROB
A4: =IF(ISBLANK(interventions!A4),"",interventions!A4) -> prison_vax_campaign | D4: 0.8 | E4: PROB | F4: 0.8 | G4: PROB | H4: 0.8 | I4: PROB | J4: 0.8 | K4: PROB
A5: =IF(ISBLANK(interventions!A5),"",interventions!A5) -> teen_vax | J5: Sheet: Vaccine-School Vaccination, Column: Modelled coverage, How: Country | K5: PROB
A6: =IF(ISBLANK(interventions!A6),"",interventions!A6) -> adults_vax | J6: 0.8 | K6: PROB
A7: =IF(ISBLANK(interventions!A7),"",interventions!A7) -> pwid_counter | D7: 0.8 | E7: PROB | F7: 0.8 | G7: PROB | H7: 0.8 | I7: PROB
A8: =IF(ISBLANK(interventions!A8),"",interventions!A8) -> prison_counter | D8: 0.8 | E8: PROB | F8: 0.8 | G8: PROB | H8: 0.8 | I8: PROB
A9: =IF(ISBLANK(interventions!A9),"",interventions!A9) -> status_quo
A10: =IF(ISBLANK(interventions!A10),"",interventions!A10)
A11: =IF(ISBLANK(interventions!A11),"",interventions!A11)
A12: =IF(ISBLANK(interventions!A12),"",interventions!A12)
A13: =IF(ISBLANK(interventions!A13),"",interventions!A13)
A14: =IF(ISBLANK(interventions!A14),"",interventions!A14)
A15: =IF(ISBLANK(interventions!A15),"",interventions!A15)
A16: =IF(ISBLANK(interventions!A16),"",interventions!A16)
A17: =IF(ISBLANK(interventions!A17),"",interventions!A17)
A18: =IF(ISBLANK(interventions!A18),"",interventions!A18)
A19: =IF(ISBLANK(interventions!A19),"",interventions!A19)
A20: =IF(ISBLANK(interventions!A20),"",interventions!A20)
... A45: =IF(ISBLANK(interventions!A45),"",interventions!A45)

Sheet scenarios
A1: scenario_name | B1: description | C1: programs | D1: start_year | E1: end_year | F1: counterfactual
A2: counter_0 | B2: Status-quo | C2: status_quo | D2: 2027 | E2: 2050
A3: counter_1 | B3: PWID Counterfactual | C3: pwid_counter | D3: 2027 | E3: 2028
A4: counter_2 | B4: PWID + Prison Counterfactual | C4: pwid_counter | D4: 2027 | E4: 2028
A5: counter_2 | B5: PWID + Prison Counterfactual | C5: prison_counter | D5: 2027 | E5: 2050
A6: scenario_0 | B6: PWID | C6: pwid_vax | D6: 2027 | E6: 2050 | F6: counter_0
A7: scenario_1 | B7: PWID + Campaign | C7: pwid_vax | D7: 2028 | E7: 2050 | F7: counter_1
A8: scenario_1 | B8: PWID + Campaign | C8: pwid_vax_campaign | D8: 2027 | E8: 2028
A9: scenario_2 | B9: PWID + Campaign + Prison | C9: pwid_vax | D9: 2028 | E9: 2050 | F9: counter_2
A10: scenario_2 | B10: PWID + Campaign + Prison | C10: pwid_vax_campaign | D10: 2027 | E10: 2028
A11: scenario_2 | B11: PWID + Campaign + Prison | C11: prison_vax_campaign | D11: 2027 | E11: 2050
A12: scenario_3 | B12: PWID + Campaign + Prison + Schools | C12: pwid_vax | D12: 2028 | E12: 2050 | F12: counter_2
A13: scenario_3 | B13: PWID + Campaign + Prison + Schools | C13: pwid_vax_campaign | D13: 2027 | E13: 2028
A14: scenario_3 | B14: PWID + Campaign + Prison + Schools | C14: prison_vax_campaign | D14: 2027 | E14: 2050
A15: scenario_3 | B15: PWID + Campaign + Prison + Schools | C15: teen_vax | D15: 2027 | E15: 2050
A16: scenario_4 | B16: PWID + Campaign + Prison + Schools + Adults | C16: pwid_vax | D16: 2028 | E16: 2050 | F16: counter_2
A17: scenario_4 | B17: PWID + Campaign + Prison + Schools + Adults | C17: pwid_vax_campaign | D17: 2027 | E17: 2028
A18: scenario_4 | B18: PWID + Campaign + Prison + Schools + Adults | C18: prison_vax_campaign | D18: 2027 | E18: 2050
A19: scenario_4 | B19: PWID + Campaign + Prison + Schools + Adults | C19: teen_vax | D19: 2027 | E19: 2050
A20: scenario_4 | B20: PWID + Campaign + Prison + Schools + Adults | C20: adults_vax | D20: 2027 | E20: =D20+5 -> 2032
